tool	family	class_label	rescued_class	dominant_path	dominant_frac	n_copies	n_full_len	frac_full_len	cons_len	cons_completeness	cov_ge3	div_median	frac_agree_class	frac_conflictfree	frac_tandemtool	frac_support_ge2	n_gates_passed	rank_score
pantera	Unknown_239-fGobNig	Unknown	repeat:TE:ClassII:TIR:CACTA	repeat:TE:ClassII:TIR:CACTA	0.6150336174258559	2831	1110.0	0.3920876015542211	870.0	ok	1.0	2.700000047683716	0.9507439416656881	0.9959288699322134	0.03490664840382244	0.9999606326202182	6	5.991995790384559
pantera	Unknown_572-fGobNig	Unknown	repeat:TE:ClassI:LINE:Jockey	repeat:TE:ClassI:LINE:Jockey	0.9359040141734734	22991	12697.0	0.5522595798355878	264.0	len_inconsistent	1.0	8.199999809265137	0.9403683433644141	0.9134821450227475	0.008146788148425345	0.999852089202122	6	5.957551607976676
pantera	Unknown_578-fGobNig	DNA	repeat:TE:ClassII	repeat:TE:ClassII	0.9993252338443425	1689	762.0	0.4511545293072824	248.0	ok	1.0	9.5	0.9764013863893888	0.9717089915350263	0.011457708458308338	0.9963340665200293	6	5.830065349264015
rm2	rnd-3_family-1268	Unknown	repeat:TE:ClassII:Helitron	repeat:TE:ClassII:Helitron	0.6455789306520231	1610	1297.0	0.8055900621118013	86.0	ok	1.0	3.5999999046325684	0.6840152235965747	0.9856010149064384	0.023033618775769107	0.9630431335236282	6	5.7825562145870935
rm2	rnd-1_family-286	Unknown	repeat:TE:ClassI:LINE:Jockey	repeat:TE:ClassI:LINE:Jockey	0.916455203492759	31453	14783.0	0.47000286141226594	269.0	len_inconsistent	1.0	6.599999904632568	0.8048712220411972	0.7961378281602172	0.01050380839400926	0.9990631501361494	6	5.770771627104329
pantera	Unknown_548-fGobNig	DNA	repeat:TE:ClassII	repeat:TE:ClassII	0.9991080878864192	2880	659.0	0.22881944444444444	298.0	ok	1.0	13.399999618530273	0.9401309694397606	0.9348170627475726	0.022055456251015616	0.9903345144359725	6	5.693833446781342
pantera	Unknown_571-fGobNig	Unknown	repeat:TE:ClassI:LINE:Jockey	repeat:TE:ClassI:LINE:Jockey	0.8632762562747056	3992	816.0	0.20440881763527055	264.0	ok	1.0	8.0	0.8974614034662073	0.8801061050860891	0.010159238501912641	0.9992252387768801	6	5.6892576673061575
pantera	Unknown_565-fGobNig	DNA	repeat:TE:ClassII	repeat:TE:ClassII	0.9949420204845915	1231	478.0	0.388302193338749	270.0	ok	1.0	5.699999809265137	0.9904376527901579	0.9797721275450317	0.012307054161628821	0.998217264294981	6	5.649637676947308
rm2	rnd-1_family-608	Unknown	repeat:TE:ClassII	repeat:TE:ClassII	0.9974100609447382	8791	4855.0	0.5522693663974519	496.0	len_inconsistent	1.0	2.200000047683716	0.9843906462801271	0.9685213053508657	0.004717724106127918	0.9997767019831774	6	5.639101185875016
pantera	Unknown_498-fGobNig	DNA	repeat:TE:ClassII	repeat:TE:ClassII	0.9987939206060549	3195	1072.0	0.3355242566510172	355.0	ok	1.0	8.899999618530273	0.8146040735660663	0.7841747415306107	0.01752724805687064	0.9984528708169255	6	5.628973600453428
rm2	rnd-1_family-117	Unknown		repeat:TE:ClassII	0.47031620495147203	1952	670.0	0.3432377049180328	251.0	ok	1.0	8.300000190734863	0.8083161912949147	0.9560993248936511	0.04134557326046688	0.9704099420411477	6	5.590490318889392
rm2	rnd-2_family-167	Unknown	repeat:TE:ClassII	repeat:TE:ClassII	0.9907543378066181	3990	1819.0	0.45588972431077696	476.0	ok	1.0	6.800000190734863	0.6706345430560767	0.6589889603316391	0.00848736828403682	0.9993248165320232	6	5.589456202451199
pantera	Unknown_426-fGobNig	Unknown	repeat:TE:ClassI:LTR	repeat:TE:ClassI:LTR	0.9697580057845565	660	410.0	0.6212121212121212	468.0	ok	1.0	2.200000047683716	0.9756136991071207	0.9961325142388141	0.0031876704719742003	0.9999419669875064	6	5.584530070065671
rm2	rnd-1_family-63	Unknown	repeat:TE:ClassI:LTR	repeat:TE:ClassI:LTR	0.9439647604593001	742	415.0	0.5592991913746631	465.0	ok	1.0	2.5	0.9498808167455389	0.9966558695322495	0.005249507129608387	0.9999844459048012	6	5.564584782989881
rm2	rnd-1_family-200	Unknown	repeat:TE:ClassI:LTR:Gypsy	repeat:TE:ClassI:LTR:Gypsy	0.9614276365604881	1252	395.0	0.31549520766773165	427.0	ok	1.0	9.100000381469727	0.9491784154917842	0.9947771889477719	0.0028663800286638005	0.9780155317801553	6	5.540552700066017
pantera	Unknown_390-fGobNig	DNA	repeat:TE:ClassII	repeat:TE:ClassII	0.9990517119343434	8551	5132.0	0.6001637235411063	497.0	len_inconsistent	1.0	2.4000000953674316	0.8959792049573306	0.8752793026061717	0.007535052018198415	0.9999336159194532	6	5.481545155266393
pantera	Unknown_546-fGobNig	Unknown	repeat:TE:ClassI:LTR	repeat:TE:ClassI:LTR	0.9939752734189253	1183	311.0	0.2628909551986475	300.0	ok	1.0	9.300000190734863	0.9841223611646107	0.9888057948684222	0.07943047191349036	0.9990839823748814	6	5.46568854505987
pantera	Unknown_291-fGobNig	Unknown	repeat:TE:ClassI:LINE:Jockey	repeat:TE:ClassI:LINE:Jockey	0.975763092765909	1485	1295.0	0.8720538720538721	716.0	ok	1.0	1.600000023841858	0.9879489781542049	0.3230263950456456	0.00770697762740658	0.9999714140450964	6	5.423245141617121
pantera	Unknown_488-fGobNig	Unknown	repeat:TE:ClassI:LINE:Jockey	repeat:TE:ClassI:LINE:Jockey	0.7684254938868416	4643	740.0	0.15937971139349558	375.0	ok	1.0	12.5	0.7615796970969159	0.7804061842510781	0.014556674812353941	0.9989383103725257	6	5.41121760107897
pantera	Unknown_567-fGobNig	DNA	repeat:TE:ClassII	repeat:TE:ClassII	0.993620643026456	817	278.0	0.3402692778457772	268.0	ok	1.0	6.400000095367432	0.9903323262839879	0.9767991323882562	0.0046866527229065	0.997079556898288	6	5.411176254590321
rm2	rnd-2_family-440	Unknown		repeat:TE:ClassII:TIR:CACTA	0.36375960615467523	1687	347.0	0.20569057498518079	480.0	ok	1.0	10.5	0.8748287508647233	0.9946339676898661	0.0037220406114781006	0.9719083596706591	6	5.409792193345463
rm2	rnd-4_family-1024	DNA/hAT-Tip100		repeat:TE:ClassII:TIR:hAT	0.906064209274673	367	293.0	0.7983651226158038	49.0	ok	1.0	9.5	0.9973311817279047	0.9312313803376365	0.0004344587884806355	0.12096573982125124	6	5.395430182419651
pantera	Unknown_524-fGobNig	Unknown	repeat:TE:ClassI:LINE:RTE	repeat:TE:ClassI:LINE:RTE	0.9891953239112622	10036	3173.0	0.31616181745715427	326.0	len_inconsistent	1.0	5.099999904632568	0.9429610053592749	0.9473644890084016	0.012615190187017917	0.9996977906908929	6	5.3917955664680886
rm2	rnd-2_family-126	Unknown	repeat:TE:ClassII	repeat:TE:ClassII	0.9935008516134688	14260	4744.0	0.3326788218793829	499.0	len_inconsistent	1.0	7.599999904632568	0.8526321355547133	0.8544461596774278	0.03270873072328713	0.9983710478194445	6	5.383222975588348
pantera	Unknown_185-fGobNig	DNA	repeat:TE:ClassII:TIR:hAT	repeat:TE:ClassII:TIR:hAT	0.9684010060341348	1189	360.0	0.3027754415475189	1024.0	ok	1.0	7.599999904632568	0.9975693693603083	0.8113495364200666	0.01226043620600349	0.9984443963905973	6	5.365221406547662
rm2	rnd-1_family-198	Unknown	repeat:TE:ClassII	repeat:TE:ClassII	0.6832231262252288	823	265.0	0.3219927095990279	213.0	ok	1.0	8.600000381469727	0.9089801400748345	0.9912884965940708	0.16423294636860788	0.9532668137772234	6	5.323514510605714
rm2	rnd-1_family-252	DNA	repeat:TE:ClassII	repeat:TE:ClassII	0.9999063218849424	948	200.0	0.2109704641350211	720.0	ok	1.0	8.5	0.9975367671191231	0.9972051116400709	0.025191997429670036	0.9985248240671326	6	5.295771874423175
pantera	Unknown_290-fGobNig	DNA	repeat:TE:ClassII	repeat:TE:ClassII	0.999885849961189	733	198.0	0.27012278308321963	720.0	ok	1.0	5.199999809265137	0.9975066879873894	0.9970671375413973	0.02364478261199063	0.9987874470455389	6	5.2912390157903175
pantera	Unknown_407-fGobNig	DNA	repeat:TE:ClassII	repeat:TE:ClassII	0.9992148018972578	749	359.0	0.47930574098798395	487.0	ok	1.0	8.100000381469727	0.8826876896586338	0.8458987406280645	0.004876108996285973	0.9998069632226332	6	5.283680878865018
rm2	rnd-3_family-248	Unknown	repeat:TE:ClassII	repeat:TE:ClassII	0.9926230879941091	437	197.0	0.45080091533180777	509.0	ok	1.0	8.199999809265137	0.9749147349746987	0.9973094874933719	0.01819860040979582	0.9806034341675449	6	5.266690448629664
rm2	rnd-5_family-7910	SINE/tRNA		repeat:TE:ClassI:SINE:tRNA	0.6943879382553548	583	259.0	0.444253859348199	77.0	ok	1.0	20.600000381469727	0.907043847241867	0.9431966053748232	0.003536067892503536	0.2932107496463932	6	5.263540216697942
rm2	ltr-1_family-35	LTR/Unknown	repeat:TE:ClassI:LTR:Gypsy	repeat:TE:ClassI:LTR:Gypsy	0.9909568797559093	235	177.0	0.7531914893617021	423.0	ok	1.0	2.0999999046325684	0.9949065386396315	0.9944800526405576	2.437062851850949e-05	0.999951258742963	6	5.237359857641996
pantera	Unknown_315-fGobNig	Unknown	repeat:TE:ClassI:LTR	repeat:TE:ClassI:LTR	0.9989627968183793	359	173.0	0.4818941504178273	654.0	ok	1.0	8.0	0.9895192979532182	0.9914551829795963	0.0021410119165902785	0.997391042365113	6	5.21902058406161
rm2	rnd-1_family-327	Unknown	repeat:TE:ClassII	repeat:TE:ClassII	0.9934981171902485	381	170.0	0.4461942257217848	294.0	ok	1.0	4.099999904632568	0.9912196885571882	0.9951708287064536	0.00785063140769052	0.9958035276192444	6	5.216839438641916
rm2	rnd-5_family-982	DNA/hAT-Tag1		repeat:TE:ClassII:TIR:hAT	0.9259259259259259	363	210.0	0.5785123966942148	74.0	ok	1.0	14.5	0.9924387355379429	0.896647535756582	0.027967568552427803	0.15500592147216907	6	5.211305566028444
rm2	ltr-1_family-186	LTR/Unknown	repeat:TE:ClassI:LTR	repeat:TE:ClassI:LTR	0.9965999911688083	416	174.0	0.4182692307692308	324.0	ok	1.0	9.100000381469727	0.9844905827945111	0.9859852054023026	0.011859505474867596	0.9951370612253739	6	5.2110250364794135
rm2	rnd-1_family-291	Unknown	repeat:TE:ClassII:Helitron	repeat:TE:ClassII:Helitron	0.9183167642652866	885	230.0	0.2598870056497175	317.0	ok	1.0	9.800000190734863	0.8557831548981991	0.9904635187821028	0.017265919920787177	0.9183798502382573	6	5.207974509697895
pantera	Unknown_287-fGobNig	Unknown		repeat:TE:ClassI:LINE:Jockey	0.5714339645541608	10458	2126.0	0.20328934786766112	722.0	len_inconsistent	1.0	17.0	0.8905576220472116	0.9785327534143042	0.005843398437580737	0.9978228922875959	6	5.196653635648794
pantera	Unknown_183-fGobNig	DNA	repeat:TE:ClassII	repeat:TE:ClassII	0.997752609961584	2730	241.0	0.08827838827838828	1027.0	ok	1.0	14.149999618530273	0.9037376412516614	0.89453744558692	0.009979642961257394	0.998079175045828	6	5.18029212941345
rm2	rnd-1_family-120	Unknown		repeat:TE:ClassII:TIR:CACTA	0.397271017965335	12788	3005.0	0.23498592430403503	352.0	len_inconsistent	1.0	13.100000381469727	0.8083108986792548	0.8895823341734956	0.00662226820498739	0.9795694296465777	6	5.175737709191509
rm2	rnd-1_family-455	Unknown	repeat:TE:ClassII	repeat:TE:ClassII	0.9932222467165787	5464	1826.0	0.3341874084919473	297.0	len_inconsistent	1.0	8.899999618530273	0.9447762315153762	0.9565863600626963	0.022916176330667573	0.9883921819993691	6	5.162863364776353
pantera	Unknown_399-fGobNig	Unknown	repeat:TE:ClassI:LTR	repeat:TE:ClassI:LTR	0.9957840392302837	465	151.0	0.3247311827956989	492.0	ok	1.0	9.300000190734863	0.9907446765849942	0.9924770421462085	0.017917151221077114	0.9986445843525684	6	5.162198666024372
rm2	rnd-4_family-2825	Unknown	repeat:TE:ClassII:Helitron	repeat:TE:ClassII:Helitron	0.9620412947434858	246	159.0	0.6463414634146342	418.0	ok	1.0	2.450000047683716	0.9666416648656895	0.9927791408703169	0.0005975006674209583	0.9942029722480009	6	5.160817930056457
rm2	rnd-1_family-16	DNA/PIF-Harbinger		repeat:TE:ClassII:TIR:PIFHarbinger	0.9896897840185336	2955	418.0	0.14145516074450085	698.0	ok	1.0	7.699999809265137	0.9939489871077573	0.5297148390054974	0.007077807099269781	0.9529772154121566	6	5.14484010788829
rm2	ltr-1_family-121	LTR/Unknown	repeat:TE:ClassI:LTR	repeat:TE:ClassI:LTR	0.9994880109224337	229	142.0	0.6200873362445415	656.0	ok	1.0	7.199999809265137	0.9932916034931095	0.9926563386723812	0.002015907031111036	0.9999661192095611	6	5.138236286548547
pantera	Unknown_529-fGobNig	Unknown	repeat:TE:ClassI:SINE:5S	repeat:TE:ClassI:SINE:5S	0.9360293056001051	7712	1920.0	0.24896265560165975	319.0	len_inconsistent	1.0	10.100000381469727	0.9152946970532625	0.9126403495007465	0.015891905832417997	0.9858442565263392	6	5.111236275257559
rm2	rnd-1_family-78	DNA/hAT-Ac		repeat:TE:ClassII:TIR:hAT	0.9501391319676156	2312	742.0	0.3209342560553633	240.0	ok	1.0	8.800000190734863	0.9650825952305494	0.2756278738747755	0.039885350814276105	0.9451663302808405	6	5.111114374384352
rm2	rnd-1_family-587	Unknown		repeat:TE:ClassII:TIR:CACTA	0.398547968688801	6105	1512.0	0.24766584766584768	393.0	len_inconsistent	1.0	12.300000190734863	0.9398161181297899	0.9876651940809288	0.005606729963214189	0.9820466687531356	6	5.107033103375906
rm2	rnd-4_family-567	Unknown		repeat:TE:ClassII:TIR:CACTA	0.4131357977029244	552	219.0	0.3967391304347826	182.0	ok	1.0	12.0	0.7544058784873648	0.994085668200012	0.0021506661090865643	0.9343748133102335	6	5.088935661527495
rm2	rnd-2_family-485	DNA/hAT-Charlie		repeat:TE:ClassII:TIR:hAT	0.975115167065135	1966	232.0	0.11800610376398779	296.0	ok	1.0	16.700000762939453	0.9855666397052215	0.7000772894760493	0.006718792127258021	0.5465156825739192	6	5.051131914072171
rm2	rnd-2_family-33	DNA/hAT-Charlie		repeat:TE:ClassII:TIR:hAT	0.7774380260800894	1167	473.0	0.40531276778063413	433.0	ok	1.0	6.800000190734863	0.7090769353934833	0.6667104315106877	0.03235929869506044	0.9983059803058202	6	5.0506485076419825
rm2	rnd-5_family-2252	Unknown	repeat:TE:ClassII:Helitron	repeat:TE:ClassII:Helitron	0.9428134978995865	508	131.0	0.2578740157480315	482.0	ok	1.0	6.900000095367432	0.9252201711223242	0.9914517190585138	0.00229573447832764	0.9728429498229229	6	5.033943185836603
rm2	rnd-1_family-367	Unknown		repeat:TE:ClassII:TIR:CACTA	0.44490273595273094	1349	322.0	0.23869532987398073	215.0	ok	1.0	10.399999618530273	0.6353503096276137	0.8838854794368387	0.0023381744466968424	0.8943989336591597	6	5.027091660760283
rm2	rnd-1_family-261	Unknown	repeat:TE:ClassII:Helitron	repeat:TE:ClassII:Helitron	0.805374915301965	721	186.0	0.2579750346740638	358.0	ok	1.0	11.199999809265137	0.765238605979123	0.990430079912987	0.015929724912005075	0.8679094218771244	6	5.025181630110026
rm2	rnd-1_family-293	Unknown	repeat:TE:ClassII:Helitron	repeat:TE:ClassII:Helitron	0.7523581193165995	693	223.0	0.3217893217893218	199.0	ok	1.0	11.0	0.6737376162687517	0.9951665605328267	0.0010752575920493575	0.8669916798029043	6	5.017209039849739
rm2	rnd-5_family-2540	DNA/hAT-Ac		repeat:TE:ClassII:TIR:hAT	0.9906622611693722	356	273.0	0.7668539325842697	70.0	ok	1.0	14.5	0.9798473701046474	0.5937942695242883	0.005666499108897318	0.724306539322762	6	5.0098042866696915
rm2	rnd-2_family-27	Unknown	repeat:TE:ClassII	repeat:TE:ClassII	0.9910906526096963	2603	1057.0	0.4060699193238571	269.0	len_inconsistent	1.0	6.699999809265137	0.9871305580835146	0.9793338488296643	0.01219155733100047	0.9979290314957202	6	4.990539394220605
rm2	rnd-1_family-511	Unknown	repeat:TE:ClassII:TIR:CACTA	repeat:TE:ClassII:TIR:CACTA	0.6152870137547573	2811	1102.0	0.392031305585201	873.0	len_inconsistent	1.0	3.0	0.9499147402714073	0.9957780331614579	0.03468765784914961	0.9997382882287333	6	4.987874367948631
pantera	Unknown_455-fGobNig	Unknown		repeat:TE:ClassII:TIR:Mutator	0.5038269400529652	818	157.0	0.19193154034229828	434.0	ok	1.0	0.8999999761581421	0.8467103370542767	0.940262116646152	0.030503246982923275	1.0	6	4.982872106109662
rm2	rnd-1_family-568	Unknown		repeat:TE:ClassII:Helitron	0.5306876160792434	454	167.0	0.36784140969163	150.0	ok	1.0	8.199999809265137	0.7684388288673218	0.9916783657856721	0.0012411239292762822	0.9614030804288999	6	4.982833665800578
rm2	rnd-1_family-265	Unknown	repeat:TE:ClassII	repeat:TE:ClassII	0.7419068300845078	9551	1219.0	0.12763061459533034	1087.0	len_inconsistent	1.0	9.300000190734863	0.9440882136032841	0.9515895071526601	0.059276020309515266	0.9996296757033648	6	4.981681426374326
rm2	rnd-1_family-193	Unknown		repeat:TE:ClassI:LINE:Jockey	0.5651440205988365	12546	2081.0	0.16586959987246933	722.0	len_inconsistent	1.0	17.899999618530273	0.7763836513505166	0.8689985685769211	0.006139156912551806	0.9940933628991734	6	4.963654300139065
rm2	rnd-1_family-456	Unknown	repeat:TE:ClassII	repeat:TE:ClassII	0.9993512903680722	197	94.0	0.47715736040609136	261.0	ok	1.0	2.299999952316284	0.9945617133406217	0.9938889356095647	0.12468813948924957	1.0	6	4.9615785025498855
rm2	rnd-3_family-233	Unknown		repeat:TE:ClassI:LTR	0.42289850765979925	3821	1400.0	0.36639623135304894	488.0	len_inconsistent	1.0	10.899999618530273	0.8124346818951943	0.9948712736405433	0.009119739407913665	0.9981852325140104	6	4.953433991213975
pantera	Unknown_536-fGobNig	DNA	repeat:TE:ClassII	repeat:TE:ClassII	0.9993597478391489	209	95.0	0.45454545454545453	311.0	ok	1.0	3.4000000953674316	0.9846234784896095	0.9815146949805104	0.12946887629433007	0.9895975321041681	6	4.943861778758968
pantera	Unknown_495-fGobNig	Unknown	repeat:TE:ClassI:LTR	repeat:TE:ClassI:LTR	0.9895985806165447	198	90.0	0.45454545454545453	358.0	ok	1.0	10.600000381469727	0.9902588121467994	0.9937770741253821	0.0019790223629527013	0.9977131297139213	6	4.938278395711507
rm2	rnd-3_family-204	DNA/PIF-Harbinger		repeat:TE:ClassII:TIR:PIFHarbinger	0.9974456136396719	664	88.0	0.13253012048192772	906.0	ok	1.0	6.800000190734863	0.9922668728833898	0.9914268952827925	0.02574598010719714	0.9550678648569372	6	4.928176440316351
rm2	rnd-2_family-211	Unknown		repeat:TE:ClassII:TIR:Mutator	0.5997761042133116	1265	179.0	0.14150197628458497	295.0	ok	1.0	14.100000381469727	0.6830158486595498	0.9914125693241851	0.0017098138933339178	0.8163100900940398	6	4.927281448963628
rm2	rnd-4_family-258	DNA	repeat:TE:ClassII	repeat:TE:ClassII	0.9943638383870915	1089	87.0	0.07988980716253444	753.0	ok	1.0	7.800000190734863	0.9926663941948071	0.9931599281291208	0.02707496317774162	0.9645889402129907	6	4.925345574942546
rm2	rnd-1_family-497	LINE/Rex-Babar		repeat:TE:ClassI:LINE:RTE	0.9990899278291604	298	103.0	0.34563758389261745	260.0	ok	1.0	7.300000190734863	0.9812439042688874	0.9283142021156876	0.016917998349463576	0.9578925650836522	6	4.9223953310897475
pantera	Unknown_231-fGobNig	Unknown	repeat:TE:ClassI:LINE:RTE	repeat:TE:ClassI:LINE:RTE	0.7811769275452184	8973	225.0	0.025075225677031094	899.0	ok	1.0	13.699999809265137	0.9783608777212438	0.5850463626390688	0.011184048095988353	0.9994873765847674	6	4.9155897584716755
rm2	rnd-1_family-517	Unknown	repeat:TE:ClassI:LINE:Jockey	repeat:TE:ClassI:LINE:Jockey	0.8891359024840566	532	181.0	0.34022556390977443	403.0	ok	1.0	8.399999618530273	0.7855773011402389	0.8670389895926113	0.008770451682273738	0.9847861149226066	6	4.910294865602035
pantera	Unknown_286-fGobNig	DNA	repeat:TE:ClassII	repeat:TE:ClassII	0.962445334438153	1056	97.0	0.09185606060606061	723.0	ok	1.0	16.399999618530273	0.9632120235801228	0.9544638506884852	0.00738744354070556	0.9990562683533858	6	4.904447608534852
rm2	rnd-1_family-571	LINE/Dong-R4		repeat:TE:ClassI:LINE:R2	1.0	645	80.0	0.12403100775193798	1568.0	ok	1.0	2.4000000953674316	0.9993335499981487	0.9988193138856092	0.10755351140987086	1.0	6	4.901242850875701
pantera	Unknown_549-fGobNig	DNA	repeat:TE:ClassII	repeat:TE:ClassII	0.9989931186854157	2992	1009.0	0.3372326203208556	298.0	len_inconsistent	1.0	8.399999618530273	0.9504822698364273	0.9453987143081508	0.024482663378723082	0.9958750268529434	6	4.899772150381489
pantera	Unknown_500-fGobNig	Unknown	repeat:TE:ClassII:TIR:CACTA	repeat:TE:ClassII:TIR:CACTA	0.9193392542785668	404	93.0	0.2301980198019802	352.0	ok	1.0	10.649999618530273	0.9285479696798519	0.9925250587879823	0.015449087636788797	0.999986863020717	6	4.889555977021769
pantera	Unknown_425-fGobNig	Unknown		repeat:TE:ClassI:LTR	0.5277225207433576	4451	1288.0	0.28937317456751294	470.0	len_inconsistent	1.0	13.300000190734863	0.7869015485154142	0.98894019036795	0.006805733137598459	0.9989889662357342	6	4.885757601907158
rm2	ltr-1_family-468	LTR/Unknown	repeat:TE:ClassI:LTR	repeat:TE:ClassI:LTR	0.9930152022069613	178	81.0	0.4550561797752809	428.0	ok	1.0	16.799999237060547	0.9831673688242053	0.9873037150517043	0.00032554576790501724	0.9914592110302566	6	4.878956102754559
rm2	rnd-5_family-1388	DNA	repeat:TE:ClassII	repeat:TE:ClassII	0.9893960350391886	197	76.0	0.38578680203045684	92.0	ok	1.0	9.699999809265137	0.9982498858621215	0.9976411505098158	0.00616344544209405	0.16740222188403592	6	4.876704628652728
rm2	ltr-1_family-45	LTR/Unknown	repeat:TE:ClassI:LTR	repeat:TE:ClassI:LTR	1.0	92	75.0	0.8152173913043478	645.0	ok	1.0	1.2000000476837158	0.9992111698351345	0.9992111698351345	0.02632720675238621	0.9983828981620257	6	4.873483603061969
pantera	Unknown_525-fGobNig	Unknown	repeat:TE:ClassI:LTR	repeat:TE:ClassI:LTR	0.9819295051385241	2375	833.0	0.3507368421052632	324.0	len_inconsistent	1.0	8.600000381469727	0.974839382934178	0.9729440035206128	0.012553076070072396	0.9998627483872935	6	4.868428387861578
rm2	rnd-1_family-315	Unknown		repeat:TE:ClassII:TIR:PIFHarbinger	0.43977064267194116	3746	992.0	0.26481580352375866	534.0	len_inconsistent	1.0	12.800000190734863	0.8866241132089265	0.9656269357262326	0.007992357370010581	0.9983659630296665	6	4.848762721089337
rm2	rnd-2_family-627	Unknown		repeat:TE:ClassII:TIR:CACTA	0.4621982057135622	1902	155.0	0.08149316508937961	419.0	ok	1.0	15.800000190734863	0.6596727097804074	0.9974385449955113	0.002644181422097758	0.8252879338924005	6	4.84744295294621
rm2	ltr-1_family-36	LTR/Gypsy		repeat:TE:ClassI:LTR:Gypsy	1.0	83	69.0	0.8313253012048193	6523.0	ok	1.0	0.699999988079071	1.0	1.0	0.0	1.0	6	4.838849090737256
rm2	rnd-3_family-333	DNA/hAT-Tip100		repeat:TE:ClassII:TIR:hAT	0.9526973580129726	906	238.0	0.26269315673289184	169.0	ok	1.0	14.300000190734863	0.9959058883270211	0.45696422148403615	0.003427628377377653	0.6099062691746187	6	4.829447066867569
rm2	rnd-1_family-436	Unknown	repeat:TE:ClassII:TIR:CACTA	repeat:TE:ClassII:TIR:CACTA	0.6000305594628725	2069	733.0	0.3542774287095215	320.0	len_inconsistent	1.0	5.800000190734863	0.9700526801788336	0.9934874986990498	0.011149419942293171	0.9919883612013473	6	4.828644153519011
rm2	rnd-1_family-406	Unknown	repeat:TE:ClassI:LTR	repeat:TE:ClassI:LTR	0.6839157864889771	480	127.0	0.26458333333333334	302.0	ok	1.0	8.300000190734863	0.7641954146132419	0.9581696545484847	0.01883198819131967	0.8814727519462896	6	4.826168790117683
rm2	rnd-1_family-20	Unknown	repeat:TE:ClassII	repeat:TE:ClassII	0.9567418162442972	1751	772.0	0.440890919474586	258.0	len_inconsistent	1.0	9.899999618530273	0.9553066348185104	0.9814497332074817	0.012578737503130237	0.9826311970668875	6	4.824373668361728
rm2	rnd-3_family-30	Unknown	repeat:TE:ClassII:Helitron	repeat:TE:ClassII:Helitron	0.6303587564221749	6610	1330.0	0.20121028744326777	669.0	len_inconsistent	1.0	5.699999809265137	0.723221135690577	0.9566135988710671	0.038285333810347225	0.997466360582752	6	4.80368637552873
pantera	Unknown_368-fGobNig	Unknown		repeat:TE:ClassII:TIR:PIFHarbinger	0.487915132882974	2119	863.0	0.4072675790467202	527.0	len_inconsistent	1.0	7.900000095367432	0.8954068645276791	0.9684103051833618	0.005608548490866877	0.9997118800525889	6	4.799827965426251
rm2	rnd-1_family-391	DNA/hAT-Tip100		repeat:TE:ClassII:TIR:hAT	0.997729613332085	546	146.0	0.2673992673992674	242.0	ok	1.0	7.699999809265137	0.99073347377697	0.640739669819764	0.011345642805017419	0.9475264020267944	6	4.795825999381171
pantera	Unknown_526-fGobNig	Unknown	repeat:TE:ClassI:SINE:5S	repeat:TE:ClassI:SINE:5S	0.8899055967159185	3802	889.0	0.23382430299842188	322.0	len_inconsistent	1.0	8.800000190734863	0.9124137271647412	0.9336474996070221	0.019227559339667435	0.9885104596950491	6	4.794962987741977
rm2	rnd-1_family-351	DNA/hAT-Ac		repeat:TE:ClassII:TIR:hAT	0.5510603358692445	559	82.0	0.14669051878354203	1015.0	ok	1.0	4.699999809265137	0.9985986625635507	0.8742663998520188	0.018402363215452827	0.9995739934193194	6	4.786678914799286
rm2	rnd-1_family-445	Unknown	repeat:TE:ClassII:Helitron	repeat:TE:ClassII:Helitron	0.6475085888461241	847	119.0	0.14049586776859505	324.0	ok	1.0	9.300000190734863	0.707761291177995	0.9956667430059183	0.0011089280763713946	0.9375926617889903	6	4.778974995576444
rm2	ltr-1_family-199	LTR/Unknown	repeat:TE:ClassI:LTR	repeat:TE:ClassI:LTR	0.996303025242506	1816	648.0	0.3568281938325991	324.0	len_inconsistent	1.0	8.0	0.9821784476705999	0.9832599143886033	0.01272563585713315	1.0	6	4.777013367929796
rm2	rnd-1_family-578	Unknown	repeat:TE:ClassII:Helitron	repeat:TE:ClassII:Helitron	0.9122983009370262	2765	745.0	0.2694394213381555	466.0	len_inconsistent	1.0	7.699999809265137	0.9216829036482476	0.9823609880299404	0.038802322474775865	0.9912695504402453	6	4.776200164426481
rm2	rnd-4_family-325	Unknown		repeat:TE:ClassII:Helitron	0.35319616229337647	304	142.0	0.46710526315789475	94.0	ok	1.0	11.75	0.6275535291225247	0.9951276205802154	0.018684904563944393	0.7782843860354923	6	4.774969494085797
rm2	rnd-1_family-430	DNA/hAT		repeat:TE:ClassII:TIR:hAT	0.9865654362867835	1301	292.0	0.22444273635664874	263.0	ok	1.0	13.699999809265137	0.9793581774496357	0.32579935992840536	0.005427962763008142	0.8548554975146156	6	4.7705403888264595
pantera	Unknown_443-fGobNig	Unknown		repeat:TE:ClassII:TIR:PIFHarbinger	0.38311136520146044	2794	959.0	0.3432355046528275	448.0	len_inconsistent	1.0	10.699999809265137	0.7809215761245853	0.9957889406731495	0.01338496832663353	0.9983698291808327	6	4.7585291239683984
pantera	Unknown_266-fGobNig	Unknown	repeat:TE:ClassII:TIR:hAT	repeat:TE:ClassII:TIR:hAT	0.9595026595117547	1970	98.0	0.049746192893401014	798.0	ok	1.0	15.600000381469727	0.981129700859743	0.7861103900700852	0.024022465016400405	0.9922442205284313	6	4.758466166622323
rm2	rnd-1_family-605	Unknown		repeat:TE:ClassII:TIR:PIFHarbinger	0.3807869174330888	2894	975.0	0.3369039391845197	448.0	len_inconsistent	1.0	8.399999618530273	0.7729350889374477	0.9961772724487921	0.016078430371474668	0.9919371719729614	6	4.758116977084777
rm2	ltr-1_family-351	LTR/Unknown	repeat:TE:ClassI:LINE:Jockey	repeat:TE:ClassI:LINE:Jockey	0.9270138824366191	6852	4357.0	0.6358727378867484	412.0	len_inconsistent	1.0	3.4000000953674316	0.8503282961347138	0.26722564832012285	0.011215446933484237	0.9999837339420834	6	4.7567415043905905
rm2	ltr-1_family-445	LINE/RTE-BovB		repeat:TE:ClassI:LINE:RTE	0.9994822032587571	2332	626.0	0.2684391080617496	225.0	len_inconsistent	1.0	6.699999809265137	0.9751745860252763	0.9746539863990625	0.010967444008312168	0.9971051175596729	6	4.746402905634769
pantera	Gypsy_9-fGobNig	LTR/Gypsy		repeat:TE:ClassI:LTR:Gypsy	0.9998628075865156	122	55.0	0.45081967213114754	7359.0	ok	1.0	1.2999999523162842	0.9990069736511018	0.998971026995938	4.493331895467127e-06	0.999966300010784	6	4.738340690141284
rm2	ltr-1_family-349	LTR/Unknown	repeat:TE:ClassI:LTR	repeat:TE:ClassI:LTR	0.9638903315747752	110	61.0	0.5545454545454546	503.0	ok	1.0	6.849999904632568	0.973925855763412	0.9732943931381062	0.20617254716236483	0.9892388244270792	6	4.732550083912285
pantera	Unknown_280-fGobNig	Unknown		repeat:TE:ClassII:TIR:hAT	0.3572541005151929	1454	65.0	0.04470426409903714	752.0	ok	1.0	9.600000381469727	0.9258333819459298	0.992688665487001	0.04130126198300504	0.9936673990964539	6	4.7314354040757856
pantera	Unknown_389-fGobNig	DNA	repeat:TE:ClassII	repeat:TE:ClassII	0.9994865047530304	5735	1453.0	0.25335658238884046	499.0	len_inconsistent	1.0	9.300000190734863	0.7854154292548867	0.7831259697187996	0.029956995963716634	0.999380381372136	6	4.730807013271708
pantera	Unknown_420-fGobNig	Unknown		repeat:TE:ClassII:TIR:CACTA	0.49023136538054807	1894	576.0	0.3041182682154171	474.0	len_inconsistent	1.0	18.200000762939453	0.9719207230727968	0.9945777042551236	0.006125637462042992	0.9986383304355655	6	4.726920910751132
rm2	rnd-3_family-28	Unknown	repeat:TE:ClassII:TIR:CACTA	repeat:TE:ClassII:TIR:CACTA	0.8460989109087663	329	101.0	0.3069908814589666	386.0	ok	1.0	6.699999809265137	0.7293219615029555	0.9930280942998471	0.016079474213593837	0.8558772062774708	6	4.726671429585445
rm2	rnd-3_family-131	DNA/hAT-Ac		repeat:TE:ClassII:TIR:hAT	0.8767701906898485	1649	360.0	0.2183141297756216	473.0	ok	1.0	8.5	0.9699308533828107	0.18986170676562136	0.02228761748334702	0.95475813892184	6	4.71609506091572
rm2	rnd-4_family-2735	Unknown		repeat:TE:ClassII:TIR:CACTA	0.4955126143228203	1997	579.0	0.2899349023535303	484.0	len_inconsistent	1.0	12.399999618530273	0.9581554351915091	0.9944156114521967	0.006899221691825025	0.9877665732891647	6	4.715249610371142
rm2	rnd-4_family-2913	Unknown	repeat:TE:ClassII:TIR:CACTA	repeat:TE:ClassII:TIR:CACTA	0.7398161080074488	216	83.0	0.38425925925925924	129.0	ok	1.0	10.0	0.8108402695204122	0.9790923503765359	0.00039635354736424893	0.8722750693618708	6	4.709010712273022
rm2	rnd-4_family-3249	Unknown		repeat:TE:ClassII:TIR:Mutator	0.38333158023912206	561	116.0	0.20677361853832443	213.0	ok	1.0	7.699999809265137	0.6571653730633122	0.984447021738484	0.01103280102298748	0.8637107086567342	6	4.706070384028715
rm2	rnd-4_family-877	DNA/hAT-Tip100		repeat:TE:ClassII:TIR:hAT	0.9497471399813424	904	77.0	0.08517699115044247	1204.0	ok	1.0	13.600000381469727	0.9087276872703168	0.9044226643793957	0.030994707954094324	0.9857336931778863	6	4.699641076822195
rm2	rnd-3_family-81	Unknown	repeat:TE:ClassI:LTR	repeat:TE:ClassI:LTR	0.8506053303913599	717	90.0	0.12552301255230125	621.0	ok	1.0	14.600000381469727	0.7480996129272957	0.9920545166254722	0.026022478198013337	0.8110980273282656	6	4.694396638992092
rm2	ltr-1_family-245	LTR/Unknown	repeat:TE:ClassI:LTR	repeat:TE:ClassI:LTR	0.9988804438418192	286	50.0	0.17482517482517482	760.0	ok	1.0	13.850000381469727	0.9961135435627491	0.994108820780243	0.03392040143651301	0.9945884783785114	6	4.689192368679011
rm2	rnd-2_family-92	Unknown		repeat:TE:ClassII:TIR:Mutator	0.5926095815819938	4169	690.0	0.16550731590309425	244.0	len_inconsistent+weak_5p	1.0	15.300000190734863	0.8816492716722104	0.9426849674188226	0.01833651846846716	0.9866659320072731	6	4.663183329828288
rm2	rnd-5_family-17738	Unknown	repeat:TE:ClassII	repeat:TE:ClassII	1.0	75	46.0	0.6133333333333333	427.0	ok	1.0	0.0	0.9973115137346581	0.9968049873368401	0.0	1.0	6	4.656874332753072
rm2	rnd-4_family-1113	Unknown	repeat:TE:ClassI:LTR:Gypsy	repeat:TE:ClassI:LTR:Gypsy	0.9761985011301003	241	47.0	0.1950207468879668	1165.0	ok	1.0	10.199999809265137	0.9879105300464677	0.9965838387020556	0.004006852012286367	0.9965247696306214	6	4.656592226684241
pantera	Unknown_460-fGobNig	DNA	repeat:TE:ClassII	repeat:TE:ClassII	1.0	47	46.0	0.9787234042553191	428.0	ok	1.0	0.0	0.9967824644311498	0.9961289025187271	0.0	1.0	6	4.6556691986314505
rm2	rnd-5_family-8903	LINE/L2		repeat:TE:ClassI:LINE:Jockey	0.9998392127857992	276	49.0	0.17753623188405798	176.0	ok	1.0	13.25	0.9847128898799918	0.9799888500924269	0.01710630556615123	0.932455033596432	6	4.654897820000932
rm2	ltr-1_family-434	LTR/Unknown	repeat:TE:ClassI:LTR:Gypsy	repeat:TE:ClassI:LTR:Gypsy	0.9696128787617636	198	49.0	0.2474747474747475	680.0	ok	1.0	8.449999809265137	0.9788787965279293	0.9775356357347929	0.0035929551216399994	0.9965581504675879	6	4.646610512291236
rm2	ltr-1_family-91	LTR/Unknown	repeat:TE:ClassI:LTR	repeat:TE:ClassI:LTR	0.9977865495997343	84	45.0	0.5357142857142857	497.0	ok	1.0	4.350000381469727	0.996036551800066	0.9972109068222688	0.0022753128555176336	0.997577892766707	6	4.646459972397679
rm2	ltr-1_family-285	LTR/Unknown	repeat:TE:ClassI:LTR	repeat:TE:ClassI:LTR	0.9800053831660707	131	46.0	0.3511450381679389	358.0	ok	1.0	12.699999809265137	0.9883561643835617	0.9941400304414003	0.00106544901065449	0.9954718417047184	6	4.645254026506536
rm2	rnd-1_family-306	Unknown	repeat:TE:ClassII	repeat:TE:ClassII	0.9960761651238245	3991	1566.0	0.39238286143823603	355.0	len_inconsistent	1.0	8.800000190734863	0.7286394140093864	0.7139414009386377	0.011353568138953463	0.9995098469231106	6	4.637372572669949
rm2	rnd-4_family-2385	DNA/hAT-Ac		repeat:TE:ClassII:TIR:hAT	0.9825043739065233	198	45.0	0.22727272727272727	288.0	ok	1.0	9.300000190734863	0.9906297732346375	0.992186582070262	0.003554223945482317	0.1253377981435789	6	4.636028869080244
rm2	rnd-4_family-3183	DNA/hAT-Ac		repeat:TE:ClassII:TIR:hAT	0.9629940973300927	157	44.0	0.2802547770700637	714.0	ok	1.0	5.699999809265137	0.998610634957868	0.9929449125782646	0.021237437072589814	0.9944244961296259	6	4.63500822402232
rm2	ltr-1_family-163	LTR/Unknown	repeat:TE:ClassI:LTR	repeat:TE:ClassI:LTR	1.0	74	44.0	0.5945945945945946	358.0	ok	1.0	6.699999809265137	0.9962080994994691	0.9935284898124274	0.003134637747105516	1.0	6	4.633189265798084
rm2	rnd-2_family-209	Unknown	repeat:TE:ClassI:SINE:5S	repeat:TE:ClassI:SINE:5S	0.9324215034656369	4726	524.0	0.1108760050782903	862.0	len_inconsistent	1.0	7.5	0.9168800131834702	0.9948052162964791	0.011931316326748723	0.9737164905767837	6	4.631016516463676
rm2	rnd-1_family-282	Unknown	repeat:TE:ClassII:TIR:CACTA	repeat:TE:ClassII:TIR:CACTA	0.6722924105099332	1798	577.0	0.32091212458286983	196.0	len_inconsistent	1.0	14.300000190734863	0.8793562910180335	0.9904494707484006	0.0038814542625650703	0.913540399400816	6	4.630981574922165
pantera	Unknown_294-fGobNig	Unknown	repeat:TE:ClassI:LTR	repeat:TE:ClassI:LTR	0.9926684881602914	226	45.0	0.19911504424778761	715.0	ok	1.0	12.649999618530273	0.9823641848102022	0.9847982558313174	0.00455455007018487	0.9989845593286145	6	4.620374954416864
rm2	rnd-1_family-131	Unknown	repeat:TE:ClassII	repeat:TE:ClassII	0.9911853078971476	1459	480.0	0.3289924605894448	223.0	len_inconsistent	1.0	9.5	0.9622387793465882	0.974208391077448	0.005639484625200675	0.9893567877349213	6	4.617688407799624
rm2	rnd-5_family-453	Unknown	repeat:TE:ClassII:TIR:hAT	repeat:TE:ClassII:TIR:hAT	0.9282955499580184	206	48.0	0.23300970873786409	617.0	ok	1.0	6.350000381469727	0.9321775363666803	0.998102607983928	0.013337549760035716	0.9988652851668589	6	4.611521381726195
rm2	rnd-5_family-8656	LINE/L2		repeat:TE:ClassI:LINE:Jockey	0.9996929891888335	161	44.0	0.2732919254658385	529.0	ok	1.0	4.800000190734863	0.9846186485626393	0.9825607298186061	0.033181287790389306	0.984894452105654	6	4.610632054867433
rm2	ltr-1_family-37	LTR/Unknown	repeat:TE:ClassI:LTR:Gypsy	repeat:TE:ClassI:LTR:Gypsy	0.9821500768173365	179	41.0	0.22905027932960895	816.0	ok	1.0	8.199999809265137	0.9990915881058603	0.998607101762319	0.10729353816339302	1.0	6	4.610482546587915
pantera	Unknown_281-fGobNig	Unknown	repeat:TE:ClassI:LTR	repeat:TE:ClassI:LTR	0.9747737213633018	359	44.0	0.12256267409470752	751.0	ok	1.0	16.899999618530273	0.973768299026529	0.990031741313602	0.011040456905062687	0.9904882217433306	6	4.607252716826318
pantera	Unknown_324-fGobNig	Unknown	repeat:TE:ClassI:LTR	repeat:TE:ClassI:LTR	0.9998179501183324	48	41.0	0.8541666666666666	636.0	ok	1.0	1.2000000476837158	0.9971704273380251	0.9963360661684684	3.627657258942175e-05	1.0	6	4.606290350226229
rm2	ltr-1_family-39	LTR/Unknown	repeat:TE:ClassI:LTR	repeat:TE:ClassI:LTR	0.9999641255605382	49	41.0	0.8367346938775511	641.0	ok	1.0	1.600000023841858	0.9969663442663906	0.995146150826225	7.138013490845498e-05	0.9997144794603662	6	4.604896351812351
rm2	rnd-3_family-126	Unknown		repeat:TE:ClassI:LTR	0.5565230115234867	2742	656.0	0.23924142961342085	463.0	len_inconsistent	1.0	10.5	0.7943961269230655	0.9921112259086456	0.006645685514966191	0.9947775392503357	6	4.603411192207372
pantera	Unknown_590-fGobNig	DNA	repeat:TE:ClassII	repeat:TE:ClassII	0.9987923859936902	1384	479.0	0.34609826589595377	222.0	len_inconsistent	1.0	10.399999618530273	0.9596213634556333	0.9580261462330358	0.005485056215838159	0.9940215282468419	6	4.597983023103232
pantera	Rex-Babar_1-fGobNig	LINE/Rex-Babar		repeat:TE:ClassI:LINE:RTE	0.9995990031764826	4515	41.0	0.009080841638981174	3207.0	ok	1.0	7.0	0.9949758348767178	0.9873688583186815	0.05715444977766983	0.9986530462408122	6	4.595128549915135
pantera	Unknown_165-fGobNig	DNA		repeat:TE:ClassII:TIR:hAT	0.5931579325369275	679	41.0	0.060382916053019146	1060.0	ok	1.0	6.900000095367432	0.9942822395897165	0.9879092700310164	0.019840110112846813	0.9965778284766151	6	4.594975366340469
rm2	rnd-1_family-137	DNA/hAT-Ac		repeat:TE:ClassII	0.5645613443833392	10119	3187.0	0.3149520703626841	511.0	len_inconsistent	1.0	7.0	0.9971461649742133	0.092257792202759	0.07460558942967692	0.9997399839198727	6	4.592786020650705
pantera	Unknown_135-fGobNig	Unknown		repeat:TE:ClassI:LTR	0.5690385599459736	1294	110.0	0.08500772797527048	1181.0	ok	1.0	10.300000190734863	0.602138324727293	0.9464827939375835	0.01622618840498833	0.9965170977346364	6	4.590013803823101
rm2	rnd-4_family-355	Unknown	repeat:TE:ClassII:TIR:Mutator	repeat:TE:ClassII:TIR:Mutator	0.8179734945847746	630	52.0	0.08253968253968254	629.0	ok	1.0	10.5	0.8745223495956633	0.9945549873569068	0.03344562662077991	0.9326240275320521	6	4.585080680587369
rm2	rnd-4_family-2477	Unknown	repeat:TE:ClassII:TIR:Mutator	repeat:TE:ClassII:TIR:Mutator	0.8076882234257194	212	85.0	0.4009433962264151	180.0	ok	1.0	6.0	0.6612841541664896	0.9935834785195258	0.012450601283304295	0.8067394722304848	6	4.584286558400308
rm2	rnd-5_family-2134	LINE/Rex-Babar		repeat:TE:ClassI:LINE:RTE	0.9990046697577201	205	39.0	0.1902439024390244	1369.0	ok	1.0	2.4000000953674316	0.9962573003208028	0.9957226289380604	0.011943736119108333	0.9959940774862219	6	4.583044536285362
rm2	rnd-2_family-212	Unknown		repeat:TE:ClassI:SINE:5S	0.5705484281418927	2696	584.0	0.2166172106824926	481.0	len_inconsistent+weak_3p	1.0	6.5	0.8674818162047218	0.9474859845830413	0.019626114588115893	0.9842749438175096	6	4.581380647900163
rm2	rnd-1_family-116	Unknown		repeat:TE:ClassII:TIR:hAT	0.5874142875795217	1725	476.0	0.27594202898550724	486.0	len_inconsistent	1.0	7.900000095367432	0.950367803928931	0.9516137290710177	0.008634005222645116	0.9960958167636668	6	4.579588485720442
pantera	Unknown_167-fGobNig	DNA	repeat:TE:ClassII	repeat:TE:ClassII	0.9996498474335246	448	39.0	0.08705357142857142	1057.0	ok	1.0	10.350000381469727	0.9947949861907797	0.9931166347992352	0.0161744918915091	0.9978825862191063	6	4.578976228016514
rm2	rnd-1_family-307	Unknown		repeat:TE:ClassII:TIR:hAT	0.30011117179190383	6313	635.0	0.10058609219071757	316.0	len_inconsistent	1.0	18.299999237060547	0.8415109236538921	0.9338077478469545	0.00298257825242315	0.9735598749207867	6	4.578092396792822
rm2	rnd-2_family-46	Unknown	repeat:TE:ClassI:LINE:Jockey	repeat:TE:ClassI:LINE:Jockey	0.9043102897620112	11577	2306.0	0.19918804526215772	399.0	len_inconsistent	1.0	6.0	0.620475296379442	0.5929441398148476	0.016415809394853625	0.9983060624359704	6	4.57627873915297
rm2	rnd-1_family-336	Unknown		repeat:TE:ClassII:TIR:CACTA	0.4130924551953112	1510	107.0	0.07086092715231788	286.0	ok	1.0	10.899999618530273	0.8768137707317339	0.6676423847569534	0.0070339080240070335	0.9771397989219771	6	4.573839933173897
rm2	ltr-1_family-252	LTR/Unknown	repeat:TE:ClassI:LTR:Gypsy	repeat:TE:ClassI:LTR:Gypsy	0.9958398335933437	76	38.0	0.5	432.0	ok	1.0	5.5	0.9965143299767621	0.9962561321972631	0.0011618900077459333	0.9967725277562614	6	4.5725540587908355
rm2	rnd-5_family-2182	Unknown		repeat:TE:ClassII:TIR:hAT	0.5764204112718965	277	75.0	0.27075812274368233	175.0	ok	1.0	15.0	0.6914308703231863	0.9960663358812749	0.023043225604577354	0.7375843726252738	6	4.562558469596161
pantera	Unknown_404-fGobNig	Unknown		repeat:TE:ClassI:LTR	0.34808341088878547	1318	526.0	0.3990895295902883	488.0	len_inconsistent	1.0	13.399999618530273	0.8445300417708529	0.9944016457812402	0.0077447111933359345	0.9995423032265214	6	4.559917431705832
pantera	Unknown_401-fGobNig	DNA	repeat:TE:ClassII	repeat:TE:ClassII	0.9996951518566887	4805	763.0	0.15879292403746098	491.0	len_inconsistent	1.0	12.0	0.8377067860771787	0.8340198155633268	0.027195915083483718	0.9992643688477035	6	4.554251139595386
rm2	rnd-4_family-1736	Unknown	repeat:TE:ClassI:PLE	repeat:TE:ClassI:PLE	0.9499481028716411	133	52.0	0.39097744360902253	213.0	ok	1.0	9.899999618530273	0.8476995772195971	0.9882616264610793	0.0	0.8743098731658792	6	4.5519645473154755
pantera	Unknown_580-fGobNig	Unknown		repeat:TE:ClassI:SINE:tRNA	0.5805488786030711	11329	2357.0	0.20805013681701828	247.0	len_inconsistent	1.0	13.300000190734863	0.9191674676126294	0.2600820444529712	0.01278754900504016	0.9924037093672746	6	4.5516090945899235
rm2	rnd-4_family-974	DNA	repeat:TE:ClassII	repeat:TE:ClassII	0.9988631115216542	472	37.0	0.07838983050847458	1064.0	ok	1.0	10.149999618530273	0.990335564841861	0.9893153135525709	0.01750499643610851	0.9941440371203757	6	4.547852602461427
rm2	rnd-5_family-2349	LINE/RTE-BovB		repeat:TE:ClassI:LINE:RTE	0.9992348890589136	157	38.0	0.24203821656050956	118.0	ok	1.0	19.600000381469727	0.984470550370132	0.9834245252655295	0.0	0.22690698422915997	6	4.547678672252472
rm2	ltr-1_family-357	LTR/Unknown	repeat:TE:ClassI:LTR	repeat:TE:ClassI:LTR	0.9898766556111942	213	43.0	0.20187793427230047	705.0	ok	1.0	14.399999618530273	0.9560703189522948	0.9570928540527786	0.09037637157352421	0.9500334290321312	6	4.5466316285846595
pantera	Unknown_391-fGobNig	DNA	repeat:TE:ClassII	repeat:TE:ClassII	0.9997587981857429	2319	725.0	0.3126347563605002	497.0	len_inconsistent	1.0	6.099999904632568	0.8409654418050202	0.8393115046868883	0.04112848950673671	0.9995850494641566	6	4.540614953062902
rm2	rnd-4_family-4920	Unknown	repeat:TE:ClassII:Helitron	repeat:TE:ClassII:Helitron	0.829746309003951	411	59.0	0.1435523114355231	198.0	ok	1.0	11.199999809265137	0.7850842761486955	0.9786192565227431	0.08439159547448626	0.9096744400831217	6	4.534555544313583
rm2	ltr-1_family-83	LTR/Unknown	repeat:TE:ClassI:LTR	repeat:TE:ClassI:LTR	0.9989610804763046	114	36.0	0.3157894736842105	800.0	ok	1.0	4.75	0.9881267161598698	0.9887877555171362	0.006025627987389403	0.9656259534221499	6	4.5332169724442934
rm2	ltr-1_family-1	LTR/Unknown	repeat:TE:ClassI:LTR	repeat:TE:ClassI:LTR	0.9973120344059596	151	37.0	0.24503311258278146	715.0	ok	1.0	12.5	0.9814427944968287	0.9820450567443961	0.0012233451903713322	0.9982120339525342	6	4.53168957530822
rm2	rnd-2_family-97	Unknown		repeat:TE:ClassII:TIR:CACTA	0.5041958740186429	9518	731.0	0.07680184912796806	496.0	len_inconsistent	1.0	16.0	0.6931154660081579	0.9708003027054447	0.008471367134651181	0.925415819974411	6	4.527833145671463
pantera	Unknown_398-fGobNig	DNA	repeat:TE:ClassII	repeat:TE:ClassII	0.9997135106218313	3594	1103.0	0.3069003895381191	494.0	len_inconsistent	1.0	5.599999904632568	0.742501196350227	0.7409781118175275	0.035864368065692695	0.9994541023754087	6	4.526054820607945
pantera	Unknown_159-fGobNig	DNA	repeat:TE:ClassII	repeat:TE:ClassII	0.99948278749183	1378	387.0	0.2808417997097242	1077.0	len_inconsistent	1.0	6.400000095367432	0.9876772264777962	0.9502983178721275	0.029204357365564496	0.9998383309596213	6	4.525686509368835
rm2	rnd-2_family-183	DNA/hAT-Charlie		repeat:TE:ClassII:TIR:hAT	0.9650109501434314	6062	810.0	0.13361926756845927	160.0	len_inconsistent	1.0	16.700000762939453	0.9897720631209819	0.6235092007155129	0.0285780068363353	0.5487434248977207	6	4.521766282715145
pantera	Unknown_217-fGobNig	Unknown	repeat:TE:ClassII:TIR:hAT	repeat:TE:ClassII:TIR:hAT	0.9568506559657002	1012	86.0	0.08498023715415019	941.0	ok	1.0	10.399999618530273	0.7910873865405929	0.7933285167155343	0.0130188970412873	0.9985164349546163	6	4.518914354499694
rm2	rnd-3_family-2217	DNA/hAT-Ac		repeat:TE:ClassII:TIR:hAT	0.8429116874101255	1015	191.0	0.18817733990147784	162.0	ok	1.0	12.699999809265137	0.9734304171018873	0.2610917867537446	0.0040969891186402865	0.9434230141264996	6	4.515555571103359
rm2	ltr-1_family-153	LTR/Unknown	repeat:TE:ClassI:LTR	repeat:TE:ClassI:LTR	0.997917925985627	94	34.0	0.3617021276595745	271.0	ok	1.0	7.900000095367432	0.9912183055040198	0.9888064316635745	0.005875077303648732	0.9319727891156463	6	4.511503654209849
rm2	rnd-1_family-610	DNA/TcMar-Tc1		repeat:TE:ClassII:TIR:Tc1Mariner	0.979714363685982	1321	312.0	0.23618470855412566	1599.0	ok	1.0	1.600000023841858	0.9985830043879234	0.011195059170482037	0.00836602941555877	0.9997132270785083	6	4.503932657576849
rm2	rnd-4_family-1911	Unknown	repeat:TE:ClassII	repeat:TE:ClassII	0.995762133847455	318	33.0	0.10377358490566038	1385.0	ok	1.0	8.199999809265137	0.9871838687628162	0.9967262654243264	0.03557937906968378	0.9922383710472353	6	4.50242407406503
rm2	ltr-1_family-182	LTR/Unknown	repeat:TE:ClassI:LTR	repeat:TE:ClassI:LTR	0.9979675952245594	254	36.0	0.14173228346456693	856.0	ok	1.0	16.0	0.973237295124214	0.972670343263581	0.012047727038449644	0.9339372229667045	6	4.502210139155082
rm2	rnd-5_family-47	Unknown	repeat:TE:ClassII:TIR:CACTA	repeat:TE:ClassII:TIR:CACTA	0.8579722051071405	307	38.0	0.1237785016286645	640.0	ok	1.0	7.300000190734863	0.9336325830087795	0.9858868572182983	0.02063502541421876	0.9783352036438049	6	4.499303036843887
rm2	rnd-3_family-17	Unknown	repeat:TE:ClassII:TIR:PIFHarbinger	repeat:TE:ClassII:TIR:PIFHarbinger	0.6933429742764177	555	35.0	0.06306306306306306	710.0	ok	1.0	7.0	0.9566570978045527	0.9983894661653122	0.023039394061914582	0.9894742516745508	6	4.4991146083201405
rm2	rnd-4_family-241	DNA/hAT-Blackjack		repeat:TE:ClassII:TIR:hAT	0.9704977628635347	1146	127.0	0.11082024432809773	364.0	ok	1.0	15.300000190734863	0.9922508593167056	0.4026617411407811	0.030158652493547478	0.6848234272363641	6	4.498716321413443
rm2	rnd-4_family-3629	DNA/Academ-1		repeat:TE:ClassII:TIR:Academ	0.9406532861078316	637	164.0	0.25745682888540034	189.0	ok	1.0	9.300000190734863	0.970706012372081	0.30920155583942127	0.017352489486601695	0.8731502877728818	6	4.4947514162592
rm2	ltr-1_family-151	LTR/Unknown	repeat:TE:ClassI:LTR:Gypsy	repeat:TE:ClassI:LTR:Gypsy	0.7715839980440695	163	40.0	0.24539877300613497	904.0	ok	1.0	7.099999904632568	0.9468039283252929	0.9444492304158052	0.03764645072363887	0.9951613829542844	6	4.49331315006906
rm2	rnd-3_family-666	DNA/CMC-EnSpm		repeat:TE:ClassII:TIR:CACTA	0.9869608165953243	700	67.0	0.09571428571428571	349.0	ok	1.0	13.600000381469727	0.989977574946888	0.6708238256353765	0.007042253521126761	0.47852899520025177	6	4.4868762032830904
rm2	rnd-5_family-6873	LINE/L2		repeat:TE:ClassI:LINE:Jockey	0.7672025723472669	137	46.0	0.3357664233576642	114.0	ok	1.0	10.800000190734863	0.8802929539523529	0.9387995622527149	0.005976934085360721	0.45391026180654936	6	4.481850347886642
rm2	rnd-2_family-39	Unknown		repeat:TE:ClassII:TIR:CACTA	0.5606738896099244	6984	794.0	0.11368843069873998	544.0	len_inconsistent	1.0	12.100000381469727	0.7305645858110072	0.8498064485900169	0.0039027240517772416	0.9773409109387898	6	4.48019153682812
rm2	rnd-4_family-3551	DNA/hAT-Ac		repeat:TE:ClassII	0.8793461104847802	254	39.0	0.15354330708661418	1009.0	ok	1.0	6.949999809265137	0.9957886913977829	0.8928345822753453	0.00440948783055676	0.6564934662785656	6	4.479687880699627
rm2	ltr-1_family-59	LTR/Unknown	repeat:TE:ClassI:LTR	repeat:TE:ClassI:LTR	1.0	49	30.0	0.6122448979591837	329.0	ok	1.0	5.199999809265137	0.9996037092811286	0.9996037092811286	0.04850598398985496	1.0	6	4.47632867328192
pantera	Unknown_400-fGobNig	DNA	repeat:TE:ClassII	repeat:TE:ClassII	0.9997139744330513	3122	1251.0	0.40070467648942987	491.0	len_inconsistent	1.0	2.700000047683716	0.6958997856135513	0.6825707543931568	0.017743273698725255	0.999760703140477	6	4.475727849700128
pantera	Unknown_338-fGobNig	Unknown	repeat:TE:ClassII:TIR:hAT	repeat:TE:ClassII:TIR:hAT	0.8604690831556503	206	36.0	0.17475728155339806	613.0	ok	1.0	9.550000190734863	0.9163656453189409	0.9987250860566912	0.01153797118694488	0.997832646296375	6	4.471393232142919
rm2	rnd-3_family-8	SINE/tRNA		repeat:TE:ClassI:SINE:tRNA	0.995369261477046	2807	320.0	0.11400071250445315	158.0	weak_5p+weak_3p	1.0	18.799999237060547	0.9806275744635866	0.9812731961292904	0.003511275725758039	0.4443274019202525	6	4.467050748912783
pantera	Unknown_92-fGobNig	Unknown	repeat:TE:ClassI:LINE:RTE	repeat:TE:ClassI:LINE:RTE	0.8752488235697888	236	39.0	0.1652542372881356	1349.0	ok	1.0	2.4000000953674316	0.8777985642148811	0.9971862261969946	0.020449291233193403	0.9999315568534404	6	4.466049397438375
rm2	rnd-3_family-82	Unknown	repeat:TE:ClassII	repeat:TE:ClassII	0.9660757775233378	960	341.0	0.35520833333333335	556.0	len_inconsistent	1.0	4.300000190734863	0.9829343328972029	0.9487853177269352	0.039527564623925884	0.9993634852717564	6	4.464474029616635
pantera	Unknown_357-fGobNig	DNA	repeat:TE:ClassII	repeat:TE:ClassII	0.994305943243731	800	331.0	0.41375	555.0	len_inconsistent	1.0	3.200000047683716	0.9760920239933484	0.966790147285901	0.015749346715761968	0.9999480342083383	6	4.462710165054968
rm2	rnd-1_family-409	Unknown		repeat:TE:ClassII:TIR:hAT	0.5070071431499167	2747	543.0	0.19767018565708044	225.0	len_inconsistent+weak_3p	1.0	20.299999237060547	0.8008081501289727	0.9220336275646639	0.005827436874364011	0.8718259696618311	6	4.457641607282484
pantera	Unknown_188-fGobNig	DNA		repeat:TE:ClassII	0.5276155514767228	83	40.0	0.4819277108433735	1010.0	ok	1.0	1.100000023841858	0.9987557622486027	0.8565863011463305	0.01181005996818015	0.9991025170317791	6	4.457402054722896
rm2	rnd-1_family-321	DNA/TcMar-Tc1		repeat:TE:ClassII:TIR:Tc1Mariner	0.9006237006237007	642	215.0	0.3348909657320872	206.0	ok	1.0	9.800000190734863	0.9912100333080818	0.13279944205956976	0.00800836910645359	0.9250387792648173	6	4.456447935283257
rm2	rnd-1_family-616	DNA/hAT-Ac		repeat:TE:ClassII:TIR:hAT	0.7846621164477443	5654	1304.0	0.23063318004952246	451.0	len_inconsistent	1.0	11.399999618530273	0.9075441195776524	0.4297038690197108	0.020976350781118133	0.9982866037771234	6	4.4525255799932655
pantera	RTE_1-fGobNig	LINE/RTE		repeat:TE:ClassI:LINE:RTE	0.9989799971092429	8818	294.0	0.03334089362667272	3359.0	len_inconsistent	1.0	6.300000190734863	0.9895524371464862	0.9870140524915545	0.016146523795943744	0.9969651884641298	6	4.444913820050198
rm2	ltr-1_family-400	LTR/Unknown	repeat:TE:ClassI:LTR	repeat:TE:ClassI:LTR	1.0	63	28.0	0.4444444444444444	816.0	ok	1.0	4.699999809265137	0.9977840199750312	0.99603620474407	0.015262172284644195	0.9952871410736579	6	4.44097825606132
pantera	Unknown_111-fGobNig	DNA	repeat:TE:ClassII:TIR:hAT	repeat:TE:ClassII:TIR:hAT	0.8940594670357278	250	28.0	0.112	1263.0	ok	1.0	4.550000190734863	0.9968493186651614	0.9959303699425001	0.028373635798741477	0.9968930781281452	6	4.439937719949881
rm2	rnd-1_family-253	Unknown		repeat:TE:ClassII:TIR:Mutator	0.595256613470115	1658	474.0	0.2858866103739445	201.0	len_inconsistent	1.0	9.100000381469727	0.7756733445372174	0.9876090377997706	0.04883915312864015	0.9155751771725309	6	4.439060724011073
rm2	ltr-1_family-336	LTR/Unknown	repeat:TE:ClassI:LTR:Gypsy	repeat:TE:ClassI:LTR:Gypsy	0.8717457192446183	171	30.0	0.17543859649122806	551.0	ok	1.0	17.100000381469727	0.9820717131474104	0.9797750175767518	0.00021092102179517226	0.9249121162409186	6	4.438967985443824
rm2	ltr-1_family-201	LTR/Unknown	repeat:TE:ClassI:LTR	repeat:TE:ClassI:LTR	0.99933598937583	64	29.0	0.453125	271.0	ok	1.0	7.150000095367432	0.9860699982587497	0.9877241859655232	0.00034825004353125546	0.9300888037611005	6	4.436192182123229
rm2	ltr-1_family-470	LTR/Unknown	repeat:TE:ClassI:LTR:BelPao	repeat:TE:ClassI:LTR:BelPao	0.9490951890539944	63	29.0	0.4603174603174603	330.0	ok	1.0	11.600000381469727	0.9869341710695416	0.9852206197343996	0.000285591889190347	0.9853634156789948	6	4.434552788702898
rm2	rnd-5_family-2965	LINE/Rex-Babar		repeat:TE:ClassI:LINE:RTE	0.9992599901332018	683	276.0	0.404099560761347	84.0	len_inconsistent	1.0	14.5	0.9924905872319181	0.9924073804422441	0.09173548561562624	0.850893432904125	6	4.4258070497393796
rm2	ltr-1_family-247	LTR/Gypsy		repeat:TE:ClassI:LTR:Gypsy	1.0	61	27.0	0.4426229508196721	434.0	ok	1.0	5.300000190734863	0.9991841491841492	0.99504662004662	0.011655011655011656	1.0	6	4.425594533389757
rm2	rnd-5_family-172	DNA/PIF-Harbinger		repeat:TE:ClassII:TIR:PIFHarbinger	0.980466288594833	78	27.0	0.34615384615384615	102.0	ok	1.0	11.5	0.9980332558555337	0.9960665117110674	0.0121580547112462	0.287681029858752	6	4.425463531725589
rm2	rnd-4_family-3391	LINE/L2		repeat:TE:ClassI:LINE:Jockey	0.9962794898815028	262	38.0	0.1450381679389313	517.0	ok	1.0	5.300000190734863	0.9211676117876731	0.9213349446871805	0.017700102258994144	0.9431997768894673	6	4.4222861530916635
pantera	Unknown_388-fGobNig	Unknown	repeat:TE:ClassII:TIR:CACTA	repeat:TE:ClassII:TIR:CACTA	0.6660383830474297	3022	483.0	0.1598279285241562	499.0	len_inconsistent	1.0	17.0	0.7600115984197992	0.978229497865522	0.008807759543974268	0.9892563770357993	6	4.422188227036833
rm2	rnd-5_family-1389	Unknown	repeat:TE:ClassI:LTR:BelPao	repeat:TE:ClassI:LTR:BelPao	0.9995678292061022	66	28.0	0.42424242424242425	562.0	ok	1.0	4.25	0.9967917598885558	0.9778378150196294	4.221368567689645e-05	0.9989446578580776	6	4.421787606250405
rm2	ltr-1_family-334	LTR/Unknown	repeat:TE:ClassI:LTR:Gypsy	repeat:TE:ClassI:LTR:Gypsy	0.9907966905270986	44	33.0	0.75	295.0	ok	1.0	3.9000000953674316	0.9517326732673267	0.9509370579915134	0.0	1.0	6	4.421183671136728
pantera	Gypsy_4-fGobNig	LTR/Gypsy		repeat:TE:ClassI:LTR:Gypsy	0.9990777386442032	92	26.0	0.2826086956521739	8054.0	ok	1.0	1.25	0.9998114035564937	0.999709851625375	0.0310168612474204	0.9991621965682701	6	4.414494603152686
rm2	rnd-5_family-1154	Unknown	repeat:TE:ClassI:LINE	repeat:TE:ClassI:LINE	0.86482661004954	184	47.0	0.2554347826086957	178.0	ok	1.0	10.050000190734863	0.7647290252778598	0.9776236844693617	0.006589947870561621	0.8562506147339431	6	4.414450567682939
rm2	ltr-1_family-155	LTR/Unknown	repeat:TE:ClassI:LTR	repeat:TE:ClassI:LTR	0.9962295768747381	37	26.0	0.7027027027027027	172.0	ok	1.0	6.5	0.9980897803247374	0.9980897803247374	0.008022922636103151	0.9138490926456543	6	4.411152908620293
pantera	Unknown_84-fGobNig	DNA	repeat:TE:ClassII	repeat:TE:ClassII	0.9997824333022092	338	26.0	0.07692307692307693	1396.0	ok	1.0	9.649999618530273	0.9955268344928763	0.994986814512137	0.03595633038422422	0.9978489204100551	6	4.4054869969758315
rm2	rnd-5_family-4525	Unknown	repeat:TE:ClassII:TIR:CACTA	repeat:TE:ClassII:TIR:CACTA	0.96971037674846	203	37.0	0.18226600985221675	349.0	ok	1.0	11.899999618530273	0.8396593602762576	0.9966638377571625	0.0040677767697755406	0.8632173480436628	6	4.404524922100416
rm2	rnd-5_family-2656	Unknown	repeat:TE:ClassII	repeat:TE:ClassII	0.9963439944654355	474	26.0	0.05485232067510549	2386.0	ok	1.0	12.5	0.9902122610415294	0.9974423203691496	0.0627027027027027	0.9935135135135135	6	4.402627929381497
rm2	rnd-5_family-2281	DNA	repeat:TE:ClassII	repeat:TE:ClassII	0.9998754049339647	87	26.0	0.2988505747126437	188.0	ok	1.0	8.100000381469727	0.9965793693212186	0.9893105291288081	0.20748262960983432	0.8686264029930518	6	4.400863246420845
rm2	rnd-3_family-73	DNA/hAT-Charlie		repeat:TE:ClassII:TIR:hAT	0.979055330634278	1918	367.0	0.19134515119916579	130.0	len_inconsistent+weak_3p	1.0	15.300000190734863	0.9832162898829565	0.8509603976270643	0.011511944845278179	0.38665383998717334	6	4.3988427517621105
rm2	ltr-1_family-447	LTR/Unknown	repeat:TE:ClassI:LTR	repeat:TE:ClassI:LTR	0.9962119176830907	135	26.0	0.1925925925925926	656.0	ok	1.0	8.899999618530273	0.9908615147570597	0.9899051616502405	0.002497144223361581	0.9989108200727891	6	4.395740024378118
rm2	rnd-5_family-2238	Unknown		repeat:TE:ClassII:TIR:PIFHarbinger	0.3201800156535351	334	77.0	0.23053892215568864	126.0	ok	1.0	12.899999618530273	0.6759219245174302	0.8322169403630078	0.006626332469029098	0.7199294151541342	6	4.3946295900529195
rm2	ltr-1_family-326	LTR/Unknown	repeat:TE:ClassI:LTR	repeat:TE:ClassI:LTR	0.9975563700988559	64	26.0	0.40625	421.0	ok	1.0	6.800000190734863	0.9912376779846659	0.9883351588170866	0.030175246440306683	0.9977546549835706	6	4.394546184772571
rm2	ltr-1_family-495	LTR/Unknown	repeat:TE:ClassI:LTR	repeat:TE:ClassI:LTR	0.9848856736855703	67	26.0	0.3880597014925373	391.0	ok	1.0	9.800000190734863	0.9880225594511309	0.989010989010989	0.038432467003895576	0.9111576254433398	6	4.392006896432938
pantera	Unknown_414-fGobNig	Unknown	repeat:TE:ClassII:TIR:hAT	repeat:TE:ClassII:TIR:hAT	0.6434347048300537	1034	192.0	0.18568665377176016	483.0	ok	1.0	8.600000381469727	0.983662123461359	0.12464306891345761	0.026123780967320043	0.9928971239449769	6	4.391606421078366
pantera	Unknown_566-fGobNig	DNA	repeat:TE:ClassII	repeat:TE:ClassII	0.9996279987853022	780	261.0	0.3346153846153846	269.0	len_inconsistent	1.0	8.800000190734863	0.9903359376742319	0.9811550784647521	0.018755714806086874	0.9980374519584594	6	4.388131523477265
pantera	Unknown_101-fGobNig	DNA	repeat:TE:ClassII	repeat:TE:ClassII	0.9997421892331029	1474	26.0	0.017639077340569877	1326.0	ok	1.0	13.199999809265137	0.9923975210321648	0.9784110585752348	0.19073243821528307	0.9939891443130076	6	4.3857819275782175
rm2	rnd-5_family-1995	Unknown	repeat:TE:ClassII:TIR:CACTA	repeat:TE:ClassII:TIR:CACTA	0.8673516998579033	350	33.0	0.09428571428571429	968.0	ok	1.0	10.350000381469727	0.8785261050810895	0.9869013030676993	0.18625802878215156	0.9294438884084306	6	4.383941348026676
rm2	rnd-3_family-1047	DNA/hAT-Charlie		repeat:TE:ClassII:TIR:hAT	0.9709111427250845	1271	371.0	0.29189614476789927	1016.0	len_inconsistent	1.0	7.400000095367432	0.9987770024557272	0.811663244219958	0.012083994303491545	0.9989846200759751	6	4.379814156290731
rm2	rnd-5_family-12138	Unknown	repeat:TE:ClassI:LTR:Gypsy	repeat:TE:ClassI:LTR:Gypsy	0.9725304047411735	105	27.0	0.2571428571428571	698.0	ok	1.0	5.800000190734863	0.9677238656672624	0.977860172317213	0.0014137480327562752	0.9718317373096108	6	4.376947802143462
rm2	rnd-1_family-205	Unknown		repeat:TE:ClassII:Helitron	0.3363874981772226	3650	598.0	0.16383561643835617	252.0	len_inconsistent	1.0	15.800000190734863	0.6018874753395971	0.9968744312155199	0.00371971974484982	0.777852395327965	6	4.375463090543528
pantera	Unknown_34-fGobNig	DNA	repeat:TE:ClassII	repeat:TE:ClassII	0.9995459847332753	1220	24.0	0.019672131147540985	2384.0	ok	1.0	20.700000762939453	0.997038058021804	0.9963598906134299	0.014501785229880423	0.9967557937491294	6	4.37360919034684
rm2	rnd-2_family-157	DNA/hAT-Charlie		repeat:TE:ClassII:TIR:hAT	0.9859299097848716	3355	457.0	0.1362146050670641	283.0	len_inconsistent	1.0	16.0	0.9765567352182858	0.7348493398036339	0.005594958026963444	0.8906226940873143	6	4.37132227509177
rm2	ltr-1_family-312	LTR/Unknown	repeat:TE:ClassI:LTR:BelPao	repeat:TE:ClassI:LTR:BelPao	0.9815140084655475	73	24.0	0.3287671232876712	768.0	ok	1.0	8.0	0.9947270913495796	0.9929599543964657	0.010973350434658686	0.9968932592275901	6	4.367898287457651
rm2	ltr-1_family-93	LTR/Unknown	repeat:TE:ClassI:LTR	repeat:TE:ClassI:LTR	0.9999355296241377	117	25.0	0.21367521367521367	639.0	ok	1.0	13.0	0.9849544207451987	0.983833377585037	0.002094580641354692	0.9313508570079948	6	4.366727807002273
rm2	rnd-5_family-259	DNA/hAT-Ac		repeat:TE:ClassII:TIR:hAT	0.9504060472955718	2294	280.0	0.12205754141238012	126.0	len_inconsistent+weak_3p	1.0	19.700000762939453	0.9857680944936212	0.9248290557870666	0.001396484863995727	0.18410232728931716	6	4.357755181622907
pantera	Unknown_444-fGobNig	Unknown	repeat:TE:ClassII:TIR:hAT	repeat:TE:ClassII:TIR:hAT	0.7570880941614756	2854	1130.0	0.3959355290819902	447.0	len_inconsistent	1.0	11.399999618530273	0.9201584174585838	0.37988674989027144	0.023766446529004073	0.9982201002357889	6	4.353123610832275
pantera	Unknown_151-fGobNig	Unknown	repeat:TE:ClassII:Helitron	repeat:TE:ClassII:Helitron	0.7534847341406489	2088	45.0	0.021551724137931036	1100.0	ok	1.0	14.699999809265137	0.7537723413865256	0.9446293104242904	0.14647377105090933	0.9775410878722797	6	4.3516141655861595
rm2	ltr-1_family-97	LTR/Unknown	repeat:TE:ClassI:LTR:Gypsy	repeat:TE:ClassI:LTR:Gypsy	0.9898060314314031	45	23.0	0.5111111111111111	435.0	ok	1.0	3.200000047683716	0.9943693693693694	0.9943693693693694	0.00316722972972973	0.9998592342342343	6	4.350466574756331
pantera	Unknown_155-fGobNig	DNA	repeat:TE:ClassII	repeat:TE:ClassII	0.999712006204698	563	246.0	0.4369449378330373	1083.0	len_inconsistent	1.0	2.700000047683716	0.9893957306697898	0.9689026141913243	0.02796223454798577	0.9998232161403664	6	4.349233451964493
rm2	rnd-3_family-569	Unknown		repeat:TE:ClassII:TIR:Mutator	0.5522265848509362	1246	338.0	0.2712680577849117	330.0	len_inconsistent	1.0	14.300000190734863	0.8229148621457031	0.9969661838323806	0.010567274762469518	0.903548632117586	6	4.348797746255738
rm2	rnd-1_family-126	Unknown	repeat:TE:ClassII	repeat:TE:ClassII	0.9752600373688779	2091	268.0	0.12816834050693449	1071.0	len_inconsistent	1.0	8.699999809265137	0.958061657676736	0.9611385029764371	0.007608556747503486	0.9933856954077628	6	4.347334954681962
rm2	rnd-1_family-7	LINE/Rex-Babar		repeat:TE:ClassI:LINE:RTE	0.9472489717905648	8443	339.0	0.04015160487978207	762.0	len_inconsistent	1.0	9.600000381469727	0.9609279223026163	0.8550308773709192	0.008456540264685428	0.9750664438973087	6	4.346158497876617
rm2	rnd-5_family-3423	Unknown	repeat:TE:ClassII	repeat:TE:ClassII	0.9726521973689671	255	23.0	0.09019607843137255	4152.0	ok	1.0	17.299999237060547	0.985230744054113	0.9956905956796858	0.004329860353480253	0.9901674667248527	6	4.342649175751392
pantera	Dong-R4_1-fGobNig	LINE/Dong-R4		repeat:TE:ClassI:LINE:R2	0.9997855808946782	6553	27.0	0.004120250267053258	3494.0	ok	1.0	3.299999952316284	0.9592579707434593	0.9496185483937505	0.1039600012100844	0.9995235292661663	6	4.340240283296197
rm2	ltr-1_family-297	LTR/Unknown	repeat:TE:ClassI:LTR:Copia	repeat:TE:ClassI:LTR:Copia	0.99964176965789	37	22.0	0.5945945945945946	204.0	ok	1.0	4.0	0.9996478253213594	0.9957739038563127	0.0	0.9873217115689382	6	4.337844409999878
rm2	rnd-4_family-39	Unknown	repeat:TE:ClassII:TIR:CACTA	repeat:TE:ClassII:TIR:CACTA	0.9136262734445354	599	28.0	0.04674457429048414	4212.0	ok	1.0	5.900000095367432	0.916068182227262	0.9742966682866245	0.01691596018503519	0.9970984754396386	6	4.337522881856106
rm2	ltr-1_family-221	LTR/Unknown	repeat:TE:ClassI:LTR	repeat:TE:ClassI:LTR	0.9987027961948688	63	23.0	0.36507936507936506	357.0	ok	1.0	8.0	0.9899004166960944	0.9853096970125009	0.02775619747157285	0.9947030157496999	6	4.336937949726188
rm2	rnd-1_family-2	Unknown		repeat:TE:ClassII	0.5798630508579122	8667	743.0	0.08572747202030691	735.0	len_inconsistent	1.0	17.600000381469727	0.6674321845759416	0.7962504407919395	0.006466057357288758	0.994769268983994	6	4.334671439128456
rm2	rnd-2_family-105	Unknown	repeat:TE:ClassII:Helitron	repeat:TE:ClassII:Helitron	0.6360282019506116	2038	350.0	0.1717369970559372	344.0	len_inconsistent	1.0	14.0	0.7979775520460534	0.9925742046510211	0.0023696754641122095	0.8774865601632579	6	4.33461980104735
rm2	rnd-3_family-1196	PLE		repeat:TE:ClassI:PLE	0.9578251877984246	2371	257.0	0.10839308308730493	135.0	len_inconsistent+weak_3p	1.0	10.5	0.9431906482369022	0.9769438882870415	0.02789988032374978	0.7690418526564157	6	4.330067659855239
pantera	Unknown_250-fGobNig	Unknown		repeat:TE:ClassII:TIR:CACTA	0.42880802614600144	1610	286.0	0.17763975155279504	848.0	len_inconsistent	1.0	10.800000190734863	0.8790299462643401	0.9939691170590179	0.010968063526030664	0.9993499865797791	6	4.329365096452401
rm2	rnd-1_family-439	DNA/Crypton-A		repeat:TE:ClassII:Crypton	0.4207445943748984	962	138.0	0.14345114345114346	249.0	ok	1.0	9.0	0.6353773415309387	0.5395768165965555	0.004871822529033186	0.9580232265487362	6	4.314833244528731
rm2	rnd-5_family-350	Unknown	repeat:TE:ClassI:LTR:Gypsy	repeat:TE:ClassI:LTR:Gypsy	0.9797776416002801	117	23.0	0.19658119658119658	1145.0	ok	1.0	11.800000190734863	0.9564466534686829	0.9965881807842972	0.005875910871488143	0.9657133229434312	6	4.314762670270573
rm2	ltr-1_family-131	LTR/Unknown	repeat:TE:ClassI:LTR	repeat:TE:ClassI:LTR	0.9963140621055289	66	21.0	0.3181818181818182	647.0	ok	1.0	10.600000381469727	0.9914501962250046	0.9945337320127079	0.010465333582507943	0.9307606054943002	6	4.308203222971632
pantera	Unknown_406-fGobNig	Unknown		repeat:TE:ClassI:LTR	0.3780520599518146	583	269.0	0.4614065180102916	487.0	len_inconsistent	1.0	12.800000190734863	0.8763246647814882	0.9930640688253595	0.017042885085841	0.9997221268736004	6	4.299141013609256
pantera	Unknown_178-fGobNig	DNA		repeat:TE:ClassII	0.5278926276954392	93	28.0	0.3010752688172043	1039.0	ok	1.0	7.300000190734863	0.9942253214207888	0.8577304423621704	0.03715406406624537	0.9987197646546089	6	4.299113795125178
rm2	ltr-1_family-318	LTR/Unknown	repeat:TE:ClassI:LTR	repeat:TE:ClassI:LTR	0.9957176226317156	95	21.0	0.22105263157894736	867.0	ok	1.0	8.0	0.983344416903452	0.9920500574330452	0.0007859258811438244	0.9396953025814643	6	4.297613769070416
rm2	ltr-1_family-109	LTR/Unknown	repeat:TE:ClassI:LTR:Gypsy	repeat:TE:ClassI:LTR:Gypsy	0.9868406502266946	41	20.0	0.4878048780487805	355.0	ok	1.0	8.100000381469727	0.999779638607316	0.996584398413398	0.0	0.999779638607316	6	4.2973940326846956
rm2	rnd-4_family-51	Unknown		repeat:TE:ClassII:TIR:CACTA	0.4163863527150408	103	30.0	0.2912621359223301	162.0	ok	1.0	12.199999809265137	0.8300273597811217	0.989968080255358	0.0012539899680802553	0.9589603283173734	6	4.297116694756142
rm2	ltr-1_family-341	LTR/Unknown	repeat:TE:ClassI:LTR:Gypsy	repeat:TE:ClassI:LTR:Gypsy	0.9867507886435332	25	21.0	0.84	145.0	ok	1.0	4.199999809265137	0.9874078624078624	0.9874078624078624	0.0	0.9861793611793612	6	4.297035019549644
rm2	rnd-3_family-118	DNA/hAT-Ac		repeat:TE:ClassII:TIR:hAT	0.9446582126007963	2373	431.0	0.18162663295406659	173.0	len_inconsistent	1.0	14.300000190734863	0.9881723894116318	0.6735587845216031	0.0072588979026596435	0.8266064756900137	6	4.296208444093967
rm2	ltr-1_family-361	LTR/Unknown	repeat:TE:ClassI:LTR:BelPao	repeat:TE:ClassI:LTR:BelPao	0.9310641552729706	46	21.0	0.45652173913043476	342.0	ok	1.0	6.449999809265137	0.9857516457750924	0.9857516457750924	0.0	0.9574352962395166	6	4.293722586284105
rm2	rnd-5_family-9763	Unknown	repeat:TE:ClassII:TIR:Mutator	repeat:TE:ClassII:TIR:Mutator	0.9748107163657542	60	26.0	0.43333333333333335	179.0	ok	1.0	7.149999618530273	0.8847641144624904	0.9903325599381284	0.0003866976024748647	0.8949471513276618	6	4.290070022371436
pantera	Unknown_510-fGobNig	Unknown	repeat:TE:ClassI:SINE:5S	repeat:TE:ClassI:SINE:5S	0.7942308445557295	6367	461.0	0.07240458614732213	334.0	len_inconsistent	1.0	16.200000762939453	0.790152885754747	0.8354602468136759	0.00975347533308286	0.9614196121499379	6	4.28931405795807
pantera	Unknown_392-fGobNig	DNA	repeat:TE:ClassII	repeat:TE:ClassII	0.9997647990520508	1413	519.0	0.3673036093418259	497.0	len_inconsistent	1.0	4.099999904632568	0.7879379433204439	0.7858665818795618	0.03790638194408727	0.9993874755107098	6	4.288971883048463
rm2	rnd-1_family-40	Unknown		repeat:TE:ClassII	0.4482722721835822	2652	427.0	0.1610105580693816	455.0	len_inconsistent	1.0	14.199999809265137	0.752231091818717	0.894555620953502	0.007899867569158328	0.9358225426721601	6	4.277214587797244
rm2	ltr-1_family-103	LTR/Unknown	repeat:TE:ClassI:LTR:BelPao	repeat:TE:ClassI:LTR:BelPao	0.966385198730705	94	33.0	0.35106382978723405	452.0	ok	1.0	11.049999237060547	0.9978833394390849	0.7596776163145683	0.0398909105710913	0.997150649244922	6	4.276074895631541
rm2	rnd-4_family-1042	Unknown	repeat:TE:ClassII:TIR:Mutator	repeat:TE:ClassII:TIR:Mutator	0.67132800608828	636	25.0	0.03930817610062893	1023.0	ok	1.0	9.300000190734863	0.8769091995075393	0.9971598181308434	0.021374501749210722	0.8998013091653766	6	4.272009026310421
pantera	Unknown_610-fGobNig	Unknown	repeat:TE:ClassII:TIR:Tc1Mariner	repeat:TE:ClassII:TIR:Tc1Mariner	0.6809243417398066	122	84.0	0.6885245901639344	137.0	ok	1.0	9.149999618530273	0.6541156541156541	0.6930776930776931	0.020097020097020097	1.0	6	4.271472633255229
rm2	ltr-1_family-73	LTR/Unknown	repeat:TE:ClassI:LTR:Gypsy	repeat:TE:ClassI:LTR:Gypsy	0.960213131419357	76	19.0	0.25	937.0	ok	1.0	11.75	0.994797549371941	0.9946948694253346	0.09819625560461376	0.981688742855187	6	4.268246019750104
rm2	rnd-1_family-515	LINE/L2		repeat:TE:ClassI:LINE:Jockey	0.9870437689842844	1034	201.0	0.19439071566731142	247.0	len_inconsistent	1.0	15.0	0.9834315368398292	0.9809787015514352	0.010054597545813287	0.9911616844153738	6	4.2676062958117535
rm2	ltr-1_family-172	LTR/Unknown	repeat:TE:ClassI:LTR:Gypsy	repeat:TE:ClassI:LTR:Gypsy	0.975538242439474	45	25.0	0.5555555555555556	410.0	ok	1.0	6.599999904632568	0.9745435653851863	0.8911978625500965	0.011503636633516402	0.9947305922517441	6	4.26368143660732
rm2	ltr-1_family-11	LTR/Unknown	repeat:TE:ClassI:LTR:Gypsy	repeat:TE:ClassI:LTR:Gypsy	0.9670340293890178	46	20.0	0.43478260869565216	346.0	ok	1.0	8.5	0.9971098265895953	0.9643856050717882	0.004941264217788551	1.0	6	4.2625254273253645
rm2	ltr-1_family-324	LTR/Gypsy		repeat:TE:ClassI:LTR	0.9398101837167883	136	22.0	0.16176470588235295	933.0	ok	1.0	11.600000381469727	0.9585410058903489	0.9592659719075668	0.021024014499320346	0.9693022202084277	6	4.260229658620122
rm2	rnd-5_family-5897	Unknown	repeat:TE:ClassI:LTR	repeat:TE:ClassI:LTR	0.9402549844025498	89	19.0	0.21348314606741572	1174.0	ok	1.0	5.5	0.9811160144262001	0.9988127506104254	0.09298626822875831	0.9921596738424319	6	4.258682365989454
rm2	rnd-5_family-14654	Unknown	repeat:TE:ClassI:LTR	repeat:TE:ClassI:LTR	0.9631850840211389	111	23.0	0.2072072072072072	794.0	ok	1.0	15.100000381469727	0.8967805090276267	0.9969001522732217	0.0029366978464215794	0.9189688927561454	6	4.255408497318442
rm2	ltr-1_family-81	LTR/Unknown	repeat:TE:ClassI:LTR:Gypsy	repeat:TE:ClassI:LTR:Gypsy	1.0	20	18.0	0.9	140.0	ok	1.0	1.399999976158142	1.0	0.9984597612629957	0.0	1.0	6	4.253732266366302
rm2	rnd-2_family-392	DNA/hAT-Ac		repeat:TE:ClassII:TIR:hAT	0.8739834948051378	3586	538.0	0.15002788622420524	937.0	len_inconsistent	1.0	7.300000190734863	0.9983495782534351	0.5243387021031765	0.03939790435153553	0.9990012869274696	6	4.253470556023001
rm2	rnd-3_family-353	SINE/5S-Deu-L2		repeat:TE:ClassI:SINE:5S	0.8979007243114948	1267	339.0	0.2675611681136543	88.0	len_inconsistent	1.0	11.199999809265137	0.8296925810858186	0.8924094244508649	0.020841140701877394	0.9938346973561731	6	4.252301703739766
rm2	rnd-5_family-1275	LINE/L2		repeat:TE:ClassI:LINE:Jockey	0.9779590419993058	85	26.0	0.3058823529411765	130.0	ok	1.0	10.199999809265137	0.9112047865107424	0.9252107696491705	0.011830296437313027	0.858308403589883	6	4.251388904130732
rm2	rnd-4_family-2147	Unknown	repeat:TE:ClassI:LTR:Gypsy	repeat:TE:ClassI:LTR:Gypsy	0.9950729043141315	146	18.0	0.1232876712328767	1429.0	ok	1.0	16.0	0.9973029667365898	0.9982852195917824	0.02009456264775414	0.9985016481869943	6	4.250860691431678
rm2	ltr-1_family-263	LTR/Gypsy		repeat:TE:ClassI:LTR:Gypsy	1.0	63	18.0	0.2857142857142857	890.0	ok	1.0	10.100000381469727	0.9967359977777006	0.9960068057918677	0.017188096808916975	0.9965276572103198	6	4.2480153086728745
rm2	ltr-1_family-31	LTR/Unknown	repeat:TE:ClassI:LTR	repeat:TE:ClassI:LTR	1.0	29	18.0	0.6206896551724138	344.0	ok	1.0	5.599999904632568	0.9967371443487341	0.9954320020882276	0.0	0.9975202297050378	6	4.247441651540267
rm2	ltr-1_family-9	LTR/Unknown	repeat:TE:ClassI:LTR:Copia	repeat:TE:ClassI:LTR:Copia	0.9263385433987363	29	18.0	0.6206896551724138	276.0	ok	1.0	5.900000095367432	0.995722433460076	0.9944550063371356	0.0	0.9583333333333334	6	4.245449944900518
rm2	rnd-3_family-188	DNA/hAT-Ac		repeat:TE:ClassII:TIR:hAT	0.9936357117246325	767	65.0	0.0847457627118644	565.0	ok	1.0	10.399999618530273	0.9937704193469392	0.43701434057828187	0.006337090194532543	0.8961457829382358	6	4.243698116568076
rm2	rnd-1_family-613	DNA/TcMar-Mariner		repeat:TE:ClassII:TIR:Tc1Mariner	0.8117654847402271	8991	696.0	0.07741074407741075	290.0	len_inconsistent	1.0	14.800000190734863	0.9726390354033777	0.4277349462524606	0.10436240728508378	0.9073343783787337	6	4.2429832212664005
rm2	rnd-5_family-6132	DNA/PIF-Harbinger		repeat:TE:ClassII:TIR:PIFHarbinger	0.9991054225158271	379	19.0	0.05013192612137203	630.0	ok	1.0	3.5	0.9996332294150009	0.963750840515924	0.28913747784094385	0.9245675163518553	6	4.2421376708837535
rm2	ltr-1_family-493	LTR/Unknown	repeat:TE:ClassI:LTR	repeat:TE:ClassI:LTR	1.0	62	23.0	0.3709677419354839	406.0	ok	1.0	10.149999618530273	0.9402398536486212	0.9374618876617657	0.008740429568398943	0.9650382817264043	6	4.23942957732798
pantera	Unknown_581-fGobNig	Unknown		repeat:TE:ClassI:SINE:tRNA	0.37865118745202314	6342	1008.0	0.15894039735099338	241.0	len_inconsistent	1.0	14.649999618530273	0.8604015052989845	0.37199424444505935	0.020728299067489415	0.9776640194803398	6	4.23585628185355
rm2	rnd-5_family-1084	DNA/TcMar-Tc1		repeat:TE:ClassII:TIR:Tc1Mariner	0.7467134092900964	145	31.0	0.21379310344827587	185.0	ok	1.0	12.399999618530273	0.9814802522402921	0.7624294722867574	0.004513773647527381	0.3133089943577829	6	4.235271418361322
rm2	ltr-1_family-424	LTR/Unknown	repeat:TE:ClassI:LTR:Gypsy	repeat:TE:ClassI:LTR:Gypsy	0.8608182048773417	136	18.0	0.1323529411764706	781.0	ok	1.0	10.0	0.9896593243147531	0.9889156455839648	0.11424321835824067	0.9883844464905447	6	4.233847475002024
rm2	rnd-1_family-92	Unknown	repeat:TE:ClassII	repeat:TE:ClassII	0.6008847182164586	3445	645.0	0.18722786647314948	316.0	len_inconsistent	1.0	13.300000190734863	0.6083231602971564	0.8117643613682077	0.013679149454865579	0.8837382110220195	6	4.229647236300631
rm2	ltr-1_family-227	LTR/Unknown	repeat:TE:ClassI:LTR	repeat:TE:ClassI:LTR	1.0	32	17.0	0.53125	312.0	ok	1.0	2.8499999046325684	0.9982718894009217	0.9979838709677419	0.0	1.0	6	4.226704681746938
rm2	rnd-1_family-564	Unknown	repeat:TE:ClassI:LINE:Jockey	repeat:TE:ClassI:LINE:Jockey	0.8665784454909897	178	24.0	0.1348314606741573	338.0	ok	1.0	10.100000381469727	0.8643758062204386	0.9819406621757202	0.006521427547656586	0.9386914146481296	6	4.226527710107765
rm2	ltr-1_family-145	LTR/Unknown	repeat:TE:ClassI:LTR:Gypsy	repeat:TE:ClassI:LTR:Gypsy	0.9602710194025255	24	17.0	0.7083333333333334	163.0	ok	1.0	1.8499999046325684	0.9969530773918343	0.9960390006093846	0.15082266910420475	0.9932967702620353	6	4.223440999379493
rm2	rnd-5_family-2095	DNA/PIF-Harbinger		repeat:TE:ClassII:TIR:PIFHarbinger	0.9926820966643976	294	18.0	0.061224489795918366	876.0	ok	1.0	12.0	0.9836641907430415	0.9812984060690968	0.12615315482012107	0.9506357220269092	6	4.220235101915444
rm2	ltr-1_family-430	LTR/Unknown	repeat:TE:ClassI:LTR	repeat:TE:ClassI:LTR	0.9915563777809402	82	17.0	0.2073170731707317	581.0	ok	1.0	9.200000762939453	0.99195820081781	0.9920036347114948	0.10068150840527033	0.9657882780554293	6	4.214410756907579
rm2	rnd-1_family-125	LINE/Rex-Babar		repeat:TE:ClassI:LINE:RTE	0.9912481204407596	1236	230.0	0.18608414239482202	292.0	len_inconsistent	1.0	10.300000190734863	0.9204919677036493	0.9300203941759583	0.02444793634342455	0.9677036492201735	6	4.2122401978972
rm2	rnd-5_family-4272	Unknown	repeat:TE:ClassII	repeat:TE:ClassII	0.7192352538357609	3010	212.0	0.07043189368770764	549.0	len_inconsistent+weak_3p	1.0	1.399999976158142	0.9093415345926911	0.9765590817761277	0.14785205449193115	0.9988913007463542	6	4.21223647729757
rm2	ltr-1_family-193	LTR/Unknown	repeat:TE:ClassI:LTR:Copia	repeat:TE:ClassI:LTR:Copia	1.0	17	16.0	0.9411764705882353	133.0	ok	1.0	7.5	1.0	0.9991051454138703	0.0	1.0	6	4.203225128069795
rm2	ltr-1_family-320	LTR/Unknown	repeat:TE:ClassI:LTR:Gypsy	repeat:TE:ClassI:LTR:Gypsy	0.9825705248208637	66	19.0	0.2878787878787879	983.0	ok	1.0	4.25	0.9624139428146127	0.9608013397010482	0.0174595298641692	1.0	6	4.20196888346849
rm2	rnd-4_family-669	LINE/L2		repeat:TE:ClassI:LINE:Jockey	0.9972846085522142	289	27.0	0.09342560553633218	610.0	ok	1.0	11.300000190734863	0.8852604216809473	0.8852796765187253	0.01913930875132377	0.8734572061230385	6	4.20190386235866
rm2	ltr-1_family-305	LTR/Unknown	repeat:TE:ClassI:LTR:Gypsy	repeat:TE:ClassI:LTR:Gypsy	0.9919156414762742	44	16.0	0.36363636363636365	967.0	ok	1.0	2.6500000953674316	0.998754524578679	0.9982096290818511	0.0	0.9983653135095162	6	4.201084136316455
rm2	rnd-1_family-212	LINE/Rex-Babar		repeat:TE:ClassI:LINE:RTE	0.9989415345599713	990	170.0	0.1717171717171717	780.0	len_inconsistent	1.0	5.699999809265137	0.9855447291390994	0.984158847588115	0.25898943421949555	0.9487098520389751	6	4.2001524981054885
rm2	ltr-1_family-496	LTR/Unknown	repeat:TE:ClassI:LTR:Gypsy	repeat:TE:ClassI:LTR:Gypsy	0.9481285193772773	52	16.0	0.3076923076923077	586.0	ok	1.0	5.550000190734863	0.9974890973965904	0.9974890973965904	0.002841284524910797	0.9999339236156998	6	4.199098177449105
pantera	Unknown_213-fGobNig	Unknown	repeat:TE:ClassII:TIR:hAT	repeat:TE:ClassII:TIR:hAT	0.8972081461860341	1166	98.0	0.08404802744425385	953.0	ok	1.0	11.800000190734863	0.6017427109158656	0.6055036028590898	0.013512533890072927	0.9987676337117423	6	4.198472389467451
rm2	ltr-1_family-377	LTR/Unknown	repeat:TE:ClassI:LTR	repeat:TE:ClassI:LTR	0.999935189085842	95	18.0	0.18947368421052632	878.0	ok	1.0	10.5	0.9710459645313065	0.9703522740982025	0.0009952949692363373	0.9603691639522258	6	4.196670743732815
rm2	ltr-1_family-178	LTR/Unknown	repeat:TE:ClassI:LTR	repeat:TE:ClassI:LTR	0.9989734490843419	392	162.0	0.413265306122449	333.0	len_inconsistent	1.0	7.900000095367432	0.9903472982386307	0.9894890038809832	0.08712309682555479	0.9920141307592796	6	4.189351316662244
rm2	rnd-4_family-1533	Unknown		repeat:TE:ClassII:TIR:CACTA	0.5681596625250359	204	23.0	0.11274509803921569	794.0	ok	1.0	7.199999809265137	0.8283677298311445	0.9960675422138837	0.004968105065666042	0.8507467166979362	6	4.186163108062621
rm2	rnd-1_family-219	DNA/hAT-Charlie		repeat:TE:ClassII	0.9910833333333333	283	130.0	0.45936395759717313	308.0	ok	1.0	2.0	0.8707955673441492	0.19636144695946495	0.016435324556978503	0.9989097358957252	6	4.181100366610451
rm2	rnd-3_family-299	SINE/5S		repeat:TE:ClassI:SINE:5S	0.9501967397414278	374	200.0	0.5347593582887701	65.0	len_inconsistent	1.0	11.050000190734863	0.9217189199881317	0.9554940164177629	0.0011373751359905055	0.9242409257244585	6	4.1782429320698755
rm2	ltr-1_family-443	LTR/Unknown	repeat:TE:ClassI:LTR:Gypsy	repeat:TE:ClassI:LTR:Gypsy	0.9575699132111861	42	15.0	0.35714285714285715	866.0	ok	1.0	7.150000095367432	0.9996829590488772	0.9982562747688243	0.0069749009247027744	0.9880581241743726	6	4.174030492873383
rm2	ltr-1_family-225	LTR/Unknown	repeat:TE:ClassI:LTR	repeat:TE:ClassI:LTR	0.6510156510156511	19	15.0	0.7894736842105263	181.0	ok	1.0	3.4000000953674316	0.9987096774193548	0.9987096774193548	0.0	0.97	6	4.173510613894391
rm2	ltr-1_family-223	LTR/Gypsy		repeat:TE:ClassI:LTR:Gypsy	1.0	34	15.0	0.4411764705882353	186.0	ok	1.0	6.699999809265137	0.9987269255251432	0.9985147464460005	0.003182686187141948	0.9908762995968597	6	4.173332931026825
pantera	Unknown_326-fGobNig	Unknown	repeat:TE:ClassI:LTR	repeat:TE:ClassI:LTR	0.9998819641170916	33	15.0	0.45454545454545453	634.0	ok	1.0	5.599999904632568	0.9986446670595168	0.9984678845020625	0.03594578668238067	1.0	6	4.17320381061726
rm2	ltr-1_family-101	LTR/Unknown		repeat:TE:ClassI:LTR	0.5526563973593209	22	15.0	0.6818181818181818	185.0	ok	1.0	3.0999999046325684	0.998212689901698	0.998212689901698	0.0	0.9493595472147751	6	4.1725166388590775
rm2	rnd-5_family-1337	DNA/P		repeat:TE:ClassII:TIR:PElement	0.9732535179932144	375	16.0	0.042666666666666665	3415.0	ok	1.0	19.899999618530273	0.9735380419888912	0.992467131427502	0.024844429888176672	0.9689060296368582	6	4.170125156072318
rm2	rnd-5_family-1758	DNA/hAT-Charlie		repeat:TE:ClassII:TIR:hAT	0.9951442167621637	143	16.0	0.11188811188811189	230.0	ok	1.0	12.5	0.9825544814963107	0.9809529256992507	0.002059143167648573	0.6080192186695648	6	4.167627389851487
rm2	ltr-1_family-25	LTR/Gypsy		repeat:TE:ClassI:LTR:Gypsy	1.0	65	15.0	0.23076923076923078	989.0	ok	1.0	7.699999809265137	0.9940879910050415	0.9937252910667005	0.0003989699321751115	1.0	6	4.163904541127423
rm2	ltr-1_family-166	LTR/Unknown	repeat:TE:ClassI:LTR:Gypsy	repeat:TE:ClassI:LTR:Gypsy	0.9862057278427385	75	17.0	0.22666666666666666	952.0	ok	1.0	18.0	0.9665233815292432	0.9663931223134037	0.015761365116581997	0.9944314185228605	6	4.1633654252209205
rm2	rnd-1_family-168	DNA/hAT-Ac		repeat:TE:ClassII:TIR:hAT	0.7753743433263078	3547	383.0	0.10797857344234564	276.0	len_inconsistent	1.0	17.799999237060547	0.9941350427812791	0.5858713586324417	0.02176931468808886	0.9873526998638572	6	4.163205175382344
rm2	ltr-1_family-267	LTR/Unknown	repeat:TE:ClassI:LTR	repeat:TE:ClassI:LTR	0.9973979682765995	88	16.0	0.18181818181818182	871.0	ok	1.0	10.75	0.9641005447266522	0.994323029467743	0.004233116755266785	0.9262978276563628	6	4.16254355685032
rm2	ltr-1_family-15	LTR/Unknown	repeat:TE:ClassI:LTR:Gypsy	repeat:TE:ClassI:LTR:Gypsy	0.9625921027772529	19	15.0	0.7894736842105263	342.0	ok	1.0	5.599999904632568	0.9910129189290395	0.9910129189290395	0.0	1.0	6	4.15811709691376
rm2	ltr-1_family-343	LTR/Gypsy		repeat:TE:ClassI:LTR:Gypsy	1.0	19	15.0	0.7894736842105263	192.0	ok	1.0	5.599999904632568	0.9908459595959596	0.9908459595959596	0.0	0.9921085858585859	6	4.1577831782476
rm2	ltr-1_family-347	LTR/Unknown	repeat:TE:ClassI:LTR	repeat:TE:ClassI:LTR	0.9848771266540642	18	15.0	0.8333333333333334	238.0	ok	1.0	0.4000000059604645	0.9902631578947368	0.988421052631579	0.0060526315789473685	0.9860526315789474	6	4.154775469581997
rm2	ltr-1_family-49	LTR/Unknown	repeat:TE:ClassI:LTR:Copia	repeat:TE:ClassI:LTR:Copia	0.9016890428757037	27	15.0	0.5555555555555556	214.0	ok	1.0	2.799999952316284	0.9909167722855936	0.9858470637938318	0.0	0.9896493451626531	6	4.152855095135107
rm2	ltr-1_family-464	LTR/Unknown	repeat:TE:ClassI:LTR:BelPao	repeat:TE:ClassI:LTR:BelPao	0.9838398032671702	33	15.0	0.45454545454545453	895.0	ok	1.0	8.199999809265137	0.999485037477828	0.9772272129083939	0.0041769182353950905	1.0	6	4.152803509441903
rm2	rnd-5_family-2135	DNA/hAT-Ac		repeat:TE:ClassII:TIR:hAT	0.955661414437523	561	195.0	0.34759358288770054	85.0	len_inconsistent+weak_5p+weak_3p	1.0	17.200000762939453	0.9901539563193699	0.8658849504714167	0.008503401360544218	0.2969626447070056	6	4.146073518153305
rm2	ltr-1_family-269	LTR/Unknown	repeat:TE:ClassI:LTR:Gypsy	repeat:TE:ClassI:LTR:Gypsy	0.9747053751077895	19	14.0	0.7368421052631579	206.0	ok	1.0	2.9000000953674316	0.9991399082568807	0.9991399082568807	0.0	0.9982798165137615	6	4.144407852192
rm2	ltr-1_family-279	LTR/Unknown	repeat:TE:ClassI:LTR:BelPao	repeat:TE:ClassI:LTR:BelPao	1.0	22	14.0	0.6363636363636364	329.0	ok	1.0	5.150000095367432	0.9984377712202742	0.9975698663426489	0.0	1.0	6	4.142135673241161
rm2	rnd-1_family-586	Unknown	repeat:TE:ClassII:TIR:CACTA	repeat:TE:ClassII:TIR:CACTA	0.8277286784749471	463	172.0	0.3714902807775378	291.0	len_inconsistent	1.0	6.900000095367432	0.9105785535568178	0.9926717340005454	0.01121770167554043	0.9773985841505496	6	4.138778734464912
rm2	rnd-5_family-4800	Unknown	repeat:TE:ClassI:LINE	repeat:TE:ClassI:LINE	0.9118689646742452	124	20.0	0.16129032258064516	277.0	ok	1.0	10.050000190734863	0.8378540631992578	0.9942149211373683	0.012006767450744965	0.8987611199039459	6	4.133098980000607
rm2	rnd-2_family-177	Unknown	repeat:TE:ClassI:PLE	repeat:TE:ClassI:PLE	0.9010578926844813	1659	189.0	0.11392405063291139	333.0	len_inconsistent	1.0	12.100000381469727	0.8641657352331971	0.9913357146765255	0.05096178647636764	0.940721750209084	6	4.131963254082967
rm2	rnd-5_family-5854	Unknown	repeat:TE:ClassI:LTR	repeat:TE:ClassI:LTR	0.9722270686947833	329	15.0	0.04559270516717325	3610.0	ok	1.0	7.900000095367432	0.9557315432089217	0.9986646249349069	0.1888447201126046	0.9765252406510856	6	4.13048742719951
rm2	rnd-5_family-3840	Unknown	repeat:TE:ClassI:LTR:Gypsy	repeat:TE:ClassI:LTR:Gypsy	0.9464467203502462	92	14.0	0.15217391304347827	1138.0	ok	1.0	7.300000190734863	0.978819311051351	0.9973364067102062	0.005455243949289282	0.9854526828018952	6	4.122283753439795
rm2	rnd-4_family-321	DNA/TcMar-Tc1		repeat:TE:ClassII:TIR:Tc1Mariner	0.9908135297129604	763	16.0	0.020969855832241154	660.0	ok	1.0	4.400000095367432	0.9940896988615497	0.9240153323540213	0.22328314359162688	0.4570097319133309	6	4.122225013871496
pantera	Unknown_296-fGobNig	Unknown	repeat:TE:ClassI:LINE:Jockey	repeat:TE:ClassI:LINE:Jockey	0.915093389390547	25603	673.0	0.02628598211147131	708.0	len_inconsistent	1.0	18.299999237060547	0.7839625392126175	0.507597764600453	0.053228720847119305	0.9996971230591156	6	4.119575368037047
rm2	rnd-5_family-352	LTR/Gypsy		repeat:TE:ClassI:LTR:Gypsy	0.9990843970485269	84	16.0	0.19047619047619047	1286.0	ok	1.0	8.100000381469727	0.9582349097853948	0.9568527918781726	0.0035432477257878073	0.9763029602452631	6	4.119207684319492
rm2	rnd-5_family-2401	Unknown	repeat:TE:ClassI:LTR:Gypsy	repeat:TE:ClassI:LTR:Gypsy	0.9297867823238604	73	16.0	0.2191780821917808	1310.0	ok	1.0	11.0	0.9151350578819494	0.9989709875660998	0.03650135772473918	0.9434614834929256	6	4.118226028103974
rm2	ltr-1_family-301	LTR/Unknown	repeat:TE:ClassI:LTR	repeat:TE:ClassI:LTR	0.9927536231884058	17	14.0	0.8235294117647058	137.0	ok	1.0	2.299999952316284	0.9854651162790697	0.9854651162790697	0.0	0.2819767441860465	6	4.117058268236377
rm2	ltr-1_family-38	LTR/Gypsy		repeat:TE:ClassI:LTR:Gypsy	1.0	39	13.0	0.3333333333333333	5407.0	ok	1.0	14.899999618530273	0.9997615512177146	0.9995664567594811	0.0	1.0	6	4.113271360284033
rm2	ltr-1_family-51	LTR/Unknown	repeat:TE:ClassI:LTR:BelPao	repeat:TE:ClassI:LTR:BelPao	0.8672772430922074	32	13.0	0.40625	309.0	ok	1.0	12.949999809265137	0.9994174191669094	0.9988348383338188	0.0	0.9394115933585785	6	4.112195609807565
rm2	rnd-5_family-1833	Unknown	repeat:TE:ClassI:PLE	repeat:TE:ClassI:PLE	0.8270551038843722	342	29.0	0.0847953216374269	165.0	ok	1.0	11.800000190734863	0.6613785746240407	0.9878867132385836	0.0014109226057331635	0.7740114938573247	6	4.111663285761581
rm2	rnd-5_family-4542	Unknown	repeat:TE:ClassII:TIR:Mutator	repeat:TE:ClassII:TIR:Mutator	0.6615679150454484	1148	157.0	0.1367595818815331	598.0	len_inconsistent+weak_5p	1.0	11.699999809265137	0.9170044494501618	0.9962065188467322	0.015053251069043832	0.9525072249416745	6	4.109110620706128
rm2	rnd-4_family-1614	Unknown	repeat:TE:ClassI:PLE	repeat:TE:ClassI:PLE	0.786729416150226	276	27.0	0.09782608695652174	216.0	ok	1.0	9.399999618530273	0.6749673353316424	0.9945046499116132	0.06298516639766352	0.8302205825839674	6	4.100835749402243
rm2	rnd-4_family-351	DNA/PIF-Harbinger		repeat:TE:ClassII:TIR:PIFHarbinger	0.9737895158063226	926	15.0	0.016198704103671708	758.0	ok	1.0	13.100000381469727	0.9854102641422274	0.9378043538235502	0.013062753828682883	0.19046213661998038	6	4.099305877021459
rm2	ltr-1_family-528	LTR/Unknown	repeat:TE:ClassI:LTR	repeat:TE:ClassI:LTR	1.0	32	13.0	0.40625	463.0	ok	1.0	7.5	0.9964333027616428	0.9885865688372567	0.0	0.9730969122592479	6	4.098963223905736
rm2	rnd-1_family-249	LINE/Rex-Babar		repeat:TE:ClassI:LINE:RTE	0.9960676366496264	430	141.0	0.32790697674418606	228.0	len_inconsistent	1.0	6.850000381469727	0.9730360416960496	0.976536355826805	0.08195607298090854	0.9364173707896862	6	4.098791510178234
rm2	rnd-1_family-344	Unknown	repeat:TE:ClassI:LINE:Jockey	repeat:TE:ClassI:LINE:Jockey	0.8869490573606097	1576	185.0	0.11738578680203046	910.0	len_inconsistent	1.0	5.099999904632568	0.9080842786530693	0.9230238586217157	0.0651363910226329	0.9995973478248641	6	4.098279865677799
pantera	Unknown_304-fGobNig	Unknown	repeat:TE:ClassI:LINE:Jockey	repeat:TE:ClassI:LINE:Jockey	0.8641544379541245	185	68.0	0.3675675675675676	686.0	ok	1.0	1.899999976158142	0.9164715936536246	0.3479359417381934	0.007468509642180359	0.9998018305899256	6	4.096916448098055
rm2	rnd-1_family-132	DNA/hAT-Tip100		repeat:TE:ClassII	0.6021543328496543	1051	191.0	0.18173168411037108	801.0	ok	1.0	10.600000381469727	0.6112860442098318	0.20381656219069613	0.01054701418673705	0.9980890795117123	6	4.096135973648256
rm2	ltr-1_family-99	LTR/Unknown	repeat:TE:ClassI:LTR:Gypsy	repeat:TE:ClassI:LTR:Gypsy	0.9752996730839084	15	13.0	0.8666666666666667	198.0	ok	1.0	2.0	0.9906542056074766	0.9895758447160317	0.0	1.0	6	4.094173402630345
rm2	rnd-1_family-53	DNA/hAT-Ac		repeat:TE:ClassII:TIR:hAT	0.5804317813810996	7775	603.0	0.07755627009646303	646.0	len_inconsistent+weak_3p	1.0	13.600000381469727	0.9700444673700745	0.3420630734197624	0.030621700750540777	0.9728977146804532	6	4.092424852929988
rm2	rnd-5_family-86	DNA/hAT-Tip100		repeat:TE:ClassII:TIR:hAT	0.9325102880658436	213	14.0	0.06572769953051644	400.0	ok	1.0	13.800000190734863	0.9679507365032715	0.977992372555194	0.002274238130226374	0.14953990413211574	6	4.092071144736703
rm2	rnd-4_family-2794	LINE/L2		repeat:TE:ClassI:LINE:Jockey	0.9979532052501426	592	130.0	0.2195945945945946	348.0	len_inconsistent	1.0	19.200000762939453	0.987769630526091	0.987819463230583	0.03476187086210579	0.9477895636078878	6	4.089532446063511
rm2	ltr-1_family-255	LTR/Unknown	repeat:TE:ClassI:LTR	repeat:TE:ClassI:LTR	1.0	29	14.0	0.4827586206896552	407.0	ok	1.0	7.5	0.9733435858003332	0.9680891964628989	0.011021402024862232	0.9784698193002691	6	4.08756081794147
rm2	rnd-5_family-1263	Unknown	repeat:TE:ClassII:TIR:CACTA	repeat:TE:ClassII:TIR:CACTA	0.9413717379091977	161	17.0	0.10559006211180125	361.0	ok	1.0	11.399999618530273	0.8610144662149789	0.9934993590917415	0.0003204541292803516	0.9029023988280535	6	4.084962746684994
rm2	rnd-5_family-6912	Unknown	repeat:TE:ClassI:LTR:Gypsy	repeat:TE:ClassI:LTR:Gypsy	0.9883380460789399	112	13.0	0.11607142857142858	1586.0	ok	1.0	7.699999809265137	0.9765968937695367	0.9933718475361275	0.007970148765199745	0.9847634322373697	6	4.083912093612501
rm2	rnd-1_family-206	Unknown	repeat:TE:ClassII:TIR:CACTA	repeat:TE:ClassII:TIR:CACTA	0.9501574785807105	481	147.0	0.30561330561330563	517.0	len_inconsistent	1.0	5.900000095367432	0.9224371434944711	0.9922830162624943	0.0043550768511732155	0.9722709070244203	6	4.082037494505141
pantera	Unknown_289-fGobNig	DNA	repeat:TE:ClassII	repeat:TE:ClassII	0.9996134421719529	753	124.0	0.1646746347941567	721.0	len_inconsistent	1.0	11.100000381469727	0.9943082911181959	0.9940540223365345	0.08110685156570892	0.9799616640913803	6	4.081783998616966
rm2	rnd-5_family-7842	Unknown	repeat:TE:ClassII	repeat:TE:ClassII	0.944430823677394	408	140.0	0.3431372549019608	327.0	len_inconsistent	1.0	11.100000381469727	0.9381780066350518	0.996631591801844	0.0022693505383347243	0.9580322797305273	6	4.080937634115134
rm2	rnd-1_family-364	DNA/hAT-Charlie		repeat:TE:ClassII	0.9056530522270696	5217	1119.0	0.21449108683151236	341.0	len_inconsistent	1.0	18.600000381469727	0.8594607962264514	0.1714176821924437	0.007262753444294445	0.9912780583268475	6	4.079708564947245
rm2	ltr-1_family-116	LTR/Gypsy		repeat:TE:ClassI:LTR:Gypsy	1.0	28	12.0	0.42857142857142855	4380.0	ok	1.0	1.399999976158142	0.9999687997254376	0.9999063991763127	0.1364076003868834	0.9996411968425322	6	4.079056444949375
rm2	ltr-1_family-519	LTR/Unknown	repeat:TE:ClassI:LTR	repeat:TE:ClassI:LTR	1.0	19	12.0	0.631578947368421	191.0	ok	1.0	10.300000190734863	0.998989218328841	0.998989218328841	0.0010107816711590297	0.014150943396226415	6	4.077159682705307
rm2	ltr-1_family-365	LTR/Unknown	repeat:TE:ClassI:LTR:Gypsy	repeat:TE:ClassI:LTR:Gypsy	1.0	21	12.0	0.5714285714285714	200.0	ok	1.0	6.199999809265137	1.0	0.9975961538461539	0.0	1.0	6	4.076777399893778
rm2	rnd-5_family-991	DNA/hAT-Charlie		repeat:TE:ClassII:TIR:hAT	0.5887075887075887	312	25.0	0.08012820512820513	186.0	ok	1.0	17.25	0.9685687692417843	0.7072026920598554	0.011455573852652681	0.43101596620605714	6	4.073711469973677
rm2	ltr-1_family-355	LTR/Unknown	repeat:TE:ClassI:LTR:Gypsy	repeat:TE:ClassI:LTR:Gypsy	0.997942915916688	16	12.0	0.75	288.0	ok	1.0	0.699999988079071	0.9971838197644649	0.9971838197644649	0.11469534050179211	0.9984639016897081	6	4.073548885576555
rm2	rnd-5_family-7754	LINE/L2		repeat:TE:ClassI:LINE:Jockey	0.9996467679265277	21	12.0	0.5714285714285714	174.0	ok	1.0	9.199999809265137	0.9987163029525032	0.9942233632862645	0.0	0.9143132220795892	6	4.072120912286392
rm2	ltr-1_family-476	LTR/Unknown	repeat:TE:ClassI:LTR	repeat:TE:ClassI:LTR	1.0	24	12.0	0.5	395.0	ok	1.0	7.099999904632568	0.998780487804878	0.9914634146341463	0.0	0.9782012195121951	6	4.0694251484866495
rm2	rnd-4_family-2352	DNA/hAT-Tip100		repeat:TE:ClassII:TIR:hAT	0.8737497641064351	578	37.0	0.06401384083044982	196.0	ok	1.0	11.800000190734863	0.9797025850282902	0.520560334854763	0.0031550385966388323	0.5908966619691648	6	4.0684646439500485
rm2	rnd-5_family-7846	DNA/IS3EU		repeat:TE:ClassII:TIR	0.9626456477039068	151	28.0	0.18543046357615894	264.0	ok	1.0	10.600000381469727	0.9867333205152855	0.6281965006729475	0.0496539127090944	0.5120649875024034	6	4.0620878525304525
rm2	ltr-1_family-5	LTR/Unknown	repeat:TE:ClassI:LTR:Gypsy	repeat:TE:ClassI:LTR:Gypsy	0.9886884744726383	21	12.0	0.5714285714285714	190.0	ok	1.0	4.699999809265137	0.9879190576864996	0.9879190576864996	0.007852612503775294	1.0	6	4.055019361420624
rm2	ltr-1_family-299	LTR/Unknown	repeat:TE:ClassI:LTR:Gypsy	repeat:TE:ClassI:LTR:Gypsy	0.9635383639822448	20	12.0	0.6	202.0	ok	1.0	5.0	0.987410071942446	0.987410071942446	0.0	0.9580335731414868	6	4.054001389932517
rm2	ltr-1_family-137	LTR/Unknown		repeat:TE:ClassI:LTR	0.5917734977823683	48	12.0	0.25	669.0	ok	1.0	8.649999618530273	0.9845910475744083	0.9878720412467776	0.003515350363252871	0.9764471525662057	6	4.0516443348688105
rm2	rnd-1_family-289	Unknown	repeat:TE:ClassII:TIR:CACTA	repeat:TE:ClassII:TIR:CACTA	0.8075252102515046	521	194.0	0.3723608445297505	591.0	len_inconsistent	1.0	7.599999904632568	0.7654675510469502	0.9963896475484458	0.022473663675380413	0.9172428144101964	6	4.049658928525622
pantera	Gypsy_23-fGobNig	LTR/Gypsy		repeat:TE:ClassI:LTR:Gypsy	0.9967787061532898	237	12.0	0.05063291139240506	5228.0	ok	1.0	21.600000381469727	0.9993492047374203	0.9700818801982849	0.0497604519565398	0.9999446131691422	6	4.04861233098333
pantera	Unknown_209-fGobNig	DNA	repeat:TE:ClassII:TIR:hAT	repeat:TE:ClassII:TIR:hAT	0.8818725214955636	1750	262.0	0.14971428571428572	960.0	len_inconsistent	1.0	9.600000381469727	0.9969922019548654	0.6322475530295534	0.020536795034625598	0.9997546591049259	6	4.047541046304164
rm2	rnd-2_family-10	DNA/hAT-Ac		repeat:TE:ClassII:TIR:hAT	0.9743783059285321	4884	387.0	0.07923832923832924	373.0	len_inconsistent	1.0	11.100000381469727	0.9854153185713609	0.46890358422373385	0.12585975600132573	0.9267435804359149	6	4.042029867814006
rm2	ltr-1_family-385	LTR/Gypsy		repeat:TE:ClassI:LTR:Gypsy	1.0	33	11.0	0.3333333333333333	401.0	ok	1.0	6.599999904632568	1.0	1.0	0.004503195816385822	1.0	6	4.041392685158225
rm2	ltr-1_family-228	LTR/Unknown	repeat:TE:ClassI:LTR	repeat:TE:ClassI:LTR	1.0	21	11.0	0.5238095238095238	1208.0	ok	1.0	4.599999904632568	1.0	0.999827009572137	0.008591857917195248	0.9988467304809134	6	4.041219694730362
pantera	Unknown_292-fGobNig	Unknown	repeat:TE:ClassI:LINE:Jockey	repeat:TE:ClassI:LINE:Jockey	0.9459752119126279	777	536.0	0.6898326898326899	716.0	len_inconsistent	1.0	1.7999999523162842	0.9811558189900832	0.33067365781374675	0.0167308788327824	0.9998609369656902	6	4.0409942664966
rm2	ltr-1_family-523	LTR/Unknown	repeat:TE:ClassI:LTR:Gypsy	repeat:TE:ClassI:LTR:Gypsy	0.999535747446611	14	11.0	0.7857142857142857	164.0	ok	1.0	1.7999999523162842	0.9981464318813716	0.9981464318813716	0.0	1.0	6	4.037685548920969
rm2	rnd-1_family-354	Unknown		repeat:TE:ClassII:TIR:CACTA	0.30005184161153353	1239	313.0	0.25262308313155774	132.0	len_inconsistent	1.0	13.699999809265137	0.6393195559967512	0.9011551304033932	0.009186896489486509	0.8299702192942875	6	4.036019023946593
rm2	ltr-1_family-84	LTR/Unknown	repeat:TE:ClassI:LTR	repeat:TE:ClassI:LTR	1.0	15	11.0	0.7333333333333333	1027.0	ok	1.0	1.5	0.9957359444093493	0.9957359444093493	0.0	1.0	6	4.032864573976924
rm2	rnd-4_family-1805	LINE/RTE-X		repeat:TE:ClassI:LINE:RTE	0.9998227892964735	260	12.0	0.046153846153846156	818.0	ok	1.0	13.25	0.9767923985027354	0.9760581629714944	0.007112006910452059	0.9175928591995393	6	4.032031807521855
rm2	ltr-1_family-176	LTR/Unknown	repeat:TE:ClassI:LTR	repeat:TE:ClassI:LTR	0.9995747767577978	227	111.0	0.4889867841409692	491.0	len_inconsistent	1.0	11.5	0.9916922163979824	0.9909999010978142	0.0174562357828108	0.9975027198101079	6	4.028015096282455
rm2	ltr-1_family-428	LTR/Unknown	repeat:TE:ClassI:LTR	repeat:TE:ClassI:LTR	0.9995615957913196	18	11.0	0.6111111111111112	421.0	ok	1.0	4.949999809265137	0.994041285379868	0.9925516067248351	0.0	0.9782932538838051	6	4.027985577262928
rm2	rnd-5_family-800	Unknown	repeat:TE:ClassI:LTR:Gypsy	repeat:TE:ClassI:LTR:Gypsy	0.9896268620028514	70	12.0	0.17142857142857143	762.0	ok	1.0	10.25	0.9535014267670862	0.9952285166300229	0.004303690882724424	0.956308181690602	6	4.027911189444733
pantera	Unknown_470-fGobNig	Unknown		repeat:TE:ClassI:LTR:Gypsy	0.2946109317701713	6702	757.0	0.1129513578036407	406.0	len_inconsistent	1.0	11.800000190734863	0.6369336647971077	0.509126327193133	0.008641865941728078	0.9954100756866893	6	4.0251558714903135
rm2	rnd-4_family-4273	Unknown	repeat:TE:ClassII:Helitron	repeat:TE:ClassII:Helitron	0.8889349983023352	1022	292.0	0.2857142857142857	217.0	len_inconsistent	1.0	7.699999809265137	0.9246364814005719	0.633055089260392	0.0083703175661692	0.9764833935045723	6	4.023074422109382
rm2	rnd-1_family-153	Unknown	repeat:TE:ClassII:TIR:CACTA	repeat:TE:ClassII:TIR:CACTA	0.6700578189231643	603	155.0	0.2570480928689884	492.0	len_inconsistent	1.0	7.400000095367432	0.8392919655530167	0.9931131493020858	0.002469591562653156	0.9591117108286498	6	4.022736813025394
rm2	rnd-4_family-63	DNA	repeat:TE:ClassII	repeat:TE:ClassII	0.9779790723098547	265	11.0	0.04150943396226415	313.0	ok	1.0	17.799999237060547	0.9897358535214601	0.9898245925400065	0.004111574525985743	0.19957405271097703	6	4.020953131219692
pantera	Unknown_335-fGobNig	Unknown	repeat:TE:ClassII:TIR:hAT	repeat:TE:ClassII:TIR:hAT	0.9278716058598488	35	12.0	0.34285714285714286	614.0	ok	1.0	1.399999976158142	0.942788148973716	0.9960991919754806	0.014117209993498653	0.9992569889477106	6	4.018068586996821
rm2	rnd-4_family-1820	Unknown	repeat:TE:ClassI:LTR	repeat:TE:ClassI:LTR	0.8897689201958595	486	21.0	0.043209876543209874	450.0	ok	1.0	15.199999809265137	0.7017364255620743	0.9934900447559423	0.05605648961163392	0.7704453281883687	6	4.017445765051936
rm2	rnd-3_family-882	Unknown		repeat:TE:ClassI:LTR	0.49888105561093565	912	139.0	0.1524122807017544	853.0	len_inconsistent	1.0	5.800000190734863	0.8957415113150389	0.9785131665556783	0.0194620977955017	0.9830014588874731	6	4.017269478124812
rm2	rnd-1_family-110	DNA/hAT-Charlie		repeat:TE:ClassII	0.6473531719310818	4524	919.0	0.20313881520778074	338.0	len_inconsistent	1.0	10.5	0.6159767614608069	0.4340124085932631	0.010897716143795106	0.9961902509225387	6	4.013304681440181
rm2	rnd-4_family-672	DNA/hAT-Ac		repeat:TE:ClassII:TIR:hAT	0.9331650706455843	378	20.0	0.05291005291005291	1323.0	ok	1.0	4.300000190734863	0.8563608169914165	0.8522179061462314	0.054147609798884784	0.4642801202932147	6	4.009608718801629
rm2	rnd-3_family-515	DNA	repeat:TE:ClassII	repeat:TE:ClassII	0.9938311590814519	2577	148.0	0.05743112145906092	423.0	len_inconsistent+weak_5p	1.0	13.199999809265137	0.91773105952911	0.9192009140993386	0.0031328287190271063	0.706042497036151	6	4.007193689023406
rm2	rnd-5_family-3199	Unknown	repeat:TE:ClassI:LTR:Gypsy	repeat:TE:ClassI:LTR:Gypsy	0.9331671352039463	53	12.0	0.22641509433962265	866.0	ok	1.0	5.900000095367432	0.9314072128497828	0.9952015355086372	0.016112738660470756	0.9570663703404384	6	4.005789994406045
rm2	ltr-1_family-371	LTR/Unknown	repeat:TE:ClassI:LTR	repeat:TE:ClassI:LTR	1.0	24	13.0	0.5416666666666666	401.0	ok	1.0	8.899999618530273	0.9473684210526315	0.9422846889952153	0.0	0.9837021531100478	6	4.003596462354684
pantera	Unknown_22-fGobNig	Unknown	repeat:TE:ClassII:TIR:PElement	repeat:TE:ClassII:TIR:PElement	0.7987587214019146	591	16.0	0.02707275803722504	3401.0	ok	1.0	19.899999618530273	0.8038008427207842	0.9940264281824175	0.018339209447645256	0.9952475134004071	6	4.001947253559127
rm2	rnd-4_family-2407	Unknown		repeat:TE:ClassII	0.4597338527209536	760	122.0	0.16052631578947368	510.0	len_inconsistent	1.0	8.800000190734863	0.9352855516138922	0.9800562781938422	0.006859589191083082	0.958738448736478	6	4.001701660482483
rm2	ltr-1_family-158	LTR/Unknown	repeat:TE:ClassI:LTR	repeat:TE:ClassI:LTR	1.0	14	10.0	0.7142857142857143	899.0	ok	1.0	0.8500000238418579	1.0	1.0	0.0	0.9877351626650036	6	4.0
rm2	ltr-1_family-396	LTR/Unknown	repeat:TE:ClassI:LTR:Gypsy	repeat:TE:ClassI:LTR:Gypsy	0.9720833333333333	13	10.0	0.7692307692307693	206.0	ok	1.0	4.900000095367432	1.0	1.0	0.0	1.0	6	4.0
rm2	ltr-1_family-23	LTR/Unknown	repeat:TE:ClassI:LTR:BelPao	repeat:TE:ClassI:LTR:BelPao	0.975570897503983	17	10.0	0.5882352941176471	329.0	ok	1.0	0.6000000238418579	1.0	1.0	0.0	1.0	6	4.0
fastltr	CONS_12-7041_clus10_tsdl4_tsdc0.5_tsdmGGAG	LTR/Gypsy		repeat:TE:ClassI:LTR:Gypsy	0.9999496999964071	186	10.0	0.053763440860215055	7041.0	ok	1.0	7.699999809265137	0.9991534057482315	0.9987444576774619	0.03256518058285862	0.9996986698425908	6	3.9978978634256936
pantera	Gypsy_7-fGobNig	LTR/Gypsy		repeat:TE:ClassI:LTR:Gypsy	0.9972691826532252	177	10.0	0.05649717514124294	7982.0	ok	1.0	15.600000381469727	0.9987560134117304	0.9983721269255066	0.002818407114048302	0.9998930949025706	6	3.997128140337237
rm2	rnd-4_family-717	Unknown		repeat:TE:ClassII:TIR:CACTA	0.509718847279769	1674	114.0	0.06810035842293907	822.0	len_inconsistent+weak_5p	1.0	7.599999904632568	0.9427341708200958	0.9969551235341553	0.015879215366230433	0.9874182673156703	6	3.9965941456907235
rm2	ltr-1_family-133	LTR/Unknown	repeat:TE:ClassI:LTR	repeat:TE:ClassI:LTR	1.0	37	10.0	0.2702702702702703	649.0	ok	1.0	6.0	0.9984559613319012	0.9980531686358755	0.040950590762620837	0.9976503759398496	6	3.9965091299677766
rm2	rnd-5_family-2770	Unknown		repeat:TE:ClassI:PLE	0.4789303871724677	159	20.0	0.12578616352201258	431.0	ok	1.0	10.600000381469727	0.6992229038854806	0.9956646216768916	0.03701431492842536	0.8409815950920245	6	3.995917521226353
rm2	rnd-1_family-365	Unknown	repeat:TE:ClassI:LINE:Jockey	repeat:TE:ClassI:LINE:Jockey	0.8669303930645569	118	26.0	0.22033898305084745	207.0	ok	1.0	4.599999904632568	0.7258246498971261	0.8549810844892812	0.0060396893874029335	0.9335634167385677	6	3.9957790823572252
rm2	ltr-1_family-3	LTR/Unknown	repeat:TE:ClassI:LTR:Copia	repeat:TE:ClassI:LTR:Copia	0.9279385705847608	21	10.0	0.47619047619047616	238.0	ok	1.0	4.599999904632568	0.9985503044360684	0.9962307915337779	0.0	0.9855030443606843	6	3.9947810959698464
rm2	rnd-2_family-210	LINE/Rex-Babar		repeat:TE:ClassI:LINE:RTE	0.9962687777813828	1356	122.0	0.08997050147492626	246.0	len_inconsistent	1.0	11.699999809265137	0.9504852336942753	0.9504246483294962	0.01143411066192265	0.8983487734217512	6	3.9872697126985197
rm2	ltr-1_family-480	LTR/Unknown	repeat:TE:ClassI:LTR	repeat:TE:ClassI:LTR	1.0	12	10.0	0.8333333333333334	152.0	ok	1.0	6.400000095367432	0.9921875	0.9921875	0.001201923076923077	0.8725961538461539	6	3.984375
rm2	rnd-5_family-5883	DNA/PIF-Harbinger		repeat:TE:ClassII:TIR:PIFHarbinger	0.6359345690715827	347	121.0	0.34870317002881845	251.0	len_inconsistent	1.0	11.699999809265137	0.9599009163376294	0.9401028086120837	0.002160470833643746	0.9832936005363928	6	3.9827890952661633
rm2	ltr-1_family-71	LTR/Unknown	repeat:TE:ClassI:LTR	repeat:TE:ClassI:LTR	0.9986045213508233	78	10.0	0.1282051282051282	860.0	ok	1.0	8.75	0.9884327080400289	0.9867584947300331	0.0013317605874966706	0.9675811422700811	6	3.9751912027700618
rm2	rnd-5_family-7258	LINE/L2		repeat:TE:ClassI:LINE:Jockey	0.9957163255592575	99	10.0	0.10101010101010101	338.0	ok	1.0	7.400000095367432	0.9884177869700104	0.985591175456739	0.021509824198552224	0.1592554291623578	6	3.9740089624267494
rm2	rnd-1_family-254	DNA/TcMar-Tc1		repeat:TE:ClassII:TIR:Tc1Mariner	0.8876825793604559	3879	724.0	0.18664604279453467	1633.0	len_inconsistent	1.0	4.300000190734863	0.9986706317866533	0.11447279485635527	0.0021271494994022653	0.9990739322759858	6	3.9728819928401555
rm2	ltr-1_family-372	LTR/Unknown	repeat:TE:ClassI:LTR	repeat:TE:ClassI:LTR	0.999611197511664	27	11.0	0.4074074074074074	316.0	ok	1.0	5.900000095367432	0.9657376176105095	0.9657376176105095	0.013491922598970352	0.9474525119829575	6	3.972867920379244
rm2	rnd-5_family-4240	LINE/L2		repeat:TE:ClassI:LINE:Jockey	0.999944582986977	199	95.0	0.47738693467336685	162.0	len_inconsistent	1.0	19.0	0.9974333589997434	0.9938033952993803	0.017801488651780148	0.9986616800498662	6	3.968960359587972
rm2	rnd-1_family-147	Unknown		repeat:TE:ClassII:TIR:CACTA	0.4720874519356592	586	153.0	0.26109215017064846	132.0	len_inconsistent	1.0	13.100000381469727	0.8065085551496932	0.9758463393746614	0.003408078018770645	0.8923047346068476	6	3.9670463253419537
rm2	rnd-1_family-250	LINE/Rex-Babar		repeat:TE:ClassI:LINE:RTE	0.9974110724792725	480	104.0	0.21666666666666667	354.0	len_inconsistent	1.0	9.25	0.9729956962931515	0.9745523562170667	0.006975834311448526	0.803569496124999	6	3.9645813918089985
rm2	rnd-4_family-456	Unknown	repeat:TE:ClassII	repeat:TE:ClassII	0.9947114935234244	863	106.0	0.12282734646581692	726.0	len_inconsistent	1.0	17.0	0.9686001326888447	0.9704482987394559	0.007866552933371244	0.9928300635010899	6	3.964354296693071
rm2	rnd-1_family-583	Unknown		repeat:TE:ClassII:Helitron	0.2887912087912088	304	209.0	0.6875	103.0	len_inconsistent	1.0	12.949999809265137	0.666006016634224	0.9742346487347372	0.004317819854892939	0.8309325783047248	6	3.9603869514800154
rm2	rnd-1_family-180	Unknown	repeat:TE:ClassI:LTR	repeat:TE:ClassI:LTR	0.9144511531798063	657	112.0	0.1704718417047184	621.0	len_inconsistent	1.0	10.899999618530273	0.9149956572636985	0.9952526609374915	0.0068566681232366065	0.9420069375886755	6	3.9594663408713715
pantera	Unknown_466-fGobNig	Unknown	repeat:TE:ClassI:LTR:Gypsy	repeat:TE:ClassI:LTR:Gypsy	0.9193075527013821	31	10.0	0.3225806451612903	414.0	ok	1.0	11.399999618530273	0.9615072933549432	0.9952728254997298	0.0	0.9721772015126958	6	3.956780118854673
rm2	rnd-1_family-422	Unknown	repeat:TE:ClassII:TIR:CACTA	repeat:TE:ClassII:TIR:CACTA	0.9083120253406098	1221	155.0	0.12694512694512694	343.0	len_inconsistent	1.0	17.700000762939453	0.8141100366131971	0.9499729095177895	0.012023795841747802	0.9104536424384718	6	3.954414644301278
rm2	rnd-5_family-2768	LINE/L2		repeat:TE:ClassI:LINE:Jockey	0.9992314141978759	145	10.0	0.06896551724137931	639.0	ok	1.0	9.399999618530273	0.9758486846158585	0.9771733103320805	0.002526030435586224	0.9045961431827984	6	3.953021994947939
rm2	rnd-2_family-146	DNA/hAT-hAT5		repeat:TE:ClassII:TIR:hAT	0.925070056278721	10834	242.0	0.022337086948495476	409.0	len_inconsistent	1.0	15.899999618530273	0.9760959901303681	0.5926229807217168	0.007220484792608389	0.7195790814211475	6	3.9525343368325156
rm2	rnd-4_family-1409	Unknown	repeat:TE:ClassI:LTR	repeat:TE:ClassI:LTR	0.7954399027963349	471	115.0	0.24416135881104034	1095.0	len_inconsistent	1.0	4.699999809265137	0.9096600468376155	0.9792274329774012	0.0745555076470439	0.9983894285641819	6	3.9495853201686284
pantera	Unknown_158-fGobNig	DNA	repeat:TE:ClassII	repeat:TE:ClassII	0.9986773583834962	2289	128.0	0.055919615552643076	1079.0	len_inconsistent	1.0	11.399999618530273	0.9477747318028759	0.8935924408304886	0.0632564627151421	0.9915575621639687	6	3.948577142281233
pantera	Unknown_490-fGobNig	Unknown	repeat:TE:ClassII:TIR:hAT	repeat:TE:ClassII:TIR:hAT	0.8665395078107679	3162	264.0	0.08349146110056926	375.0	len_inconsistent	1.0	17.450000762939453	0.9416046250467912	0.585350057337746	0.019094756814675293	0.9774491337940159	6	3.9485586092543685
rm2	rnd-5_family-12902	DNA/PIF-ISL2EU		repeat:TE:ClassII:TIR:PIFHarbinger	0.9992562685932852	68	9.0	0.1323529411764706	1004.0	ok	1.0	5.5	0.997675225537821	0.9963219986120749	0.006210964607911173	0.9834142956280361	6	3.9482397335892205
rm2	ltr-1_family-174	LTR/Pao		repeat:TE:ClassI:LTR:BelPao	0.9972916039723142	46	16.0	0.34782608695652173	426.0	ok	1.0	8.399999618530273	0.8710775966918025	0.8721316792345739	8.108327252087895e-05	0.9361874645260683	6	3.947329258582301
pantera	Unknown_65-fGobNig	DNA	repeat:TE:ClassII	repeat:TE:ClassII	1.0	53	9.0	0.16981132075471697	1547.0	ok	1.0	13.5	0.9965875724148877	0.9963494960717404	0.12435520990397587	0.1851837155781287	6	3.947179577925953
rm2	ltr-1_family-537	LTR		repeat:TE:ClassI:LTR	0.8896662645757941	39	9.0	0.23076923076923078	872.0	ok	0.9988532110091743	8.800000190734863	0.9954652071931196	0.9953088350273651	0.004534792806880375	0.9769351055512119	6	3.9450165516598097
rm2	rnd-5_family-4408	DNA/hAT-Charlie		repeat:TE:ClassII	0.5539671193709793	218	43.0	0.19724770642201836	338.0	ok	1.0	7.75	0.8396426804783659	0.4712660400966043	0.0011057118747635813	0.7729798935024879	6	3.9443771761545565
rm2	ltr-1_family-123	LTR/Unknown	repeat:TE:ClassI:LTR	repeat:TE:ClassI:LTR	0.9631901840490797	57	9.0	0.15789473684210525	942.0	ok	1.0	11.100000381469727	0.9962408156290938	0.993563820698297	0.06265307284843652	0.9812610354844221	6	3.9440471457667154
rm2	ltr-1_family-41	LTR/Unknown	repeat:TE:ClassI:LTR	repeat:TE:ClassI:LTR	0.9781002638522427	38	9.0	0.23684210526315788	733.0	ok	1.0	7.350000381469727	0.9931023156511742	0.9948267367383807	0.0	0.938824109049105	6	3.94217156182888
pantera	Unknown_7-fGobNig	Unknown	repeat:TE:ClassII:TIR:CACTA	repeat:TE:ClassII:TIR:CACTA	0.9151500609103326	621	28.0	0.04508856682769726	4158.0	ok	1.0	4.099999904632568	0.7244199632782508	0.767377054281988	0.013008212884298199	0.99899849774662	6	3.938955048902458
rm2	rnd-5_family-6839	Unknown	repeat:TE:ClassI:LTR	repeat:TE:ClassI:LTR	0.9009256580850449	52	13.0	0.25	702.0	ok	1.0	5.400000095367432	0.8345314823996034	0.9900223103619237	0.004400099157164105	0.8669434804164601	6	3.9384971450683635
pantera	Unknown_463-fGobNig	Unknown	repeat:TE:ClassII:TIR:hAT	repeat:TE:ClassII:TIR:hAT	0.8262352674524025	2771	345.0	0.12450378924575965	419.0	len_inconsistent	1.0	12.899999618530273	0.8736318900561403	0.5262611760745368	0.020529322653148115	0.9979524144281513	6	3.937712161203951
rm2	rnd-5_family-2076	DNA/hAT-Tip100		repeat:TE:ClassII:TIR:hAT	0.8990384615384616	201	9.0	0.04477611940298507	219.0	ok	1.0	8.899999618530273	0.9915176101788677	0.9894277460200381	0.00688425840555658	0.30462843444587867	6	3.935187865638231
pantera	Unknown_244-fGobNig	Unknown		repeat	0.3367930275912137	6764	239.0	0.03533412182140745	865.0	len_inconsistent	1.0	18.799999237060547	0.6188253725453571	0.9365147878062756	0.008228769899866472	0.9860127739452577	6	3.93373806129977
rm2	rnd-1_family-143	DNA/TcMar-Tc1		repeat:TE:ClassII:TIR:Tc1Mariner	0.947905307474636	546	234.0	0.42857142857142855	292.0	len_inconsistent	1.0	9.850000381469727	0.9944582861457154	0.569611174027935	0.013439033597583994	0.9773499433748585	6	3.9332853175837936
rm2	rnd-5_family-7289	LINE/L1		repeat:TE:ClassI:LINE:L1	0.9761668321747765	47	9.0	0.19148936170212766	626.0	ok	1.0	7.5	0.9889811980760822	0.9888062964582423	0.007783121993878444	0.09925666812418014	6	3.932030003973649
rm2	rnd-4_family-918	DNA/PIF-Harbinger		repeat:TE:ClassII	0.8766792198302512	472	9.0	0.019067796610169493	481.0	ok	1.0	14.649999618530273	0.9895972335815648	0.9868709913477681	0.0034149771139138792	0.5236824358256926	6	3.930710734368658
rm2	rnd-5_family-2620	LINE/RTE-BovB		repeat:TE:ClassI:LINE:RTE	0.9349476439790576	119	18.0	0.15126050420168066	1751.0	ok	1.0	8.600000381469727	0.9235110210983739	0.7516959317301453	0.001101126688558114	0.9994297736791395	6	3.930479457931825
rm2	rnd-5_family-1224	DNA/hAT-Tip100		repeat:TE:ClassII:TIR:hAT	0.9642733263961152	323	9.0	0.02786377708978328	870.0	ok	1.0	8.399999618530273	0.9865152036001125	0.9871870995968623	0.0016563017594299822	0.10290946592081003	6	3.9279448126362997
rm2	rnd-3_family-180	Unknown		repeat:TE:ClassII:TIR:hAT	0.5531554747107271	855	105.0	0.12280701754385964	413.0	weak_3p	1.0	8.399999618530273	0.9340564717700945	0.9707415956085484	0.012162598514656111	0.976003683461497	6	3.9259873664485814
rm2	rnd-5_family-9064	DNA/CMC-EnSpm		repeat:TE:ClassII:TIR:CACTA	0.9903846153846154	72	9.0	0.125	1020.0	ok	1.0	16.599998474121094	0.9722281908036098	0.9991942415126772	0.020090244950580146	0.13488397077782552	6	3.925664941755612
rm2	rnd-1_family-47	Unknown		repeat:TE:ClassII:TIR:hAT	0.47667823584186914	997	190.0	0.1905717151454363	208.0	weak_3p	1.0	9.399999618530273	0.7676716662537402	0.8790284156962894	0.011358655257189685	0.9089401764784357	6	3.9254536829028583
rm2	ltr-1_family-271	LTR/Unknown	repeat:TE:ClassI:LTR	repeat:TE:ClassI:LTR	0.9948389114795121	38	9.0	0.23684210526315788	310.0	ok	1.0	10.699999809265137	0.9846808510638297	0.9846808510638297	0.00524822695035461	0.9222695035460993	6	3.9236042115669845
rm2	rnd-1_family-412	Unknown	repeat:TE:ClassII:TIR:hAT	repeat:TE:ClassII:TIR:hAT	0.7169303754635771	800	95.0	0.11875	1136.0	len_inconsistent+weak_5p	1.0	7.400000095367432	0.9473747362737354	0.9974335643125452	0.012472210834358241	0.9875711185993261	6	3.9225319058751285
rm2	rnd-5_family-629	Unknown	repeat:TE:ClassI:LTR	repeat:TE:ClassI:LTR	0.9480016652789343	94	11.0	0.11702127659574468	853.0	ok	1.0	10.649999618530273	0.8828502861362377	0.9957171866346687	0.007827210633191804	0.8911205464279122	6	3.9199601579291317
rm2	ltr-1_family-135	LTR/Unknown	repeat:TE:ClassI:LTR	repeat:TE:ClassI:LTR	1.0	19	9.0	0.47368421052631576	488.0	ok	1.0	9.300000190734863	0.9871639987919058	0.9778012684989429	0.0	0.9693446088794926	6	3.9192077767301736
rm2	ltr-1_family-19	LTR/Unknown	repeat:TE:ClassI:LTR:Gypsy	repeat:TE:ClassI:LTR:Gypsy	0.994899960768929	32	10.0	0.3125	741.0	ok	1.0	11.899999618530273	0.9579825616355984	0.9579825616355984	0.0	1.0	6	3.9159651232711967
rm2	rnd-1_family-71	Unknown		repeat:TE:ClassII:TIR:CACTA	0.42010413143154013	2283	205.0	0.08979413053000437	947.0	len_inconsistent	1.0	11.300000190734863	0.6374633860574107	0.9650741528689915	0.030029599482009065	0.9874633860574107	6	3.9142913999821562
rm2	rnd-1_family-541	DNA/TcMar-Tc1		repeat:TE:ClassII:TIR:Tc1Mariner	0.958795776736016	5527	484.0	0.08757011036728786	520.0	len_inconsistent+weak_5p	1.0	9.5	0.9852912235937595	0.24361941083461702	0.004533933673088538	0.9823808538215675	6	3.913755996072789
rm2	rnd-1_family-426	LINE/L2		repeat:TE:ClassI:LINE:Jockey	0.9936658912369565	982	98.0	0.09979633401221996	541.0	len_inconsistent	1.0	19.849998474121094	0.9614974928110409	0.9605796637714353	0.01007506831089985	0.8556608579596408	6	3.913303232274971
rm2	rnd-5_family-502	LINE/L2		repeat:TE:ClassI:LINE:Jockey	0.9995477159656264	122	10.0	0.08196721311475409	621.0	ok	1.0	8.75	0.9566521374015275	0.9546926860479066	0.027432318950693806	0.8410445075378894	6	3.911344823449434
pantera	Unknown_87-fGobNig	Unknown	repeat:TE:ClassI:LTR:Gypsy	repeat:TE:ClassI:LTR:Gypsy	0.6336013709464804	97	19.0	0.1958762886597938	1359.0	ok	1.0	16.399999618530273	0.6346090165097686	0.9962391787690997	0.09716637494678083	0.7214863522399356	6	3.9096017962316973
rm2	ltr-1_family-77	LTR/Unknown	repeat:TE:ClassI:LTR:Gypsy	repeat:TE:ClassI:LTR:Gypsy	0.9654602793212194	59	20.0	0.3389830508474576	778.0	ok	1.0	5.199999809265137	0.803368302584509	0.8029663571686965	0.004943928614494152	1.0	6	3.9073646554171866
rm2	ltr-1_family-512	LTR/Unknown	repeat:TE:ClassI:LTR	repeat:TE:ClassI:LTR	1.0	9	8.0	0.8888888888888888	257.0	ok	0.9922178988326849	2.4000000953674316	1.0	1.0	0.0	0.9995590828924162	6	3.9030899869919438
rm2	ltr-1_family-206	LTR/Unknown	repeat:TE:ClassI:LTR	repeat:TE:ClassI:LTR	1.0	8	8.0	1.0	904.0	ok	1.0	1.2000000476837158	1.0	1.0	0.24760848468043808	1.0	6	3.9030899869919438
rm2	ltr-1_family-335	LTR/Gypsy		repeat:TE:ClassI:LTR:Gypsy	1.0	22	8.0	0.36363636363636365	6458.0	ok	1.0	1.350000023841858	1.0	0.9999408249008818	0.0	1.0	6	3.903030811892825
rm2	rnd-3_family-897	Unknown	repeat:TE:ClassII:TIR:PIFHarbinger	repeat:TE:ClassII:TIR:PIFHarbinger	0.7279764333809426	498	138.0	0.27710843373493976	291.0	len_inconsistent	1.0	8.0	0.7669437675617065	0.995219718079959	0.00705383063810934	0.9190500064125733	6	3.902042572042902
pantera	Unknown_172-fGobNig	Unknown	repeat:TE:ClassI:LTR	repeat:TE:ClassI:LTR	0.788464434300367	502	128.0	0.2549800796812749	1047.0	len_inconsistent	1.0	6.0	0.8720938516706642	0.9204049807246274	0.0777110198136582	0.9995448320628211	6	3.89970880204316
rm2	rnd-1_family-607	DNA/TcMar-Tc1		repeat:TE:ClassII:TIR:Tc1Mariner	0.3306663392971519	3454	397.0	0.11493920092646208	372.0	len_inconsistent	1.0	8.699999809265137	0.967427258659532	0.3319760033808796	0.004138717744216122	0.9656812122868282	6	3.8981937688035266
rm2	rnd-1_family-196	DNA/TcMar-Tc1		repeat:TE:ClassII:TIR:Tc1Mariner	0.9118464667506492	993	199.0	0.20040281973816718	489.0	len_inconsistent	1.0	10.0	0.9803958015787452	0.6182675109772772	0.007154334527099314	0.9686729370360733	6	3.8975163889657294
rm2	ltr-1_family-215	LTR/Unknown	repeat:TE:ClassI:LTR:Gypsy	repeat:TE:ClassI:LTR:Gypsy	0.6670524691358025	25	8.0	0.32	186.0	ok	1.0	10.300000190734863	0.9967260822117133	0.9967260822117133	0.0	0.9461622408148418	6	3.89654215141537
rm2	rnd-4_family-3479	LTR/DIRS		repeat:TE:ClassI:DIRS	0.9232049633048347	306	11.0	0.03594771241830065	4907.0	ok	1.0	14.850000381469727	0.9111462964740001	0.9397264071479597	0.010768853490281376	0.13073494759513377	6	3.892265388780185
rm2	ltr-1_family-139	LTR/Unknown	repeat:TE:ClassI:LTR	repeat:TE:ClassI:LTR	1.0	67	8.0	0.11940298507462686	577.0	ok	1.0	14.100000381469727	0.9941914808385632	0.9941914808385632	0.0	0.9934570703698758	6	3.89147294866907
pantera	Unknown_471-fGobNig	Unknown		repeat:TE:ClassI:LTR:Gypsy	0.3646489029540738	3526	514.0	0.14577424844015882	405.0	len_inconsistent	1.0	13.100000381469727	0.7069048561212267	0.4725179098678403	0.010061039479597701	0.9925621003740436	6	3.890385884984343
rm2	rnd-3_family-787	DNA/hAT-Ac		repeat:TE:ClassII:TIR:hAT	0.9953363952960178	924	132.0	0.14285714285714285	284.0	len_inconsistent	1.0	16.200000762939453	0.997149025478234	0.7725087823555519	0.023793225362389703	0.9726938324168591	6	3.8902317390396357
rm2	ltr-1_family-338	LTR/Unknown	repeat:TE:ClassI:LTR	repeat:TE:ClassI:LTR	0.9993390478157596	257	86.0	0.3346303501945525	332.0	len_inconsistent	1.0	7.199999809265137	0.9789993575329264	0.9755862512046257	0.08040876967555413	0.9964463539993575	6	3.88908405998112
rm2	rnd-5_family-2862	Unknown	repeat:TE:ClassII	repeat:TE:ClassII	0.992857242117258	251	8.0	0.03187250996015936	1902.0	ok	1.0	5.0	0.9886981539859312	0.9958013848547004	0.04676293655273048	0.9948102363613838	6	3.887589525832575
rm2	rnd-5_family-5154	DNA/hAT-Ac		repeat:TE:ClassII:TIR:hAT	0.9601379134931962	419	85.0	0.20286396181384247	957.0	len_inconsistent	1.0	14.800000190734863	0.9952939580931714	0.9617820573676001	0.02917881603037906	0.9979928120973758	6	3.886494941175064
rm2	rnd-4_family-281	Unknown	repeat:TE:ClassII:TIR:CACTA	repeat:TE:ClassII:TIR:CACTA	0.9219572102643656	411	93.0	0.22627737226277372	364.0	len_inconsistent	1.0	10.699999809265137	0.9212319190583929	0.9917380583165976	0.015494318326257722	0.991496555405852	6	3.8814529259289254
pantera	Unknown_32-fGobNig	LTR		repeat:TE:ClassI:LTR	0.9976627741335631	428	8.0	0.018691588785046728	2429.0	ok	1.0	15.399999618530273	0.9900668640989286	0.988128895861473	0.03983321727895836	0.9953941793837093	6	3.8812857469523454
pantera	Unknown_484-fGobNig	DNA	repeat:TE:ClassII:TIR:hAT	repeat:TE:ClassII:TIR:hAT	0.8432221687579425	384	167.0	0.4348958333333333	380.0	len_inconsistent	1.0	3.5	0.860572674247334	0.7966574363204305	0.010722912861603724	0.9992242581354701	6	3.879946581715348
rm2	rnd-3_family-133	Unknown	repeat:TE:ClassII:Helitron	repeat:TE:ClassII:Helitron	0.9170194406963209	1163	104.0	0.08942390369733448	370.0	len_inconsistent+weak_5p	1.0	9.899999618530273	0.861264103383764	0.991704354296914	0.0021852711675217347	0.9132127678529318	6	3.8700017969794582
pantera	Unknown_207-fGobNig	Unknown	repeat:TE:ClassII:TIR:hAT	repeat:TE:ClassII:TIR:hAT	0.6793590601996993	2036	128.0	0.06286836935166994	972.0	len_inconsistent	1.0	10.5	0.9698061014979765	0.7925956123614422	0.010300651609879119	0.9986796152398809	6	3.869611683507287
rm2	ltr-1_family-87	LTR/Pao		repeat:TE:ClassI:LTR:BelPao	1.0	67	46.0	0.6865671641791045	446.0	ok	1.0	1.7999999523162842	0.9999581414817915	0.20652992884051904	0.00401841774801172	1.0	6	3.8692459020038843
rm2	rnd-5_family-6336	LTR/Pao		repeat:TE:ClassI:LTR:BelPao	0.9792193204156135	74	8.0	0.10810810810810811	608.0	ok	1.0	13.300000190734863	0.9831471556789565	0.9828243042551817	0.13023826435074579	0.24711047975721573	6	3.869061446926082
rm2	rnd-5_family-707	DNA/hAT		repeat:TE:ClassII:TIR:hAT	0.9581304771178188	271	79.0	0.2915129151291513	105.0	len_inconsistent	1.0	18.200000762939453	0.9888809353376282	0.9823908375089477	0.000763540921021236	0.06661894535910284	6	3.8688988641370172
rm2	rnd-1_family-404	DNA/hAT-Ac		repeat:TE:ClassII:TIR:hAT	0.993469434556229	1389	133.0	0.09575233981281497	522.0	len_inconsistent	1.0	15.100000381469727	0.9967208703340638	0.7481912889708991	0.027270979894668052	0.9893899204244032	6	3.8687638002720486
rm2	rnd-1_family-433	Unknown	repeat:TE:ClassI:LTR	repeat:TE:ClassI:LTR	0.9455849478862078	334	86.0	0.25748502994011974	1727.0	len_inconsistent	1.0	13.700000762939453	0.9295920363938757	0.9999682042753021	0.006809176735312821	0.9661351073717165	6	3.8640586919127453
rm2	rnd-4_family-2734	DNA/hAT-Charlie		repeat:TE:ClassII:TIR:hAT	0.9746362855195709	1468	113.0	0.07697547683923706	172.0	weak_5p	1.0	21.0	0.9751476813623706	0.8331723727203953	0.002655850113477232	0.43844061358185654	6	3.8613984975661855
pantera	Unknown_467-fGobNig	Unknown	repeat:TE:ClassI:LTR:Gypsy	repeat:TE:ClassI:LTR:Gypsy	0.8949788486297591	30	8.0	0.26666666666666666	413.0	ok	1.0	17.700000762939453	0.9777896233120114	0.9770788912579957	0.036069651741293535	0.9889836531627576	6	3.8579585015619506
rm2	rnd-5_family-4484	Unknown	repeat:TE:ClassII:Helitron	repeat:TE:ClassII:Helitron	0.853724716329551	90	12.0	0.13333333333333333	183.0	ok	1.0	9.300000190734863	0.7842509603072984	0.9937046521553564	0.0343576611182245	0.8714255228339736	6	3.85713685851028
pantera	TcMar-Tc1_4-fGobNig	DNA/TcMar-Tc1		repeat:TE:ClassII:TIR:Tc1Mariner	0.9998733856672576	3369	447.0	0.13268032056990206	1627.0	len_inconsistent	1.0	20.299999237060547	0.9988722965249232	0.20480338938461734	0.003629124799734943	0.9994964135286992	6	3.8539832090414774
rm2	rnd-1_family-442	Unknown		repeat:TE:ClassII:TIR:Mutator	0.37849940773697743	513	176.0	0.34307992202729043	121.0	len_inconsistent	1.0	14.100000381469727	0.7278611165227179	0.8798406822953871	0.012706452799965367	0.8694071043574259	6	3.853214466632255
rm2	rnd-4_family-292	LINE/L2		repeat:TE:ClassI:LINE:Jockey	0.9999882732336558	278	74.0	0.26618705035971224	432.0	len_inconsistent	1.0	22.100000381469727	0.9928740286622403	0.9887228675813549	0.009376873395242565	0.9758282527796944	6	3.8508286159745713
pantera	Unknown_285-fGobNig	Unknown	repeat:TE:ClassI:LINE:Jockey	repeat:TE:ClassI:LINE:Jockey	0.8673479597591369	5382	455.0	0.08454106280193237	730.0	len_inconsistent	1.0	9.300000190734863	0.633670700050702	0.5572523720701864	0.06853968888697666	0.9992280806541827	6	3.848934468778001
rm2	rnd-4_family-1415	Unknown	repeat:TE:ClassI:LTR	repeat:TE:ClassI:LTR	0.9576703272075302	206	11.0	0.05339805825242718	811.0	ok	1.0	14.300000190734863	0.812889326026884	0.994332818134982	0.003793733314598848	0.8415999250620579	6	3.8486148293200912
rm2	rnd-5_family-4428	DNA/hAT-Ac		repeat:TE:ClassII:TIR:hAT	0.9876644736842105	158	84.0	0.5316455696202531	69.0	len_inconsistent	1.0	17.450000762939453	0.9993337034980566	0.9249305941143809	0.0052193225985563575	0.21010549694614103	6	3.8485435836743194
rm2	rnd-1_family-594	Unknown	repeat:TE:ClassII	repeat:TE:ClassII	0.9287617614524414	899	154.0	0.17130144605116795	549.0	len_inconsistent	1.0	6.0	0.8288082500613844	0.831803064010893	0.014895944166251236	0.9989062418619186	6	3.8481320349087405
rm2	rnd-5_family-19536	Unknown	repeat:TE:ClassII:TIR:CACTA	repeat:TE:ClassII:TIR:CACTA	0.7774500603298029	44	11.0	0.25	322.0	ok	1.0	5.800000190734863	0.812934716290421	0.9936546674801708	0.07907260524710188	0.9165344722391702	6	3.847982068928817
rm2	ltr-1_family-277	LTR/Gypsy		repeat:TE:ClassI:LTR:Gypsy	1.0	7	7.0	1.0	185.0	ok	1.0	0.5	1.0	1.0	0.0	1.0	6	3.845098040014257
fastltr	CONS_67-4478_clus7_tsdl5_tsdc0.67_tsdmBRVHD	LTR/Copia		repeat:TE:ClassI:LTR:Copia	1.0	53	7.0	0.1320754716981132	4478.0	ok	1.0	13.899999618530273	0.9999640248947728	0.9992804978954564	0.0	0.9997841493686369	6	3.844342562804486
rm2	rnd-5_family-838	Unknown		repeat:TE:ClassII:TIR:CACTA	0.39829545454545456	1106	158.0	0.14285714285714285	138.0	len_inconsistent	1.0	13.899999618530273	0.806530641228963	0.8387932870973087	0.008829029280185575	0.9319123251355126	6	3.8439810152806944
rm2	ltr-1_family-298	LTR/Copia		repeat:TE:ClassI:LTR:Copia	0.9990760844458817	25	7.0	0.28	4080.0	ok	1.0	6.5	0.9992384732542576	0.9992153966862048	0.0	0.9998615405916832	6	3.8435519099547193
rm2	rnd-5_family-2147	Unknown	repeat:TE:ClassII:TIR:PIFHarbinger	repeat:TE:ClassII:TIR:PIFHarbinger	0.9688355123137732	44	9.0	0.20454545454545456	274.0	ok	1.0	5.550000190734863	0.8925574356857889	0.9962855963681386	0.02723895996698308	0.908653184757188	6	3.8430855414932523
rm2	rnd-5_family-5929	LTR/Gypsy		repeat:TE:ClassI:LTR:Gypsy	0.9998757422183564	157	7.0	0.044585987261146494	7096.0	ok	1.0	16.600000381469727	0.9993710078934079	0.9984319492553974	0.09739632704045925	0.999707651556091	6	3.842900997163062
rm2	ltr-1_family-485	LTR/Gypsy		repeat:TE:ClassI:LTR:Gypsy	1.0	31	7.0	0.22580645161290322	610.0	ok	1.0	10.199999809265137	0.9987101313320825	0.9984756097560976	0.0016416510318949344	0.9519230769230769	6	3.842283781102437
rm2	ltr-1_family-205	LTR/Unknown	repeat:TE:ClassI:LTR	repeat:TE:ClassI:LTR	1.0	86	7.0	0.08139534883720931	761.0	ok	1.0	16.950000762939453	0.9990140382177567	0.9980280764355134	0.009812667261373774	0.9999060988778816	6	3.842140154667527
pantera	Unknown_170-fGobNig	Unknown		repeat:TE:ClassII:TIR:Mutator	0.3894670566711088	943	118.0	0.12513255567338283	1049.0	len_inconsistent	1.0	10.699999809265137	0.8529354696001097	0.9168087423777136	0.01427311134165177	0.9995058611081646	6	3.841626219283949
rm2	ltr-1_family-295	LTR/Unknown	repeat:TE:ClassI:LTR	repeat:TE:ClassI:LTR	0.9606368308888054	40	10.0	0.25	435.0	ok	1.0	12.25	0.9196621691214337	0.9214131218457101	0.009269749716757647	0.9001956947162426	6	3.8410752909671437
rm2	rnd-5_family-17396	Unknown	repeat:TE:ClassII	repeat:TE:ClassII	0.9876068621263412	73	10.0	0.136986301369863	2066.0	ok	1.0	16.5	0.9129862609885772	0.9280412696741591	0.2954150655366637	0.9894193820076854	6	3.8410275306627364
rm2	rnd-1_family-530	DNA/TcMar-Tc1		repeat:TE:ClassII:TIR:Tc1Mariner	0.8860331157737965	7356	437.0	0.05940728656878738	469.0	len_inconsistent+weak_5p	1.0	11.699999809265137	0.9870961126174788	0.21232312103485473	0.0027321296700379095	0.9328541573760745	6	3.839900670622755
pantera	Unknown_226-fGobNig	DNA	repeat:TE:ClassII	repeat:TE:ClassII	0.9988799947293869	11037	437.0	0.03959409259762617	913.0	len_inconsistent	1.0	18.600000381469727	0.6008441852218677	0.5984334152574496	0.0060144528814056715	0.9806223787339667	6	3.8397590374497392
pantera	Unknown_382-fGobNig	DNA		repeat:TE:ClassII	0.544435548438751	1228	548.0	0.44625407166123776	512.0	len_inconsistent	1.0	4.0	0.994546685061301	0.1058177369393758	0.15751880677824923	0.9949683733763698	6	3.8391449804850457
rm2	rnd-5_family-2079	Unknown		repeat:TE:ClassII:TIR:CACTA	0.3303834808259587	353	206.0	0.5835694050991501	65.0	len_inconsistent	1.0	15.100000381469727	0.669787576764321	0.8553810530554716	0.003825631732608477	0.7759991946038458	6	3.839035850188946
rm2	rnd-1_family-103	DNA/hAT-Ac		repeat:TE:ClassII:TIR:hAT	0.907834203308856	1993	484.0	0.24284997491219268	235.0	len_inconsistent	1.0	9.699999809265137	0.9365827889203895	0.21590448854531688	0.009480709292292522	0.9433235309655039	6	3.8373326391101186
fastltr	CONS_4-7367_clus68_tsdl4_tsdc0.94_tsdmNNNN	LTR/Gypsy		repeat:TE:ClassI:LTR:Gypsy	0.999257080504971	199	69.0	0.34673366834170855	7367.0	len_inconsistent	1.0	3.5999999046325684	0.9991365530627391	0.9990562739053491	1.2487868927327739e-05	0.9998893931609294	6	3.8370419177053434
rm2	rnd-5_family-12332	DNA/hAT-Tip100		repeat:TE:ClassII:TIR:hAT	0.9522455940875497	157	16.0	0.10191082802547771	238.0	ok	1.0	11.600000381469727	0.9817827331992932	0.6509474197282642	0.00012185462742947664	0.45622372509596054	6	3.8368501355834823
rm2	ltr-1_family-74	LTR/Gypsy		repeat:TE:ClassI:LTR:Gypsy	1.0	18	7.0	0.3888888888888889	5071.0	ok	1.0	0.6499999761581421	0.9955046077770285	0.9955046077770285	0.2543642766164681	1.0	6	3.836107255568314
rm2	rnd-1_family-230	LINE/Rex-Babar		repeat:TE:ClassI:LINE:RTE	0.9739943388352883	4000	222.0	0.0555	403.0	len_inconsistent+weak_5p	1.0	12.199999809265137	0.7425769516572995	0.7467197644440258	0.019438949766432578	0.9471760843703448	6	3.835649690551964
rm2	ltr-1_family-85	LTR/Unknown	repeat:TE:ClassI:LTR	repeat:TE:ClassI:LTR	0.9797883723695161	24	7.0	0.2916666666666667	795.0	ok	1.0	4.5	0.9975144051519602	0.992995141791888	0.0	0.9572929612473167	6	3.835607586958105
rm2	ltr-1_family-235	LTR/Unknown	repeat:TE:ClassI:LTR:Gypsy	repeat:TE:ClassI:LTR:Gypsy	0.9152994531145792	19	7.0	0.3684210526315789	662.0	ok	1.0	14.300000190734863	0.994884575026233	0.994884575026233	0.0	0.9884575026232949	6	3.8348671900667224
rm2	rnd-5_family-3501	LINE/L2		repeat:TE:ClassI:LINE:Jockey	0.9984607298393152	169	8.0	0.047337278106508875	696.0	ok	1.0	10.300000190734863	0.9653947410156374	0.9659339613664478	0.005867986170583944	0.8789291718209788	6	3.834418689374029
rm2	ltr-1_family-332	LTR/Unknown	repeat:TE:ClassI:LTR	repeat:TE:ClassI:LTR	0.7001074883554281	16	7.0	0.4375	286.0	ok	1.0	6.550000190734863	0.9993194964273563	0.9897924464103437	0.0	0.9598502892140184	6	3.8342099828519567
rm2	ltr-1_family-287	LTR/Unknown	repeat:TE:ClassI:LTR:Gypsy	repeat:TE:ClassI:LTR:Gypsy	0.9766397124887691	10	7.0	0.7	272.0	ok	1.0	4.5	0.9933065595716198	0.9933065595716198	0.0	1.0	6	3.8317111591574964
rm2	rnd-5_family-5581	LINE/Rex-Babar		repeat:TE:ClassI:LINE:RTE	0.9995805369127517	53	10.0	0.18867924528301888	239.0	ok	1.0	12.5	0.915538362346873	0.9152159896840748	0.0006447453255963894	0.8533204384268214	6	3.830754352030948
rm2	ltr-1_family-21	LTR/Unknown	repeat:TE:ClassI:LTR	repeat:TE:ClassI:LTR	1.0	23	8.0	0.34782608695652173	357.0	ok	1.0	7.800000190734863	0.9966372425388819	0.9298024379991593	0.04224464060529634	0.9588062211013031	6	3.8295296675299846
rm2	rnd-1_family-70	DNA/hAT-Ac		repeat:TE:ClassII:TIR:hAT	0.8047163056497969	3151	320.0	0.10155506188511583	346.0	len_inconsistent	1.0	11.300000190734863	0.9655513483958298	0.35838516058084746	0.005183066056958435	0.9476409984415989	6	3.829086487296583
pantera	L1-Tx1_2-fGobNig	LINE/L1-Tx1		repeat:TE:ClassI:LINE:L1	1.0	198	7.0	0.03535353535353535	5648.0	ok	1.0	10.899999618530273	0.9921104224639514	0.9910431950417404	0.02487825701998482	0.9976125727295725	6	3.8282516575199486
rm2	rnd-1_family-407	Unknown		repeat:TE:ClassII:TIR:CACTA	0.45187418216752523	517	120.0	0.23210831721470018	203.0	len_inconsistent	1.0	6.400000095367432	0.7968229996923679	0.9508907346813211	0.00316022037642979	0.8933215873814917	6	3.826894980421314
rm2	ltr-1_family-117	LTR/Unknown	repeat:TE:ClassI:LTR	repeat:TE:ClassI:LTR	1.0	37	8.0	0.21621621621621623	598.0	ok	1.0	10.199999809265137	0.9609197772736646	0.960197978964735	0.05042276758094452	0.9418436791090946	6	3.8242077432303434
fastltr	CONS_113-9250_clus6_tsdl3_tsdc0.67_tsdmMHR	LTR/Gypsy		repeat:TE:ClassI:LTR:Gypsy	0.999855266684535	163	7.0	0.04294478527607362	9250.0	ok	1.0	20.200000762939453	0.9994594055560513	0.9791425017451229	0.16805139321160337	0.9999632605717704	6	3.823699947315431
rm2	ltr-1_family-57	LTR/Unknown	repeat:TE:ClassI:LTR	repeat:TE:ClassI:LTR	0.9950014200511218	55	7.0	0.12727272727272726	794.0	ok	1.0	11.699999809265137	0.989820780767773	0.9884130164058693	0.005631057447614923	0.9648058909524068	6	3.823331837187899
rm2	rnd-5_family-2380	LINE/L1-Tx1		repeat:TE:ClassI:LINE:L1	0.9999906498363721	166	7.0	0.04216867469879518	5680.0	ok	0.9998239436619718	7.75	0.989093519617859	0.9877681751663583	0.030243624080772382	0.9965761935002899	6	3.821959734798474
rm2	ltr-1_family-367	LTR/Unknown	repeat:TE:ClassI:LTR	repeat:TE:ClassI:LTR	0.9904722452361227	19	8.0	0.42105263157894735	188.0	ok	1.0	8.800000190734863	0.9589566551591868	0.9589566551591868	0.0	0.9670118910625239	6	3.821003297310317
pantera	Unknown_139-fGobNig	Unknown	repeat:TE:ClassI:LTR:Gypsy	repeat:TE:ClassI:LTR:Gypsy	0.9788435119270639	124	7.0	0.056451612903225805	1160.0	ok	1.0	13.399999618530273	0.9811034962256655	0.9941646801748113	0.005909813269765594	0.9999503377036154	6	3.8203662164147336
pantera	Unknown_418-fGobNig	DNA	repeat:TE:ClassII	repeat:TE:ClassII	0.7393016142221145	1411	540.0	0.3827072997873848	477.0	len_inconsistent	1.0	5.699999809265137	0.9968341380004023	0.09101036008851338	0.06649818949909475	0.9920187085093543	6	3.8202382579118845
rm2	rnd-4_family-2208	Unknown		repeat:TE:ClassII:TIR:Tc1Mariner	0.5201964884330711	207	19.0	0.09178743961352658	458.0	ok	1.0	10.0	0.6122746691674482	0.9273991872460143	0.0027091799520683546	0.8574554548296343	6	3.8184274573662913
rm2	rnd-4_family-391	DNA	repeat:TE:ClassII	repeat:TE:ClassII	0.9916146362712357	641	74.0	0.11544461778471139	266.0	weak_5p	1.0	12.100000381469727	0.9731997803995384	0.9758887656437318	0.014038743795726755	0.6414126135816163	6	3.8183202657742465
rm2	ltr-1_family-406	LTR/Unknown	repeat:TE:ClassI:LTR	repeat:TE:ClassI:LTR	0.9806259314456036	9	7.0	0.7777777777777778	184.0	ok	1.0	5.199999809265137	0.9858657243816255	0.9858657243816255	0.0	0.9625441696113074	6	3.8168294887775076
rm2	rnd-3_family-516	DNA	repeat:TE:ClassII	repeat:TE:ClassII	0.9880026034836165	1361	70.0	0.05143277002204261	268.0	len_inconsistent+weak_3p	1.0	13.5	0.9836646155208287	0.9879966861240933	0.018858736553189606	0.6630091764006502	6	3.816759341659179
rm2	rnd-1_family-560	Unknown	repeat:TE:ClassI:LTR	repeat:TE:ClassI:LTR	0.9596000322554633	105	16.0	0.1523809523809524	355.0	ok	1.0	3.0	0.6105145867098866	1.0	0.09861223662884927	0.628089546191248	6	3.8146345693658112
rm2	rnd-4_family-4016	DNA/hAT-Ac		repeat:TE:ClassII:TIR:hAT	0.9664755183061314	239	7.0	0.029288702928870293	1121.0	ok	0.9973238180196253	8.0	0.9832779375548935	0.9842595622298379	0.05905247386639571	0.171904868513958	6	3.8126355397989884
rm2	rnd-4_family-282	Unknown	repeat:TE:ClassII:Helitron	repeat:TE:ClassII:Helitron	0.8341020514546258	605	102.0	0.16859504132231404	650.0	len_inconsistent	1.0	8.800000190734863	0.8071829905200366	0.9968317615900597	0.01056904532066038	0.9409606197866389	6	3.812614923872014
pantera	Unknown_211-fGobNig	Unknown	repeat:TE:ClassII:TIR:hAT	repeat:TE:ClassII:TIR:hAT	0.8668286123281135	868	86.0	0.09907834101382489	957.0	len_inconsistent	1.0	18.399999618530273	0.9355750731057572	0.9422247625657697	0.02762453495552414	0.9989589127783249	6	3.8122982869150945
rm2	rnd-3_family-249	LINE/L2		repeat:TE:ClassI:LINE:Jockey	0.9997305453761587	361	73.0	0.20221606648199447	333.0	len_inconsistent	1.0	14.899999618530273	0.9754455260784375	0.9735016950206824	0.004323080272447361	0.8921718035642087	6	3.812270081219576
rm2	ltr-1_family-17	LTR/Unknown	repeat:TE:ClassI:LTR:BelPao	repeat:TE:ClassI:LTR:BelPao	0.9870510251271775	44	18.0	0.4090909090909091	402.0	ok	1.0	5.449999809265137	0.987440034888792	0.5658089838639337	0.07038813781072831	1.0	6	3.808521523856032
rm2	rnd-3_family-479	Unknown	repeat:TE:ClassII:TIR:Mutator	repeat:TE:ClassII:TIR:Mutator	0.9247931599208797	971	71.0	0.07312049433573635	692.0	len_inconsistent	1.0	8.100000381469727	0.9570002207680228	0.9973799417672272	0.03369003336512948	0.9818512023526373	6	3.805638511254325
rm2	rnd-4_family-564	DNA/hAT-hATm		repeat:TE:ClassII:TIR:hAT	0.9396694214876034	448	7.0	0.015625	917.0	ok	1.0	13.300000190734863	0.9789328940028799	0.9792312581887996	0.0006486177954778367	0.09925149506401858	6	3.803262192205936
rm2	ltr-1_family-328	LTR/Pao		repeat:TE:ClassI:LTR:BelPao	0.9763864042933811	255	59.0	0.23137254901960785	547.0	ok	1.0	15.199999809265137	0.9869062729641258	0.04433161867860245	0.03670251853831251	0.9930122252655488	6	3.8020899032848723
rm2	rnd-4_family-1324	DNA	repeat:TE:ClassII	repeat:TE:ClassII	0.9950100859963903	363	8.0	0.02203856749311295	436.0	ok	1.0	11.5	0.9491593870220408	0.9491806414589046	0.027226933622393673	0.45121044017938744	6	3.8014300154728886
pantera	Unknown_408-fGobNig	DNA	repeat:TE:ClassII	repeat:TE:ClassII	0.9994142756986537	504	187.0	0.37103174603174605	487.0	len_inconsistent	1.0	7.550000190734863	0.7889680065627563	0.7396751435602953	0.0025004101722723546	0.9998228055783429	6	3.8004847566595505
rm2	rnd-5_family-2002	LINE/Rex-Babar		repeat:TE:ClassI:LINE:RTE	0.9991983508932661	198	7.0	0.03535353535353535	495.0	ok	1.0	11.75	0.9797549800149482	0.9719559353979138	0.025444383063074772	0.8793097845513924	6	3.7968089554271187
rm2	rnd-3_family-347	DNA/PIF-Harbinger		repeat:TE:ClassII:TIR:PIFHarbinger	0.9953546326651586	865	9.0	0.010404624277456647	919.0	ok	1.0	14.100000381469727	0.9853129037147167	0.8519165397634186	0.15012594094849052	0.7446826937650209	6	3.79147195291746
rm2	rnd-4_family-3593	DNA/hAT-Ac		repeat:TE:ClassII:TIR:hAT	0.9530532682358085	371	64.0	0.1725067385444744	803.0	len_inconsistent	1.0	7.099999904632568	0.9986352275716917	0.9853656932386214	0.005352209944751381	0.9172257300710339	6	3.7901808947942004
rm2	rnd-2_family-447	Unknown	repeat:TE:ClassII	repeat:TE:ClassII	0.9785582139983646	4425	276.0	0.062372881355932205	901.0	len_inconsistent	1.0	10.800000190734863	0.6709603235383829	0.6771956349528538	0.11941559453249977	0.992370164424383	6	3.789065040556454
rm2	rnd-1_family-345	LINE/L2		repeat:TE:ClassI:LINE:Jockey	0.9983382184274245	1696	76.0	0.04481132075471698	489.0	len_inconsistent	1.0	4.800000190734863	0.9572246900967792	0.9497678576315093	0.17557533909204515	0.9449380193558391	6	3.78780614000908
rm2	rnd-5_family-4673	Unknown	repeat:TE:ClassII:Helitron	repeat:TE:ClassII:Helitron	0.7616679536679537	500	119.0	0.238	330.0	len_inconsistent	1.0	13.600000381469727	0.7149145860709593	0.995742444152431	0.003600525624178712	0.8551116951379764	6	3.7862039916159205
rm2	ltr-1_family-408	LTR/Unknown	repeat:TE:ClassI:LTR:Gypsy	repeat:TE:ClassI:LTR:Gypsy	0.976721629485936	12	7.0	0.5833333333333334	210.0	ok	1.0	0.5	0.9747309312119794	0.9649040711277492	0.11043518951801591	1.0	6	3.7847330423539853
rm2	rnd-1_family-229	Unknown	repeat:TE:ClassII:Helitron	repeat:TE:ClassII:Helitron	0.7979927921677459	1327	114.0	0.08590806330067823	555.0	len_inconsistent	1.0	10.300000190734863	0.7767577717504695	0.9474777528823738	0.2206932210923539	0.9938950825025626	6	3.7811403759693163
pantera	Unknown_415-fGobNig	DNA	repeat:TE:ClassII	repeat:TE:ClassII	0.9998858550358956	1312	138.0	0.10518292682926829	483.0	len_inconsistent	1.0	5.800000190734863	0.8593239178762914	0.7791430813204058	0.016668534812905155	0.9982626239982065	6	3.7783460855979336
rm2	ltr-1_family-26	LTR/Gypsy		repeat:TE:ClassI:LTR:Gypsy	1.0	15	6.0	0.4	6387.0	ok	1.0	0.4000000059604645	1.0	1.0	0.0008914443627287112	1.0	6	3.778151250383644
rm2	ltr-1_family-319	LTR/Unknown	repeat:TE:ClassI:LTR	repeat:TE:ClassI:LTR	1.0	9	6.0	0.6666666666666666	1131.0	ok	1.0	1.7000000476837158	1.0	1.0	0.0	0.9899497487437185	6	3.778151250383644
rm2	ltr-1_family-60	LTR/Pao		repeat:TE:ClassI:LTR	0.9767931010306388	14	6.0	0.42857142857142855	1751.0	ok	1.0	4.25	1.0	1.0	0.09128514337797097	1.0	6	3.778151250383644
rm2	ltr-1_family-32	LTR/Pao		repeat:TE:ClassI:LTR	0.9668627288542788	11	6.0	0.5454545454545454	1748.0	ok	1.0	3.5	1.0	1.0	0.08242896197498135	1.0	6	3.778151250383644
rm2	ltr-1_family-2	LTR/Unknown	repeat:TE:ClassI:LTR	repeat:TE:ClassI:LTR	1.0	6	6.0	1.0	635.0	ok	1.0	1.25	1.0	1.0	0.0	1.0	6	3.778151250383644
rm2	ltr-1_family-440	LTR/Unknown	repeat:TE:ClassI:LTR	repeat:TE:ClassI:LTR	0.9634146341463414	8	6.0	0.75	170.0	ok	1.0	5.699999809265137	1.0	1.0	0.0	0.06996587030716724	6	3.778151250383644
rm2	ltr-1_family-181	LTR/Unknown	repeat:TE:ClassI:LTR	repeat:TE:ClassI:LTR	1.0	10	6.0	0.6	1303.0	ok	1.0	4.449999809265137	1.0	1.0	0.038238427844205045	1.0	6	3.778151250383644
rm2	ltr-1_family-16	LTR/Gypsy		repeat:TE:ClassI:LTR:Gypsy	1.0	13	6.0	0.46153846153846156	4820.0	ok	1.0	15.5	1.0	1.0	0.0	1.0	6	3.778151250383644
rm2	ltr-1_family-309	LTR/Unknown	repeat:TE:ClassI:LTR	repeat:TE:ClassI:LTR	1.0	16	6.0	0.375	186.0	ok	1.0	11.300000190734863	0.9995621716287215	0.9995621716287215	0.0818739054290718	0.9549036777583187	6	3.777275593641087
rm2	ltr-1_family-167	LTR/Gypsy		repeat:TE:ClassI:LTR:Gypsy	0.9999019607843137	38	6.0	0.15789473684210525	4959.0	ok	1.0	10.449999809265137	0.9991379985894523	0.9997649087062143	0.0	0.999373089883238	6	3.77705415767931
rm2	rnd-5_family-4820	LINE/RTE-BovB		repeat:TE:ClassI:LINE:RTE	0.9987623762376238	79	7.0	0.08860759493670886	431.0	ok	1.0	11.800000190734863	0.9664796432168034	0.9654725938713854	0.029636023593727523	0.7901021435764638	6	3.7770502771024455
rm2	ltr-1_family-98	LTR/Gypsy		repeat:TE:ClassI:LTR:Gypsy	0.9998550934647152	22	6.0	0.2727272727272727	4347.0	ok	1.0	1.5499999523162842	0.9991316303639916	0.9987698096823214	0.0018814675446848542	1.0	6	3.7760526904299567
rm2	rnd-1_family-522	Unknown	repeat:TE:ClassII:Helitron	repeat:TE:ClassII:Helitron	0.7680302425997537	796	120.0	0.1507537688442211	628.0	len_inconsistent	1.0	17.349998474121094	0.7607563701481083	0.9358268534852611	0.04129337589869586	0.9861911284262364	6	3.775764469680994
fastltr	CONS_89-5512_clus6_tsdl5_tsdc0.67_tsdmMCMWS	LTR/Gypsy		repeat:TE:ClassI:LTR:Gypsy	0.9949405902644691	25	6.0	0.24	5512.0	ok	1.0	14.899999618530273	0.9987787191817419	0.9987787191817419	0.0	0.9969467979543546	6	3.7757086887471276
fastltr	CONS_51-8054_clus7_tsdl4_tsdc0.8_tsdmYWTR	LTR/Gypsy		repeat:TE:ClassI:LTR:Gypsy	0.989612731803351	149	6.0	0.040268456375838924	8054.0	ok	1.0	18.600000381469727	0.9978418799013038	0.9989071939627621	0.07092929751128889	0.9995601283875268	6	3.7749003242477093
rm2	rnd-4_family-1358	LINE/Rex-Babar		repeat:TE:ClassI:LINE:RTE	0.9990108367986916	1538	64.0	0.04161248374512354	3217.0	len_inconsistent	1.0	2.799999952316284	0.9854098038982506	0.9826448762620557	0.02534962955915756	0.9971845306758316	6	3.774234654144193
rm2	rnd-1_family-432	LINE/L2		repeat:TE:ClassI:LINE:Jockey	0.991677165654946	311	78.0	0.2508038585209003	138.0	len_inconsistent	1.0	12.5	0.9412274725955286	0.9403604384715427	0.018548337152412213	0.8707190190128197	6	3.7736825137575516
fastltr	CONS_32-5198_clus7_tsdl0_tsdc0.0_tsdmnone	LTR/Gypsy		repeat:TE:ClassI:LTR:Gypsy	0.997993661132273	98	6.0	0.061224489795918366	5198.0	ok	1.0	18.600000381469727	0.9974489426157035	0.9971155657984375	0.0017828412401617601	0.9998550535577104	6	3.7727157587977844
rm2	ltr-1_family-422	LTR/Unknown	repeat:TE:ClassI:LTR	repeat:TE:ClassI:LTR	0.9954243880118966	41	10.0	0.24390243902439024	880.0	ok	1.0	7.0	0.9873023202123975	0.7853514948632113	0.0	0.9714879372042018	6	3.772653815075609
rm2	ltr-1_family-190	LTR/Unknown	repeat:TE:ClassI:LTR	repeat:TE:ClassI:LTR	0.9786452869773715	71	7.0	0.09859154929577464	897.0	ok	1.0	15.899999618530273	0.9567486463565791	0.9701219909974558	0.28827712179528997	0.9005153630373801	6	3.771968677368292
rm2	ltr-1_family-330	LTR/Unknown	repeat:TE:ClassI:LTR:Gypsy	repeat:TE:ClassI:LTR:Gypsy	0.94410952022105	22	6.0	0.2727272727272727	848.0	ok	1.0	12.149999618530273	0.9955378111789572	0.9955378111789572	0.007632691404415219	0.9394081728511038	6	3.769226872741558
rm2	ltr-1_family-549	LTR/Unknown	repeat:TE:ClassI:LTR	repeat:TE:ClassI:LTR	1.0	9	6.0	0.6666666666666666	108.0	ok	1.0	6.5	0.9950124688279302	0.9950124688279302	0.0	0.9027431421446384	6	3.768176188039504
pantera	Unknown_191-fGobNig	DNA	repeat:TE:ClassII	repeat:TE:ClassII	0.753147728161414	145	8.0	0.05517241379310345	1004.0	ok	1.0	6.0	0.9946143684584899	0.8693899671442604	0.010669647393557566	0.996849913626664	6	3.7670943225946942
pantera	Unknown_412-fGobNig	DNA	repeat:TE:ClassII	repeat:TE:ClassII	0.6269748104671069	1426	472.0	0.33099579242636745	486.0	len_inconsistent	1.0	5.199999809265137	0.9903757831339901	0.10175591667575526	0.04426024890633899	0.9973461300759806	6	3.7660736984438334
rm2	rnd-3_family-63	DNA/hAT-Ac		repeat:TE:ClassII:TIR:hAT	0.9946035045162256	1488	189.0	0.12701612903225806	963.0	len_inconsistent	1.0	7.199999809265137	0.747170702429329	0.7401277144234648	0.012602205976405302	0.9964775220646838	6	3.763760221026038
pantera	Unknown_413-fGobNig	Unknown		repeat:TE:ClassII:TIR:CACTA	0.5596197300465325	3491	127.0	0.036379260956745915	485.0	len_inconsistent+weak_3p	1.0	19.799999237060547	0.6916124388646675	0.9668114052424469	0.011755092890307432	0.9907389926903086	6	3.762227565063071
rm2	rnd-1_family-532	LINE/L2		repeat:TE:ClassI:LINE:Jockey	0.9943240454076367	220	90.0	0.4090909090909091	185.0	len_inconsistent	1.0	17.049999237060547	0.9675098455013632	0.8402756740381703	0.010981520751287489	0.8935928506513178	6	3.7620280289788584
rm2	ltr-1_family-195	LTR/Unknown	repeat:TE:ClassI:LTR	repeat:TE:ClassI:LTR	0.9983311081441922	63	6.0	0.09523809523809523	794.0	ok	1.0	16.799999237060547	0.9940987906163485	0.9881975812326971	0.0018942153577152848	0.8848899898003788	6	3.7604476222326895
rm2	rnd-4_family-1943	DNA/TcMar-Tc1		repeat:TE:ClassII:TIR:Tc1Mariner	0.9074074074074074	660	306.0	0.4636363636363636	133.0	len_inconsistent	1.0	14.800000190734863	0.9955038160287527	0.27834815355756976	0.0034652118504517665	0.7881495482337443	6	3.7595733960679025
rm2	rnd-5_family-745	Unknown	repeat:TE:ClassII:TIR:CACTA	repeat:TE:ClassII:TIR:CACTA	0.7133120167775571	720	90.0	0.125	482.0	len_inconsistent	1.0	9.600000381469727	0.810378581079218	0.9943336917859211	0.013400612126726776	0.9391526732291063	6	3.758954782304464
rm2	ltr-1_family-323	LTR/Pao		repeat:TE:ClassI:LTR:BelPao	1.0	12	6.0	0.5	2406.0	ok	1.0	1.5499999523162842	0.9905126801678525	0.989965334792921	0.0	0.9995742869306088	6	3.758629265344417
rm2	rnd-5_family-484	Unknown	repeat:TE:ClassII:TIR:CACTA	repeat:TE:ClassII:TIR:CACTA	0.6200096457853277	263	14.0	0.053231939163498096	287.0	ok	1.0	14.199999809265137	0.693068318018378	0.91846450925556	0.0035290984152350512	0.7028232787321881	6	3.757660862952176
pantera	hAT_25-fGobNig	DNA	repeat:TE:ClassII	repeat:TE:ClassII	0.833032614716383	1201	37.0	0.030807660283097418	1430.0	ok	1.0	10.0	0.6167430734254379	0.5717390761236165	0.02212256726709471	0.9976921827766257	6	3.7566838736160495
rm2	rnd-2_family-477	DNA/TcMar-Tc2		repeat:TE:ClassII:TIR:Tc1Mariner	0.8342568111277159	4653	497.0	0.10681280894046852	544.0	len_inconsistent	1.0	9.199999809265137	0.9945708396359554	0.06439416056785845	0.0427381124193145	0.9835241288059483	6	3.755321388937146
rm2	ltr-1_family-113	LTR/Unknown	repeat:TE:ClassI:LTR	repeat:TE:ClassI:LTR	1.0	17	6.0	0.35294117647058826	421.0	ok	1.0	8.5	0.9878289473684211	0.9878289473684211	0.0	0.968421052631579	6	3.753809145120486
pantera	Unknown_145-fGobNig	Unknown	repeat:TE:ClassI:LINE:Jockey	repeat:TE:ClassI:LINE:Jockey	0.6532413588488355	380	129.0	0.3394736842105263	1130.0	len_inconsistent	1.0	3.4000000953674316	0.7592946774268787	0.8822223258851518	0.13183747725894482	0.9982553528945282	6	3.7521067136112793
rm2	ltr-1_family-381	LTR/Unknown	repeat:TE:ClassI:LTR	repeat:TE:ClassI:LTR	0.9999223642668599	174	59.0	0.3390804597701149	351.0	len_inconsistent	1.0	15.0	0.9913489103686227	0.9883299084151508	0.052921328360859526	0.9920085242408098	6	3.7505308304259177
rm2	ltr-1_family-257	LTR/Unknown	repeat:TE:ClassI:LTR	repeat:TE:ClassI:LTR	0.9939849624060151	12	6.0	0.5	210.0	ok	1.0	8.050000190734863	0.983995257854179	0.983995257854179	0.0	0.8043864848844102	6	3.7461417660920016
pantera	Unknown_378-fGobNig	DNA	repeat:TE:ClassII	repeat:TE:ClassII	0.6738476045406738	1014	470.0	0.4635108481262327	512.0	len_inconsistent	1.0	4.300000190734863	0.9903008994182266	0.08266821652788887	0.0931182709073018	0.996665304783662	6	3.745066973881833
rm2	rnd-5_family-1161	LINE/Rex-Babar		repeat:TE:ClassI:LINE:RTE	0.9992072072072072	120	7.0	0.058333333333333334	518.0	ok	1.0	15.0	0.9467704728950403	0.9521337946943483	0.0	0.8480392156862745	6	3.7440023076036457
rm2	rnd-4_family-254	DNA/hAT-Charlie		repeat:TE:ClassII:TIR:hAT	0.9904811137453431	921	39.0	0.04234527687296417	1039.0	ok	1.0	6.699999809265137	0.8147458109840034	0.3352636825366687	0.0518346228698913	0.8866434075410199	6	3.7410741005471713
pantera	Unknown_194-fGobNig	DNA	repeat:TE:ClassII:TIR:hAT	repeat:TE:ClassII:TIR:hAT	0.8573725194674705	112	8.0	0.07142857142857142	996.0	ok	1.0	13.850000381469727	0.9979562896229562	0.8385885885885885	0.006131131131131131	0.9916166166166166	6	3.7396348652034885
rm2	rnd-5_family-2071	Unknown	repeat:TE:ClassI:LTR:Gypsy	repeat:TE:ClassI:LTR:Gypsy	0.9731527032706238	63	6.0	0.09523809523809523	2543.0	ok	1.0	5.599999904632568	0.9662780312356676	0.9950998141308808	0.12993941149491878	0.9813406715427136	6	3.739529095750192
rm2	ltr-1_family-161	LTR/Unknown	repeat:TE:ClassI:LTR:BelPao	repeat:TE:ClassI:LTR:BelPao	0.841991341991342	105	50.0	0.47619047619047616	425.0	ok	1.0	5.300000190734863	0.9959054118393905	0.04399301698143152	0.02863037613077289	1.0	6	3.7388684331568407
rm2	ltr-1_family-466	LTR/Unknown	repeat:TE:ClassI:LTR	repeat:TE:ClassI:LTR	1.0	49	6.0	0.12244897959183673	621.0	ok	1.0	15.199999809265137	0.9953647231031959	0.9650321216556884	0.020086199886151093	0.9330731072619338	6	3.738548095142528
rm2	rnd-5_family-8205	DNA/CMC-EnSpm		repeat:TE:ClassII:TIR:CACTA	0.9500073808000787	240	6.0	0.025	465.0	ok	1.0	13.050000190734863	0.9777614601909158	0.9808035245987622	0.19972726319102066	0.7298157278226511	6	3.7367162351733216
pantera	Unknown_537-fGobNig	Unknown	repeat:TE:ClassI:SINE:5S	repeat:TE:ClassI:SINE:5S	0.8640152891932137	1788	108.0	0.06040268456375839	310.0	len_inconsistent+weak_5p	1.0	14.100000381469727	0.8469240065537122	0.8561718104391274	0.014100990221975954	0.9586380507005116	6	3.7365195724797893
pantera	Unknown_468-fGobNig	DNA	repeat:TE:ClassII:TIR:hAT	repeat:TE:ClassII:TIR:hAT	0.7270732777534006	735	317.0	0.4312925170068027	411.0	len_inconsistent	1.0	8.0	0.6321384009981764	0.6019579614166427	0.04379019099721662	0.999563297821288	6	3.735155624632571
pantera	Unknown_210-fGobNig	DNA	repeat:TE:ClassII:TIR:hAT	repeat:TE:ClassII:TIR:hAT	0.8301492202619764	1322	234.0	0.17700453857791226	958.0	len_inconsistent	1.0	4.199999809265137	0.9806943807393124	0.3843226090293834	0.046983496990517556	0.999717305226109	6	3.7342328471788386
rm2	ltr-1_family-436	LTR/Unknown	repeat:TE:ClassI:LTR	repeat:TE:ClassI:LTR	0.9904367816091953	29	6.0	0.20689655172413793	909.0	ok	1.0	9.199999809265137	0.9778986142781968	0.977547798631819	0.004472899491317313	0.9762322399579021	6	3.733597663293659
rm2	rnd-5_family-1138	DNA/Crypton-H		repeat:TE:ClassII:Crypton	0.9598513011152416	76	6.0	0.07894736842105263	2296.0	ok	1.0	7.850000381469727	0.9754340895015712	0.9797692501777645	0.029795628139550886	0.14363373626625686	6	3.733354590062979
pantera	Unknown_521-fGobNig	DNA		repeat:TE:ClassII	0.5947828645630105	1805	290.0	0.16066481994459833	327.0	len_inconsistent	1.0	13.399999618530273	0.7233160333384352	0.5446367696781644	0.011767938888811587	0.9991686262505391	6	3.7303508009155557
rm2	rnd-3_family-648	Unknown	repeat:TE:ClassII:Helitron	repeat:TE:ClassII:Helitron	0.6961754359703615	1195	110.0	0.09205020920502092	418.0	len_inconsistent	1.0	10.399999618530273	0.6931156750981229	0.9939812241767806	0.004704726699324019	0.8694783009560246	6	3.7284895844331283
rm2	ltr-1_family-482	LTR/Unknown	repeat:TE:ClassI:LTR:BelPao	repeat:TE:ClassI:LTR:BelPao	0.9355721015043307	28	11.0	0.39285714285714285	531.0	ok	1.0	5.449999809265137	0.946760815960547	0.7376148845550325	0.0003362474781439139	1.0	6	3.7257683856738044
pantera	Unknown_513-fGobNig	DNA	repeat:TE:ClassII	repeat:TE:ClassII	0.9219217780758269	1719	467.0	0.2716695753344968	330.0	len_inconsistent	1.0	16.0	0.9215132348494798	0.13079702288421072	0.0046544157394993145	0.9967199196166521	6	3.721627138299803
rm2	rnd-1_family-177	DNA/TcMar-Tc2		repeat:TE:ClassII:TIR:Tc1Mariner	0.8608265174343521	1326	426.0	0.3212669683257919	424.0	len_inconsistent	1.0	8.100000381469727	0.9923939350679101	0.0993502807039677	0.02984326393476911	0.9777727609252109	6	3.721153814874597
rm2	rnd-4_family-1140	LINE/L2		repeat:TE:ClassI:LINE:Jockey	0.9977281656218506	432	66.0	0.1527777777777778	313.0	len_inconsistent	1.0	8.199999809265137	0.9508167639884693	0.9506984995195505	0.01973538325079459	0.9147461009682903	6	3.7210591990498885
rm2	rnd-4_family-494	DNA/hAT-Tip100		repeat:TE:ClassII:TIR:hAT	0.9355538981544662	2177	53.0	0.024345429490124023	1265.0	len_inconsistent	1.0	0.0	0.9981053836835263	0.9973051534196401	0.17882141580660363	0.9992978216656809	6	3.7196864067039552
rm2	rnd-5_family-563	Unknown	repeat:TE:ClassI:LTR:Gypsy	repeat:TE:ClassI:LTR:Gypsy	0.9646633995357234	47	6.0	0.1276595744680851	1039.0	ok	1.0	8.5	0.9412552505022219	0.999695623059597	0.0015827600900955743	0.9443598952943325	6	3.7191021239454622
rm2	ltr-1_family-412	LTR/Unknown	repeat:TE:ClassI:LTR	repeat:TE:ClassI:LTR	0.9992310649750096	17	9.0	0.5294117647058824	903.0	ok	1.0	2.200000047683716	0.882640586797066	0.8816403645254501	0.08646365859079795	0.9855523449655479	6	3.718523460761841
rm2	rnd-1_family-46	LINE/L2		repeat:TE:ClassI:LINE:Jockey	0.994548930453653	2080	73.0	0.035096153846153846	854.0	len_inconsistent+weak_5p	1.0	4.599999904632568	0.9342489782632283	0.9203841006908026	0.08987305146659916	0.9896017939165973	6	3.717955939074487
rm2	rnd-1_family-228	DNA/MULE-MuDR		repeat:TE:ClassII:TIR:Mutator	0.9457615277130881	976	227.0	0.23258196721311475	162.0	len_inconsistent	1.0	9.600000381469727	0.7686637686637686	0.5906355380039591	0.1037412090043669	0.836504889136468	6	3.71532516386085
rm2	rnd-3_family-74	DNA/hAT-Ac		repeat:TE:ClassII:TIR:hAT	0.48987206017854174	2119	241.0	0.11373289287399717	224.0	len_inconsistent	1.0	11.800000190734863	0.9367206584558292	0.39499689327329834	0.010690544485772894	0.8867491722488445	6	3.713734594303996
rm2	rnd-4_family-75	LINE/L2		repeat:TE:ClassI:LINE:Jockey	0.9994104352952736	329	55.0	0.16717325227963525	528.0	len_inconsistent	1.0	9.100000381469727	0.9876044463403006	0.9856848919780192	0.008794820967053923	0.9080872205354679	6	3.7136520278125635
rm2	rnd-5_family-3365	Unknown	repeat:TE:ClassII	repeat:TE:ClassII	0.6933450367060325	624	201.0	0.32211538461538464	83.0	len_inconsistent	1.0	10.800000190734863	0.6023235753949	0.8078872176397649	0.0020486279583805055	0.8677287185293008	6	3.713406850455154
pantera	Unknown_380-fGobNig	DNA	repeat:TE:ClassII	repeat:TE:ClassII	0.7100209524709737	2133	375.0	0.17580872011251758	512.0	len_inconsistent	1.0	13.0	0.9940970009650512	0.14472080105397525	0.052637294414381926	0.9853398271103581	6	3.712849069746745
pantera	Unknown_393-fGobNig	DNA	repeat:TE:ClassII	repeat:TE:ClassII	0.9994934143870314	2106	211.0	0.10018993352326686	497.0	len_inconsistent	1.0	9.949999809265137	0.6946552292972616	0.6921258110634554	0.03207762214690621	0.9986153184767503	6	3.7110634956584096
fastltr	CONS_37-3018_clus6_tsdl4_tsdc0.75_tsdmDYWK	LTR/Pao		repeat:TE:ClassI:LTR:BelPao	0.9878128757241229	87	6.0	0.06896551724137931	3018.0	ok	1.0	21.399999618530273	0.9947271424183475	0.9374424081089383	0.00012798198013719669	0.9992833009112317	6	3.7103208009109294
rm2	ltr-1_family-456	LTR/Unknown	repeat:TE:ClassI:LTR:Gypsy	repeat:TE:ClassI:LTR:Gypsy	0.9599301345936505	25	6.0	0.24	844.0	ok	1.0	10.399999618530273	0.966692789968652	0.9650274294670846	0.004702194357366771	0.9884404388714734	6	3.7098714698193804
pantera	RTE_3-fGobNig	LINE/RTE		repeat:TE:ClassI:LINE:RTE	0.9973547384203487	10048	55.0	0.005473726114649681	3205.0	len_inconsistent+weak_3p	1.0	5.400000095367432	0.9858960092769377	0.9822127604746231	0.02209890714863013	0.9947219847024235	6	3.7084714592458043
rm2	rnd-1_family-123	Unknown	repeat:TE:ClassII:TIR:Mutator	repeat:TE:ClassII:TIR:Mutator	0.6874674817898023	1149	65.0	0.05657093124456049	550.0	len_inconsistent+weak_5p+weak_3p	1.0	16.100000381469727	0.8999086030325045	0.9942466780717584	0.039039003851171365	0.9666557302773937	6	3.7070686377471183
rm2	rnd-4_family-2847	Unknown		repeat:TE:ClassII:TIR:Mutator	0.5765002511689015	406	147.0	0.3620689655172414	566.0	len_inconsistent	1.0	12.799999237060547	0.678929352403471	0.8599874823245787	0.014132610089864547	0.939876523177017	6	3.7062341694762257
rm2	ltr-1_family-340	LTR/Unknown	repeat:TE:ClassI:LTR	repeat:TE:ClassI:LTR	0.9919289037863586	104	57.0	0.5480769230769231	631.0	len_inconsistent	1.0	12.549999237060547	0.9748778785764132	0.9743069212713316	0.008120281672270507	0.9846264458965087	6	3.705059655520236
pantera	Unknown_555-fGobNig	DNA	repeat:TE:ClassII	repeat:TE:ClassII	0.9682002069809013	371	33.0	0.0889487870619946	293.0	ok	1.0	21.600000381469727	0.8754449284380834	0.30934660858743	0.00104542626011201	0.9552209085252023	6	3.7033054769034006
rm2	rnd-5_family-1827	LINE/Rex-Babar		repeat:TE:ClassI:LINE:RTE	0.9984360656852412	198	6.0	0.030303030303030304	628.0	ok	1.0	10.5	0.9573997472136045	0.9672813972193497	0.0002298058140870964	0.8776284039986212	6	3.702832394816598
rm2	ltr-1_family-457	LTR/Gypsy		repeat:TE:ClassI:LTR:Gypsy	1.0	8	5.0	0.625	5105.0	ok	1.0	0.8500000238418579	1.0	1.0	0.0	0.9921630094043887	6	3.6989700043360187
rm2	ltr-1_family-517	LTR/Gypsy		repeat:TE:ClassI:LTR:Gypsy	1.0	8	5.0	0.625	1068.0	ok	1.0	0.25	1.0	1.0	0.0	0.09239504473503098	6	3.6989700043360187
rm2	ltr-1_family-432	LTR/Copia		repeat:TE:ClassI:LTR:Copia	1.0	11	5.0	0.45454545454545453	199.0	ok	1.0	8.300000190734863	1.0	1.0	0.0	0.7945392491467577	6	3.6989700043360187
rm2	ltr-1_family-189	LTR/Unknown	repeat:TE:ClassI:LTR	repeat:TE:ClassI:LTR	1.0	14	5.0	0.35714285714285715	815.0	ok	1.0	5.0	1.0	1.0	0.06878080137133062	1.0	6	3.6989700043360187
rm2	ltr-1_family-487	LTR/Unknown	repeat:TE:ClassI:LTR	repeat:TE:ClassI:LTR	0.7132805628847845	10	5.0	0.5	163.0	ok	1.0	11.100000381469727	1.0	1.0	0.0	0.9373454245671888	6	3.6989700043360187
rm2	ltr-1_family-24	LTR/Pao		repeat:TE:ClassI:LTR:BelPao	1.0	10	5.0	0.5	2247.0	ok	1.0	2.9000000953674316	1.0	0.9998002929037412	0.0	1.0	6	3.69877029723976
rm2	ltr-1_family-270	LTR/Gypsy		repeat:TE:ClassI:LTR:Gypsy	1.0	13	5.0	0.38461538461538464	3947.0	ok	1.0	6.0	1.0	0.9996913699317156	0.0005015238609621542	1.0	6	3.6986613742677346
rm2	rnd-1_family-173	Unknown	repeat:TE:ClassI:LTR	repeat:TE:ClassI:LTR	0.6311128548608581	553	149.0	0.2694394213381555	105.0	len_inconsistent	1.0	16.100000381469727	0.6247972242249459	0.900572278298486	0.012819935111751982	0.9033886085075703	6	3.6985557709357058
fastltr	CONS_101-4359_clus5_tsdl4_tsdc0.67_tsdmRGYW	LTR/Gypsy		repeat:TE:ClassI:LTR:Gypsy	0.9982375631816972	25	5.0	0.2	4359.0	ok	1.0	7.599999904632568	0.9999002759033341	0.9996343449788917	0.0004321377522188612	1.0	6	3.6985046252182445
pantera	Unknown_196-fGobNig	DNA	repeat:TE:ClassII	repeat:TE:ClassII	1.0	25	5.0	0.2	993.0	ok	1.0	0.0	0.9992341859396539	0.9992341859396539	0.0	0.9230356869352121	6	3.6974383762153264
fastltr	CONS_16-9122_clus6_tsdl4_tsdc0.71_tsdmHVHR	LTR/Gypsy		repeat:TE:ClassI:LTR:Gypsy	0.9995226695788644	160	5.0	0.03125	9122.0	ok	1.0	10.0	0.9991763303348867	0.9990390520573679	0.004934792818178534	0.999978324482497	6	3.6971853867282736
rm2	ltr-1_family-82	LTR/Gypsy		repeat:TE:ClassI:LTR:Gypsy	1.0	20	5.0	0.25	4118.0	ok	1.0	10.449999809265137	0.9990915126314686	0.999056570809602	0.004227960445857647	0.9961913414165414	6	3.6971180877770893
rm2	ltr-1_family-358	LTR/Unknown	repeat:TE:ClassI:LTR	repeat:TE:ClassI:LTR	0.9927716286424215	20	5.0	0.25	492.0	ok	1.0	11.0	0.9984605234220365	0.996921046844073	0.22124477677589618	0.9766879261051242	6	3.6943515746021283
rm2	ltr-1_family-115	LTR/Unknown	repeat:TE:ClassI:LTR:Gypsy	repeat:TE:ClassI:LTR:Gypsy	0.9624770873018725	92	50.0	0.5434782608695652	423.0	len_inconsistent	1.0	3.8499999046325684	0.9979959202662563	0.9966002218802562	0.04358873420892531	0.9991053215474358	6	3.6935661464825316
pantera	Gypsy_25-fGobNig	LTR/Gypsy		repeat:TE:ClassI:LTR:Gypsy	0.9949458691094966	108	5.0	0.046296296296296294	5124.0	ok	1.0	24.600000381469727	0.9994007875363807	0.993850938766193	0.0007989499514923244	0.9997859955487074	6	3.6922217306385927
rm2	rnd-5_family-66	Unknown	repeat:TE:ClassII:TIR:Mutator	repeat:TE:ClassII:TIR:Mutator	0.8433577087141987	123	6.0	0.04878048780487805	2302.0	ok	1.0	14.399999618530273	0.9299085391913838	0.9825056272615893	0.09371171325184488	0.9526170327948258	6	3.690565416836617
fastltr	CONS_105-5150_clus4_tsdl4_tsdc0.75_tsdmATAC	LTR/Gypsy		repeat:TE:ClassI:LTR:Gypsy	1.0	17	5.0	0.29411764705882354	5150.0	ok	1.0	2.200000047683716	0.99488060716715	0.99488060716715	0.016038377546271434	1.0	6	3.688731218670319
rm2	ltr-1_family-345	LTR/Unknown	repeat:TE:ClassI:LTR	repeat:TE:ClassI:LTR	1.0	19	6.0	0.3157894736842105	624.0	ok	1.0	5.800000190734863	0.9542925278219396	0.9542925278219396	0.0009936406995230524	0.9489268680445151	6	3.686736306027523
rm2	rnd-1_family-416	LINE/L2		repeat:TE:ClassI:LINE:Jockey	0.9870631904939708	561	54.0	0.0962566844919786	472.0	len_inconsistent+weak_5p	1.0	14.699999809265137	0.9733488645022289	0.9794620727103933	0.01296210336401615	0.8180400949386489	6	3.6852046970355907
rm2	ltr-1_family-170	LTR/Unknown	repeat:TE:ClassI:LTR	repeat:TE:ClassI:LTR	1.0	10	5.0	0.5	351.0	ok	1.0	2.9000000953674316	0.9918002236302647	0.9918002236302647	0.0	1.0	6	3.6825704515965483
rm2	rnd-3_family-52	Unknown	repeat:TE:ClassII:Helitron	repeat:TE:ClassII:Helitron	0.9425558037960671	787	71.0	0.09021601016518424	710.0	len_inconsistent	1.0	11.300000190734863	0.8324072885174334	0.9980914916714331	0.026625733929426045	0.8718206118899485	6	3.6817571289079414
rm2	rnd-2_family-145	LINE/Rex-Babar		repeat:TE:ClassI:LINE:Jockey	0.7889116924411042	2104	259.0	0.12309885931558935	860.0	len_inconsistent	1.0	1.7999999523162842	0.9697132748961247	0.29829622129353783	0.021347516877053226	0.9990613831361836	6	3.6813092602709143
rm2	rnd-4_family-93	LINE/L2		repeat:TE:ClassI:LINE:Jockey	0.9949595737239493	899	57.0	0.06340378197997776	580.0	len_inconsistent	1.0	13.800000190734863	0.9604521676657461	0.9639433331088211	0.00794773354886509	0.8545216766574617	6	3.6802703564470587
fastltr	CONS_94-4617_clus5_tsdl5_tsdc0.67_tsdmSYTYK	LTR/Copia		repeat:TE:ClassI:LTR:Copia	0.984067712223052	27	5.0	0.18518518518518517	4617.0	ok	1.0	7.400000095367432	0.9873755989679321	0.9870991522300037	0.002856616291927755	1.0	6	3.6734447555339544
rm2	rnd-5_family-5746	LINE/L1		repeat:TE:ClassI:LINE:L1	0.9923809523809524	55	5.0	0.09090909090909091	1734.0	ok	1.0	14.5	0.9878031761980518	0.9864355689525245	0.007842808897820202	0.14544084400904295	6	3.6732087494865953
rm2	ltr-1_family-10	LTR/Copia		repeat:TE:ClassI:LTR:Copia	1.0	12	5.0	0.4166666666666667	4065.0	ok	1.0	0.6499999761581421	0.9863310172001367	0.9863310172001367	0.0013289288833200441	1.0	6	3.671632038736292
fastltr	CONS_20-2960_clus4_tsdl0_tsdc0.0_tsdmnone	LTR/Gypsy		repeat:TE:ClassI:LTR:Gypsy	0.5388664136464112	551	5.0	0.009074410163339383	2960.0	ok	1.0	16.600000381469727	0.9841019566194191	0.9820268779870104	0.025734242882235202	0.9973857277072015	6	3.6650988389424484
pantera	Unknown_173-fGobNig	Unknown		repeat:TE:ClassII:TIR:Mutator	0.38614846660032487	649	92.0	0.14175654853620956	1044.0	len_inconsistent	1.0	11.0	0.8315436448109289	0.8692963293437125	0.019414787237315774	0.9998700894673326	6	3.6646278015001967
rm2	rnd-5_family-5776	LINE/L1-Tx1		repeat:TE:ClassI:LINE:L1	0.76221928665786	182	7.0	0.038461538461538464	120.0	ok	1.0	10.899999618530273	0.8877560653261588	0.9309921646370245	0.0003776078542433683	0.21193240819409043	6	3.66384626997744
rm2	rnd-5_family-977	DNA/hAT-Ac		repeat:TE:ClassII:TIR:hAT	0.9187051532941944	136	7.0	0.051470588235294115	3210.0	ok	1.0	15.5	0.8756709638941139	0.9429967426710097	0.05748497499655916	0.33832637518924624	6	3.6637657465793803
pantera	Unknown_516-fGobNig	DNA	repeat:TE:ClassII	repeat:TE:ClassII	0.9582835523695739	1625	449.0	0.2763076923076923	329.0	len_inconsistent	1.0	19.600000381469727	0.8107624232654894	0.19715393412698665	0.013749295173411233	0.9948264931970296	6	3.660162698395799
rm2	rnd-5_family-2361	DNA/hAT-Charlie		repeat:TE:ClassII:TIR:hAT	0.6144578313253012	110	47.0	0.42727272727272725	70.0	len_inconsistent	1.0	12.199999809265137	0.9977139124755062	0.9893860222077073	0.0031025473546701502	0.0919333768778576	6	3.659197792618931
rm2	rnd-5_family-3305	Unknown	repeat:TE:ClassI:LINE:Jockey	repeat:TE:ClassI:LINE:Jockey	0.9517717349928005	422	7.0	0.016587677725118485	369.0	ok	1.0	9.050000190734863	0.8713404207865586	0.9388744331276485	0.0002973756598022452	0.9595123039179243	6	3.655312893928464
rm2	rnd-5_family-1465	LINE/L2		repeat:TE:ClassI:LINE:Jockey	0.9960873835372813	728	52.0	0.07142857142857142	1098.0	len_inconsistent	1.0	20.799999237060547	0.9661772560762757	0.9728349784875236	0.02622713642232587	0.8193835192981423	6	3.6550155781985985
pantera	Unknown_121-fGobNig	DNA	repeat:TE:ClassII	repeat:TE:ClassII	0.6221919251386608	265	7.0	0.026415094339622643	1220.0	ok	1.0	13.0	0.9802584715579525	0.8294749160476239	0.04976086292866592	0.9915538821613921	6	3.654831427619833
rm2	rnd-1_family-377	LINE/L2		repeat:TE:ClassI:LINE:Jockey	0.9993469847881825	454	49.0	0.10792951541850221	843.0	len_inconsistent+weak_5p	1.0	10.449999809265137	0.9843617765021894	0.978842403502962	0.0024039935729967743	0.9133274460021341	6	3.653400260033665
rm2	rnd-5_family-7166	LINE/L1		repeat:TE:ClassI:LINE:L1	0.999029283287494	75	9.0	0.12	755.0	ok	1.0	4.199999809265137	0.8522272606028274	0.846581310571708	0.08535609495865565	0.9777718502711834	6	3.65305108061386
pantera	Unknown_148-fGobNig	DNA	repeat:TE:ClassII	repeat:TE:ClassII	0.7890324554247756	466	56.0	0.12017167381974249	1104.0	len_inconsistent	1.0	16.0	0.9543526961573506	0.9456726520377894	0.03289784677358581	0.9949235101084491	6	3.6482133752013404
rm2	rnd-4_family-990	Unknown	repeat:TE:ClassII:Helitron	repeat:TE:ClassII:Helitron	0.8412263300270514	1145	129.0	0.11266375545851529	369.0	len_inconsistent	1.0	13.399999618530273	0.7499680483960295	0.7869467047245772	0.004718186852980019	0.8036254419971882	6	3.6475044634198555
rm2	rnd-1_family-102	DNA/TcMar-Tc1		repeat:TE:ClassII:TIR:Tc1Mariner	0.8611930724823604	879	246.0	0.27986348122866894	159.0	len_inconsistent	1.0	9.899999618530273	0.9913204869261423	0.2649253052386411	0.007323907782448096	0.9478319413359536	6	3.6471808992681627
rm2	rnd-3_family-1986	DNA/hAT-Charlie		repeat:TE:ClassII:TIR:hAT	0.8425274039746903	970	20.0	0.020618556701030927	680.0	ok	1.0	13.899999618530273	0.9322725072604066	0.41213697967086155	0.06583978702807357	0.7915355759922555	6	3.645439482595249
fastltr	CONS_15a-8247_clus42_tsdl4_tsdc0.83_tsdmNNNN	LTR/Gypsy		repeat:TE:ClassI:LTR:Gypsy	0.6888888888888889	402	44.0	0.10945273631840796	8247.0	ok	1.0	6.350000381469727	0.9993851359044846	0.0015761992289799436	0.046218911137498576	0.9998145647965906	6	3.644414011619652
pantera	Unknown_302-fGobNig	DNA	repeat:TE:ClassII	repeat:TE:ClassII	0.9395131047342795	2115	181.0	0.08557919621749409	690.0	len_inconsistent	1.0	12.399999618530273	0.833936720687053	0.5526968270509182	0.004078479284199936	0.9892850084444285	6	3.6443121226071558
rm2	rnd-5_family-1913	Unknown	repeat:TE:ClassII:TIR:CACTA	repeat:TE:ClassII:TIR:CACTA	0.6869908664527277	277	86.0	0.3104693140794224	109.0	len_inconsistent	1.0	6.199999809265137	0.722351780428738	0.9861871019822406	0.011660238586420306	0.9221903309713876	6	3.6430373336545463
rm2	rnd-3_family-464	PLE		repeat:TE:ClassI:PLE	0.9646119032689005	2392	85.0	0.035535117056856184	171.0	len_inconsistent	1.0	18.200000762939453	0.8520319589662655	0.8614519629118169	0.005257447228250148	0.3194466364174393	6	3.6429028475923753
rm2	rnd-1_family-260	LINE/Rex-Babar		repeat:TE:ClassI:LINE:RTE	0.998827437951925	943	48.0	0.05090137857900318	1463.0	len_inconsistent	1.0	6.900000095367432	0.9813684335349223	0.9799454523894225	0.06169571919838729	0.9909071504802561	6	3.6425551232999323
rm2	rnd-3_family-238	DNA/TcMar-Tc1		repeat:TE:ClassII:TIR:Tc1Mariner	0.9585101309627166	812	100.0	0.12315270935960591	1076.0	len_inconsistent	1.0	8.899999618530273	0.9850045383963333	0.6574598483200432	0.011432257870929509	0.6492719812162903	6	3.6424643867163766
rm2	rnd-5_family-6934	LINE/L1-Tx1		repeat:TE:ClassI:LINE:L1	0.9940088190184049	92	8.0	0.08695652173913043	1003.0	ok	1.0	10.100000381469727	0.8705446150617371	0.8684808842561824	0.03987547658190213	0.861310294169086	6	3.642115486309863
pantera	Unknown_133-fGobNig	Unknown	repeat:TE:ClassII:TIR:hAT	repeat:TE:ClassII:TIR:hAT	0.9338194968803402	947	85.0	0.0897571277719113	1182.0	len_inconsistent	1.0	14.199999809265137	0.8613526798374137	0.8512484301783857	0.031305281352544796	0.9982445005604095	6	3.6420200357300923
pantera	Unknown_254-fGobNig	Unknown		repeat:TE:ClassII:TIR:CACTA	0.4425511070935865	2077	65.0	0.031295137217140105	844.0	len_inconsistent	1.0	11.199999809265137	0.8385522247237195	0.9877670555924033	0.06154539594757443	0.9991662540753127	6	3.6392326369589783
rm2	rnd-1_family-554	DNA/hAT-Ac		repeat:TE:ClassII:TIR:hAT	0.9692168250958498	1915	75.0	0.0391644908616188	1287.0	len_inconsistent	1.0	9.100000381469727	0.9675261154390935	0.7965695821529745	0.054780453257790365	0.9994577726628895	6	3.639156960983768
rm2	rnd-4_family-988	Unknown		repeat:TE:ClassII	0.583770819549521	1096	92.0	0.08394160583941605	684.0	len_inconsistent	1.0	10.399999618530273	0.7748596736740123	0.8999923108862472	0.012182631829855291	0.9553570055515401	6	3.6386398119058145
pantera	Unknown_174-fGobNig	DNA	repeat:TE:ClassII	repeat:TE:ClassII	0.9980676989650947	1194	72.0	0.06030150753768844	1044.0	len_inconsistent	1.0	11.550000190734863	0.9512041754825338	0.8294399585474329	0.0209826633274321	0.9987693769161017	6	3.637976630461235
rm2	rnd-5_family-1534	LINE/Rex-Babar		repeat:TE:ClassI:LINE:RTE	0.9312260283031345	702	64.0	0.09116809116809117	384.0	len_inconsistent	1.0	10.5	0.9049977181586025	0.9264373173313136	0.016351578354549604	0.807733014846534	6	3.6376150094738033
rm2	ltr-1_family-111	LTR/Unknown	repeat:TE:ClassI:LTR	repeat:TE:ClassI:LTR	1.0	86	38.0	0.4418604651162791	305.0	ok	1.0	8.75	0.9947755744059322	0.06224369417448458	0.0034267737767541147	1.0	6	3.636802865197227
rm2	ltr-1_family-472	LTR/Unknown		repeat:TE:ClassI:LINE:Jockey	0.48556011551907585	1280	387.0	0.30234375	114.0	len_inconsistent	1.0	9.199999809265137	0.6639529667770598	0.38292755089380304	0.027191082012273687	0.9938154365939089	6	3.6345914826897743
rm2	rnd-5_family-584	Unknown	repeat:TE:ClassI:LTR	repeat:TE:ClassI:LTR	0.9102841850388683	44	7.0	0.1590909090909091	486.0	ok	1.0	10.649999618530273	0.7890583903208838	0.9937927406628091	0.0	0.8317727511835876	6	3.6279491709979497
rm2	rnd-4_family-2241	DNA/MULE-MuDR		repeat:TE:ClassII:TIR:Mutator	0.9291152869997693	600	49.0	0.08166666666666667	442.0	len_inconsistent	1.0	9.600000381469727	0.9716255000869717	0.9634501652461298	0.02706992520438337	0.8846755957557836	6	3.625271745361615
rm2	rnd-4_family-1952	LINE/L1		repeat:TE:ClassI:LINE:L1	0.9991525955683886	137	5.0	0.0364963503649635	1001.0	ok	1.0	8.5	0.963891733723482	0.962370153621068	0.019868324798829554	0.9699487929773226	6	3.625231891680569
pantera	Unknown_520-fGobNig	DNA	repeat:TE:ClassII	repeat:TE:ClassII	0.8434338913257542	223	47.0	0.21076233183856502	327.0	ok	1.0	10.600000381469727	0.6365072327218312	0.31508064069168096	0.006595355539544422	0.9944853959984481	6	3.6236857313492297
rm2	rnd-4_family-309	LINE/L2		repeat:TE:ClassI:LINE:Jockey	0.9949092741935484	267	54.0	0.20224719101123595	128.0	len_inconsistent+weak_5p	0.9921875	12.0	0.9431845597104945	0.9471652593486127	0.01338962605548854	0.8505830317651789	6	3.622743578882076
rm2	rnd-3_family-211	DNA/hAT-Ac		repeat:TE:ClassII:TIR:hAT	0.9170042268404368	3055	141.0	0.046153846153846156	560.0	len_inconsistent	1.0	12.0	0.9764120216691398	0.497014561944978	0.019150924351559524	0.7865906068482973	6	3.6226456962694975
rm2	rnd-5_family-6982	Unknown	repeat:TE:ClassII:TIR:CACTA	repeat:TE:ClassII:TIR:CACTA	0.9673937235699978	184	10.0	0.05434782608695652	398.0	ok	1.0	12.149999618530273	0.9266176062204943	0.6958136628714247	0.0047556234379339075	0.9280408219938906	6	3.622431269091919
pantera	Unknown_29-fGobNig	Unknown		repeat:TE:ClassI:SINE:5S	0.4371270813438355	4063	22.0	0.005414718188530642	2682.0	ok	1.0	12.800000190734863	0.6501637269944412	0.6294465140952487	0.004995213671617298	0.9984401228065166	6	3.622032921911896
pantera	Unknown_497-fGobNig	DNA	repeat:TE:ClassII	repeat:TE:ClassII	0.6546667576063839	2239	77.0	0.03439035283608754	357.0	len_inconsistent+weak_3p	1.0	20.0	0.9935252158261392	0.7391586947101764	0.011645445151828273	0.932814739508683	6	3.6191746357087973
rm2	rnd-5_family-24330	Unknown	repeat:TE:ClassI:PLE	repeat:TE:ClassI:PLE	0.6785714285714286	117	106.0	0.905982905982906	61.0	len_inconsistent	1.0	8.5	0.6290218374466986	0.9636903992763923	0.0015505879312572683	0.4379118749192402	6	3.618018101987861
rm2	rnd-5_family-1610	LINE/Rex-Babar		repeat:TE:ClassI:LINE:RTE	0.9998730158730159	75	5.0	0.06666666666666667	352.0	ok	1.0	13.899999618530273	0.958601564821234	0.9575121323165297	0.004060612062989006	0.8224225017331881	6	3.6150837014737824
rm2	rnd-4_family-363	LINE/L2		repeat:TE:ClassI:LINE:Jockey	0.8899779716876419	257	63.0	0.245136186770428	431.0	len_inconsistent	1.0	16.100000381469727	0.8655580446895283	0.9496524786030214	0.0017232465965879718	0.8913062209202137	6	3.6145510727461314
rm2	rnd-5_family-326	LTR/Gypsy		repeat:TE:ClassI:LTR:Gypsy	0.7742558509429676	82	5.0	0.06097560975609756	1521.0	ok	1.0	5.800000190734863	0.9463125601539942	0.9686898460057748	0.10472810394610202	0.2960478825794033	6	3.613972410495788
rm2	rnd-5_family-2529	DNA/hAT-Charlie		repeat:TE:ClassII:TIR:hAT	0.913673678809646	1017	241.0	0.23697148475909538	276.0	len_inconsistent	1.0	12.199999809265137	0.9882722692364134	0.24293768037959204	0.0022562735410654013	0.9000697060118378	6	3.613226992190874
rm2	ltr-1_family-188	LTR/Unknown	repeat:TE:ClassI:LTR	repeat:TE:ClassI:LTR	0.9879366115677953	216	43.0	0.19907407407407407	762.0	len_inconsistent	1.0	13.799999237060547	0.9862600339837112	0.9930567762348391	0.002768500615222359	0.9941407394386829	6	3.612785265798137
pantera	Unknown_379-fGobNig	DNA	repeat:TE:ClassII	repeat:TE:ClassII	0.6803432196911787	1813	296.0	0.16326530612244897	512.0	len_inconsistent	1.0	11.300000190734863	0.9950233396399177	0.1450118611284828	0.06209215001754761	0.9930680345885812	6	3.6113269118273394
rm2	ltr-1_family-159	LTR/Unknown	repeat:TE:ClassI:LTR	repeat:TE:ClassI:LTR	0.9997372569626904	69	42.0	0.6086956521739131	392.0	len_inconsistent	1.0	7.5	0.9940490589772123	0.9917267405292951	0.007982969664715274	0.9289757608011998	6	3.609025089904408
pantera	Unknown_30-fGobNig	DNA	repeat:TE:ClassII	repeat:TE:ClassII	1.0	55	5.0	0.09090909090909091	2658.0	ok	1.0	10.600000381469727	0.9540251222077841	0.9538394901305612	0.09835406224862323	0.25397562032052473	6	3.606834616674364
rm2	rnd-5_family-9359	DNA/hAT-Ac		repeat:TE:ClassII:TIR:hAT	0.8282009724473258	92	9.0	0.09782608695652174	337.0	ok	1.0	9.25	0.9904469464346639	0.653770044353463	0.0006141248720573184	0.38833162743091093	6	3.5984595002274515
rm2	ltr-1_family-105	LTR/Pao		repeat:TE:ClassI:LTR:BelPao	0.9993694829760403	23	10.0	0.43478260869565216	564.0	ok	1.0	4.300000190734863	0.9911916446457782	0.6033723417641877	0.0006291682395872657	0.9953441550270542	6	3.594563986409966
rm2	rnd-4_family-58	DNA/TcMar-Tc1		repeat:TE:ClassII:TIR:Tc1Mariner	0.8214528593508501	6649	245.0	0.03684764626259588	446.0	len_inconsistent+weak_3p	1.0	10.399999618530273	0.9769809277420131	0.22804083187934943	0.0066682710627118304	0.917934139542346	6	3.594187843985895
rm2	rnd-1_family-227	Unknown	repeat:TE:ClassII:Helitron	repeat:TE:ClassII:Helitron	0.6335628197644474	1135	104.0	0.09162995594713656	428.0	len_inconsistent	1.0	2.5999999046325684	0.6230075893651795	0.9532097027363788	0.28209298185996085	0.989327960904251	6	3.5932506314003385
rm2	rnd-4_family-1269	LINE/Rex-Babar		repeat:TE:ClassI:LINE:RTE	0.979570367885838	306	44.0	0.1437908496732026	566.0	len_inconsistent	1.0	5.449999809265137	0.9666152395645838	0.977229222022228	0.01167109511156824	0.9597582926202108	6	3.587297138072999
rm2	rnd-1_family-220	DNA/hAT-Ac		repeat:TE:ClassII:TIR:hAT	0.9804861297739557	855	177.0	0.20701754385964913	482.0	len_inconsistent	1.0	7.199999809265137	0.9671203087352472	0.3691040143749745	0.021858537182995057	0.9728018948829992	6	3.5841975894720286
rm2	ltr-1_family-462	LTR/Unknown	repeat:TE:ClassI:LTR	repeat:TE:ClassI:LTR	0.9928810720268006	108	40.0	0.37037037037037035	475.0	len_inconsistent	1.0	13.399999618530273	0.9870463692630297	0.986268474989008	0.05840971353197822	0.9829201474616972	6	3.57537483558
pantera	Unknown_424-fGobNig	DNA	repeat:TE:ClassII	repeat:TE:ClassII	0.9989656089607818	702	104.0	0.14814814814814814	471.0	len_inconsistent	1.0	13.199999809265137	0.7788952697597098	0.7729938038385975	0.041801420583345926	0.9940380837237419	6	3.5689224128970873
rm2	rnd-1_family-251	LINE/L2		repeat:TE:ClassI:LINE:Jockey	0.9841917119025553	333	42.0	0.12612612612612611	544.0	len_inconsistent	1.0	14.399999618530273	0.9663108384062249	0.9786503043734939	0.017672050867633824	0.7523299815149961	6	3.568210433177619
rm2	ltr-1_family-507	LTR/Unknown	repeat:TE:ClassI:LTR	repeat:TE:ClassI:LTR	0.9773887673231219	16	5.0	0.3125	411.0	ok	1.0	6.650000095367432	0.9196269982238011	0.9469360568383659	0.0	0.9662522202486679	6	3.5655330593981858
rm2	rnd-5_family-1501	Unknown	repeat:TE:ClassII:Helitron	repeat:TE:ClassII:Helitron	0.7944676919732623	127	8.0	0.06299212598425197	545.0	ok	1.0	11.100000381469727	0.6644079001735393	0.9966944880588381	0.0015701181720518965	0.7636145773076605	6	3.5641923752243208
rm2	rnd-1_family-444	Unknown	repeat:TE:ClassII:TIR:Mutator	repeat:TE:ClassII:TIR:Mutator	0.9361308238198087	17	5.0	0.29411764705882354	444.0	ok	1.0	10.0	0.885593220338983	0.9793785310734463	0.0011299435028248588	0.9361581920903955	6	3.563941755748448
rm2	rnd-1_family-14	SINE/5S		repeat:TE:ClassI:SINE:5S	0.49996375259498466	749	139.0	0.1855807743658211	516.0	len_inconsistent	1.0	5.400000095367432	0.6774748266975842	0.7403069998100128	0.24183907598026083	0.9988649483380992	6	3.560796626761692
rm2	ltr-1_family-119	LTR/Unknown	repeat:TE:ClassI:LTR	repeat:TE:ClassI:LTR	1.0	54	36.0	0.6666666666666666	528.0	ok	1.0	1.7000000476837158	0.9982835262532459	0.0016724615994014348	0.004313190440561595	1.0	6	3.5562584886199344
pantera	Unknown_156-fGobNig	Unknown		repeat:TE:ClassII:TIR:CACTA	0.31094630515683147	1047	57.0	0.054441260744985676	1080.0	len_inconsistent	1.0	10.300000190734863	0.8680828328600687	0.9311127821036697	0.2907708442579969	0.9994211989591475	6	3.5550704706362297
rm2	rnd-4_family-787	LINE/L2		repeat:TE:ClassI:LINE:Jockey	0.9881855773163084	451	44.0	0.0975609756097561	722.0	len_inconsistent	1.0	4.800000190734863	0.9520416577872081	0.9593984823074856	0.02179250789885756	0.8562268941043483	6	3.5548928165808813
pantera	Unknown_232-fGobNig	DNA	repeat:TE:ClassII	repeat:TE:ClassII	0.9998192520812988	2729	168.0	0.06156101135947233	899.0	len_inconsistent	1.0	13.0	0.6719158265148581	0.6522463728749403	0.07490129348037523	0.9973538065755277	6	3.549471481115661
rm2	rnd-4_family-1039	LINE/Rex-Babar		repeat:TE:ClassI:LINE:RTE	0.9988197286237347	473	38.0	0.080338266384778	1175.0	len_inconsistent	1.0	6.599999904632568	0.9838154200074427	0.984025169998985	0.020758483033932136	0.8013532257518861	6	3.547624186623238
pantera	Unknown_83-fGobNig	DNA	repeat:TE:ClassII	repeat:TE:ClassII	0.9999326357389859	277	19.0	0.06859205776173286	1397.0	ok	1.0	11.300000190734863	0.6912757743605634	0.5771003602277569	0.0042478470258615125	0.9978954435707738	6	3.547129735541149
rm2	rnd-1_family-461	DNA/hAT-Ac		repeat:TE:ClassII:TIR:hAT	0.9822730521801286	380	9.0	0.02368421052631579	684.0	ok	1.0	5.149999618530273	0.9908736414170746	0.5985439309715423	0.28382975192898036	0.8367211482618435	6	3.543660081827942
rm2	rnd-5_family-1919	DNA/CMC-EnSpm		repeat:TE:ClassII:TIR:CACTA	0.9903224218557716	832	37.0	0.04447115384615385	765.0	len_inconsistent	1.0	10.300000190734863	0.988529524785449	0.9868387344690662	0.09820033303445626	0.6636992442679647	6	3.54356998332151
rm2	rnd-5_family-5967	DNA/hAT-Ac		repeat:TE:ClassII:TIR:hAT	0.976897689768977	77	14.0	0.18181818181818182	222.0	ok	1.0	10.199999809265137	0.9985124950416502	0.39458548195160653	0.002578341927806426	0.6655097183657279	6	3.5392260126714947
rm2	rnd-3_family-1248	Unknown	repeat:TE:ClassII:Helitron	repeat:TE:ClassII:Helitron	0.6923648242868043	2113	87.0	0.041173686701372454	686.0	len_inconsistent	1.0	12.100000381469727	0.603645031324488	0.9929007202405645	0.014210278369579738	0.8149523159964656	6	3.536065004183671
rm2	ltr-1_family-127	LTR/Unknown	repeat:TE:ClassI:LTR	repeat:TE:ClassI:LTR	0.99955809475711	158	41.0	0.25949367088607594	377.0	len_inconsistent	1.0	11.899999618530273	0.9613941810663122	0.9594446905922316	0.07839314724560627	0.9763402747009304	6	3.5336227283782797
rm2	rnd-3_family-291	DNA/TcMar-Tc1		repeat:TE:ClassII:TIR:Tc1Mariner	0.7974227780936138	1189	323.0	0.2716568544995795	303.0	len_inconsistent	1.0	9.399999618530273	0.9940892167705814	0.029517454838618198	0.009066712040739435	0.99186102569712	6	3.5328091939403024
rm2	rnd-5_family-894	Unknown		repeat:TE:ClassII:TIR:PIFHarbinger	0.5302413668050127	329	81.0	0.24620060790273557	160.0	len_inconsistent	1.0	14.300000190734863	0.6287253336220664	0.9927185123027367	0.0037896218498768373	0.679046098042931	6	3.529928864803453
rm2	ltr-1_family-379	LTR/Unknown	repeat:TE:ClassI:LTR:BelPao	repeat:TE:ClassI:LTR:BelPao	0.9310487200660611	9	5.0	0.5555555555555556	512.0	ok	1.0	1.600000023841858	0.9986301369863013	0.8294520547945206	0.00034246575342465754	1.0	6	3.5270521961168404
rm2	rnd-5_family-30	Unknown	repeat:TE:ClassII:TIR:Mutator	repeat:TE:ClassII:TIR:Mutator	0.646940407577972	379	64.0	0.16886543535620052	201.0	len_inconsistent+weak_5p	1.0	17.5	0.7193091838643307	0.9967579026123823	0.003117401334247771	0.7568842612797971	6	3.5222470604606
pantera	hAT_32-fGobNig	Unknown	repeat:TE:ClassII:TIR:hAT	repeat:TE:ClassII:TIR:hAT	0.9017193756289745	702	61.0	0.0868945868945869	1287.0	len_inconsistent	1.0	7.649999618530273	0.9660628899125281	0.768027035761038	0.10389268949954265	0.9993865467511626	6	3.5194197606843334
rm2	rnd-4_family-1701	DNA/hAT		repeat:TE:ClassII:TIR:hAT	0.9467570183930301	278	9.0	0.03237410071942446	682.0	ok	1.0	12.0	0.9915674603174603	0.5732791514041514	0.008489774114774114	0.46613629426129427	6	3.5190891211609365
pantera	Unknown_385-fGobNig	Unknown		repeat:TE:ClassII:TIR:PIFHarbinger	0.4167251624095179	1340	64.0	0.04776119402985075	507.0	len_inconsistent+weak_5p	1.0	15.699999809265137	0.7924379644714002	0.9202227410942546	0.014990295086810755	0.9975912118215281	6	3.518840679549542
rm2	rnd-5_family-3269	Unknown	repeat:TE:ClassII:TIR:CACTA	repeat:TE:ClassII:TIR:CACTA	0.9034491071582319	333	5.0	0.015015015015015015	709.0	ok	1.0	10.699999809265137	0.8207739009582328	0.9956257771925975	0.004579035915441445	0.8539536244605369	6	3.515369682486849
rm2	rnd-5_family-2296	Unknown		repeat:TE:ClassII	0.4777460638983519	478	51.0	0.10669456066945607	257.0	len_inconsistent	1.0	12.399999618530273	0.830562254093159	0.9765357278842492	0.0031888564538647035	0.8850107881710877	6	3.5146681580753443
rm2	rnd-4_family-270	LINE/Penelope		repeat:TE:ClassI:PLE	0.9996904081149497	348	38.0	0.10919540229885058	682.0	len_inconsistent	1.0	17.0	0.9831289003658275	0.9480238146474428	0.016053367764148913	0.8397388996485188	6	3.5109363116300805
rm2	rnd-1_family-129	LTR/Ngaro		repeat:TE:ClassI:LINE:Jockey	0.42434809706295884	4212	170.0	0.04036087369420703	685.0	len_inconsistent	1.0	11.199999809265137	0.9580310323529966	0.321825659517893	0.01740344387486375	0.9770733605889339	6	3.510305613249164
rm2	rnd-5_family-3316	LINE/L1		repeat:TE:ClassI:LINE:L1	0.9905018285249898	126	5.0	0.03968253968253968	2515.0	ok	1.0	14.100000381469727	0.9046636492722755	0.8996938232161874	0.16593450479233227	0.9739305999290024	6	3.5033274768244818
rm2	rnd-1_family-488	LINE/L2		repeat:TE:ClassI:LINE:Jockey	0.9972571998503927	323	65.0	0.20123839009287925	615.0	len_inconsistent	1.0	11.800000190734863	0.8482854056973134	0.8407924935871472	0.018833535844471446	0.9036975158633724	6	3.501991255927316
rm2	rnd-4_family-195	PLE		repeat:TE:ClassI:PLE	0.9945964857720416	366	37.0	0.10109289617486339	201.0	len_inconsistent+weak_5p	1.0	12.199999809265137	0.9648921707141525	0.9650521152667075	0.0028256870951403512	0.7206834963879188	6	3.498146010047855
rm2	ltr-1_family-529	LTR/Unknown	repeat:TE:ClassI:LTR	repeat:TE:ClassI:LTR	0.9767631471667346	23	5.0	0.21739130434782608	445.0	ok	1.0	5.900000095367432	0.9288277511961722	0.8702153110047847	0.008373205741626795	0.8633373205741627	6	3.4980130665369757
rm2	ltr-1_family-143	LTR/Unknown	repeat:TE:ClassI:LTR	repeat:TE:ClassI:LTR	1.0	48	32.0	0.6666666666666666	312.0	len_inconsistent	1.0	8.300000190734863	0.9985415653864852	0.993356020093988	0.0	0.9960298168854319	6	3.4970475638003795
rm2	rnd-4_family-50	LINE/Rex-Babar		repeat:TE:ClassI:LINE:RTE	0.9995025246872123	164	36.0	0.21951219512195122	457.0	len_inconsistent+weak_3p	0.9978118161925602	4.5	0.9705326520613144	0.9692960966846317	0.035020181516996804	0.9686894846130515	6	3.4961312495132333
rm2	rnd-1_family-244	PLE		repeat:TE:ClassI:PLE	0.9985505336671499	515	37.0	0.07184466019417475	336.0	len_inconsistent	1.0	14.100000381469727	0.9629699130543566	0.9582160505410646	0.005254269093638581	0.8962406955651466	6	3.4893876876624166
rm2	rnd-3_family-421	Unknown	repeat:TE:ClassII:TIR:CACTA	repeat:TE:ClassII:TIR:CACTA	0.8262654596455438	1802	68.0	0.03773584905660377	297.0	len_inconsistent	1.0	14.800000190734863	0.668108494216155	0.9879610706561638	0.02015913014147106	0.7901297644794539	6	3.4885784775785553
rm2	rnd-4_family-109	DNA/hAT-Ac		repeat:TE:ClassII:TIR:hAT	0.9323585035541675	1130	62.0	0.05486725663716814	672.0	len_inconsistent	1.0	8.800000190734863	0.9581281590063729	0.7371381131829762	0.0036707552314366406	0.8244915068002572	6	3.487657961687603
rm2	rnd-1_family-513	Unknown	repeat:TE:ClassII:TIR:CACTA	repeat:TE:ClassII:TIR:CACTA	0.6582973024679548	1360	69.0	0.05073529411764706	252.0	weak_5p	1.0	13.899999618530273	0.6925674466333361	0.9560716885224385	0.018596298638538546	0.8235469590845633	6	3.4874882258930295
rm2	rnd-4_family-451	LINE/Rex-Babar		repeat:TE:ClassI:LINE:RTE	0.9981314019940805	453	33.0	0.0728476821192053	502.0	len_inconsistent+weak_5p	1.0	11.100000381469727	0.98282456348735	0.9816724076493646	0.002244922199786198	0.8891792374391257	6	3.483010911014602
pantera	Unknown_514-fGobNig	DNA	repeat:TE:ClassII	repeat:TE:ClassII	0.9882946518668012	1772	177.0	0.09988713318284424	330.0	len_inconsistent	1.0	16.100000381469727	0.9264043188210198	0.30605839647465366	0.003931141616206449	0.9856748837188237	6	3.48043598165748
rm2	rnd-2_family-152	DNA/TcMar-Tc1		repeat:TE:ClassII:TIR:Tc1Mariner	0.9417750556956628	3645	136.0	0.03731138545953361	486.0	weak_3p	1.0	12.100000381469727	0.9475709406390062	0.3984132931732695	0.007951548516335442	0.846594921385234	6	3.479523142182493
rm2	rnd-1_family-473	LINE/L2		repeat:TE:ClassI:LINE:Jockey	0.9935480358260964	155	34.0	0.21935483870967742	366.0	len_inconsistent	1.0	21.799999237060547	0.9605911330049262	0.9855020225079099	0.006468020345228083	0.7500700869077657	6	3.477572072555091
rm2	rnd-3_family-667	DNA/TcMar-Tc1		repeat:TE:ClassII:TIR:Tc1Mariner	0.8984962406015038	932	15.0	0.016094420600858368	596.0	ok	1.0	13.300000190734863	0.9907796346569093	0.3080907317276382	0.006977761423046748	0.817495087794819	6	3.4749616254402285
pantera	Unknown_233-fGobNig	DNA	repeat:TE:ClassII	repeat:TE:ClassII	0.9975212846211876	1347	63.0	0.0467706013363029	896.0	len_inconsistent	1.0	16.100000381469727	0.8854140099379975	0.7891297656215646	0.016208609999560267	0.9861263796666814	6	3.4738843250131435
pantera	Unknown_147-fGobNig	Unknown	repeat:TE:ClassI:LINE:Jockey	repeat:TE:ClassI:LINE:Jockey	0.7431354295693919	299	53.0	0.17725752508361203	1115.0	len_inconsistent	1.0	4.099999904632568	0.8652974686545326	0.8839658874611357	0.09319307182193201	0.9964776568289428	6	3.4735392257164572
rm2	rnd-1_family-400	DNA/Academ-1		repeat:TE:ClassII:TIR:Academ	0.6757173345980555	587	233.0	0.3969335604770017	194.0	len_inconsistent	1.0	8.699999809265137	0.993669085218381	0.11188342174257668	0.01107656037233502	0.9738227343861147	6	3.4729084279869764
rm2	ltr-1_family-414	LTR/Unknown	repeat:TE:ClassI:LTR	repeat:TE:ClassI:LTR	0.9980010280427208	78	35.0	0.44871794871794873	357.0	len_inconsistent	1.0	9.899999618530273	0.963963963963964	0.9638567138567139	0.029547404547404548	0.9750643500643501	6	3.4718887221709536
pantera	Unknown_445-fGobNig	Unknown	repeat:TE:ClassI:LINE:Jockey	repeat:TE:ClassI:LINE:Jockey	0.8351295238587514	12265	152.0	0.01239298817774154	443.0	len_inconsistent	1.0	15.100000381469727	0.8926444573711514	0.3969313097161261	0.0980918133573065	0.99910015335775	6	3.47141935503205
rm2	ltr-1_family-168	LTR/Pao		repeat:TE:ClassI:LTR:BelPao	0.9994054696789536	65	21.0	0.3230769230769231	443.0	ok	1.0	15.199999809265137	0.9853577794754266	0.1597275273745862	0.0	0.9473516679399032	6	3.4673046015839324
rm2	rnd-1_family-339	Unknown	repeat:TE:ClassII:TIR:CACTA	repeat:TE:ClassII:TIR:CACTA	0.6135456215554195	211	37.0	0.17535545023696683	400.0	len_inconsistent+weak_5p	1.0	7.900000095367432	0.897685066224392	0.9942301852414211	0.0035039360882057513	0.9594244200985774	6	3.4601169755328085
rm2	ltr-1_family-180	LTR/Unknown	repeat:TE:ClassI:LTR	repeat:TE:ClassI:LTR	0.9994959253969588	51	30.0	0.5882352941176471	290.0	len_inconsistent	1.0	6.199999809265137	0.9910817506193229	0.9906688687035508	0.0016515276630883566	0.9922378199834847	6	3.458871874042536
rm2	rnd-4_family-1155	LINE/Rex-Babar		repeat:TE:ClassI:LINE:RTE	0.9965039854565795	284	31.0	0.10915492957746478	143.0	len_inconsistent+weak_5p	1.0	17.299999237060547	0.981783511846803	0.9855160662122687	0.0037731256085686464	0.30460889321648815	6	3.458661271893344
pantera	Unknown_376-fGobNig	DNA	repeat:TE:ClassII	repeat:TE:ClassII	0.767967833808008	967	206.0	0.21302998965873837	513.0	len_inconsistent	1.0	12.5	0.9920282342560935	0.15000772030440057	0.06204036616300871	0.9816565567442374	6	3.4559031749296474
pantera	TcMar-Tc1_12-fGobNig	DNA/TcMar-Tc1		repeat:TE:ClassII:TIR:Tc1Mariner	0.9874668594842131	629	281.0	0.4467408585055644	1585.0	len_inconsistent	1.0	1.399999976158142	0.9986270891708621	0.007259417879733619	0.0014701080559795278	0.9990416960916084	6	3.454592826955676
pantera	Unknown_179-fGobNig	Unknown	repeat:TE:ClassI:LINE:Jockey	repeat:TE:ClassI:LINE:Jockey	0.6628702266071814	353	57.0	0.16147308781869688	1035.0	len_inconsistent	1.0	13.300000190734863	0.82181877155246	0.873194714739322	0.17004677523985115	0.9954078322919867	6	3.4508883419642737
pantera	L2_12-fGobNig	LINE/L2		repeat:TE:ClassI:LINE:Jockey	0.9970208207405457	7354	36.0	0.004895295077508839	5525.0	len_inconsistent	1.0	12.600000381469727	0.9588215152122826	0.9356021653071587	0.1526322580717237	0.9977578312519446	6	3.4507261812867283
rm2	rnd-5_family-4878	DNA/Maverick		repeat:TE:ClassI:LINE:Jockey	0.5172274426593917	375	8.0	0.021333333333333333	1811.0	ok	1.0	16.200000762939453	0.6986908421364707	0.84756658916785	0.08706914038728604	0.4612948023780174	6	3.4493474182962642
rm2	rnd-3_family-269	DNA/hAT-Charlie		repeat:TE:ClassII:TIR:hAT	0.6286173180422102	1767	177.0	0.100169779286927	776.0	len_inconsistent	1.0	10.0	0.944270312136607	0.2502363054837808	0.011037546434294273	0.9769306104682796	6	3.4424798839821946
rm2	rnd-4_family-3016	DNA/hAT-Ac		repeat:TE:ClassII:TIR:hAT	0.8869814020028612	1398	220.0	0.15736766809728184	397.0	len_inconsistent	1.0	9.5	0.9839941736113146	0.11602131319769121	0.01718198674831424	0.9512709647444886	6	3.442438167631212
pantera	Unknown_365-fGobNig	Unknown	repeat:TE:ClassI:LINE:Jockey	repeat:TE:ClassI:LINE:Jockey	0.7894679160501945	217	122.0	0.5622119815668203	537.0	len_inconsistent	1.0	4.199999809265137	0.862865038163843	0.491877607415456	0.004923068668088588	0.9977195594725475	6	3.441102476254047
rm2	rnd-1_family-602	LINE/Rex-Babar		repeat:TE:ClassI:LINE:RTE	0.9971159807013288	2875	46.0	0.016	888.0	len_inconsistent	1.0	6.699999809265137	0.8876865637194973	0.8853614822493284	0.09429438459195018	0.9953709381960902	6	3.4358058776504
rm2	rnd-4_family-3325	LINE/L2		repeat:TE:ClassI:LINE:Jockey	0.9962230126109778	4504	31.0	0.006882770870337478	5525.0	len_inconsistent	1.0	12.100000381469727	0.9741013501346861	0.9678917855135623	0.21942826170386526	0.998362122747123	6	3.4333548294825214
rm2	ltr-1_family-442	LTR/Unknown	repeat:TE:ClassI:LTR	repeat:TE:ClassI:LTR	0.9981141563992959	347	29.0	0.08357348703170028	358.0	len_inconsistent	1.0	7.900000095367432	0.9848921918544957	0.9837921087371045	0.23275314134845743	0.9884369041216448	6	3.4310822984905562
pantera	TcMar-Tc1_3-fGobNig	DNA/TcMar-Tc1		repeat:TE:ClassII:TIR:Tc1Mariner	0.9999130823482666	2294	191.0	0.08326068003487358	1627.0	len_inconsistent	1.0	23.75	0.998178134045452	0.15147272967653674	0.0017459158041011206	0.9995574262838154	6	3.430684230969716
rm2	rnd-1_family-161	DNA/TcMar-Tc1		repeat:TE:ClassII:TIR:Tc1Mariner	0.9719432212747277	757	66.0	0.08718626155878467	342.0	len_inconsistent+weak_5p	1.0	6.900000095367432	0.9958154388283229	0.6137933204335583	0.0035002438372111317	0.9774647222615508	6	3.42915269480375
rm2	rnd-3_family-673	DNA/TcMar-Tc1		repeat:TE:ClassII:TIR:Tc1Mariner	0.9842314596459117	821	81.0	0.09866017052375152	216.0	weak_3p	0.9953703703703703	12.199999809265137	0.993683654607869	0.5225349881172432	0.003031423290203327	0.7775547927119092	6	3.424703661603762
rm2	rnd-5_family-14256	Unknown	repeat:TE:ClassI:LINE:Jockey	repeat:TE:ClassI:LINE:Jockey	0.7380520875285274	296	45.0	0.15202702702702703	204.0	len_inconsistent	1.0	7.300000190734863	0.8031169794984384	0.9682426791180927	0.024335941123720586	0.9531216178607873	6	3.4245721723918745
rm2	rnd-5_family-12107	Unknown	repeat:TE:ClassII:Helitron	repeat:TE:ClassII:Helitron	0.8630023812995091	293	63.0	0.2150170648464164	128.0	len_inconsistent	1.0	9.699999809265137	0.6823853211009174	0.940440366972477	0.016256880733944955	0.8146788990825689	6	3.422166237526976
rm2	rnd-5_family-907	DNA/hAT-Ac		repeat:TE:ClassII:TIR:hAT	0.7627029167216577	407	74.0	0.18181818181818182	257.0	len_inconsistent	1.0	13.800000190734863	0.8992154992352351	0.6532572405966811	0.0020393730572504645	0.720589444599773	6	3.4217044595628927
rm2	rnd-4_family-586	DNA/hAT-Ac		repeat:TE:ClassII:TIR:hAT	0.9505317128750475	513	13.0	0.025341130604288498	921.0	ok	1.0	11.899999618530273	0.9911247104965091	0.31423596436359946	0.011918245904687843	0.7747874156847497	6	3.4193040271669455
rm2	rnd-4_family-741	DNA/TcMar-Tc1		repeat:TE:ClassII:TIR:Tc1Mariner	0.8585045193097781	759	73.0	0.09617918313570488	348.0	len_inconsistent	1.0	8.100000381469727	0.9469113720610727	0.6087910758569441	0.002160181800900364	0.9169971744822044	6	3.4190253080384725
pantera	Unknown_216-fGobNig	DNA	repeat:TE:ClassII:TIR:hAT	repeat:TE:ClassII:TIR:hAT	0.8615079269805447	869	60.0	0.06904487917146145	943.0	len_inconsistent	1.0	8.100000381469727	0.9896216766261883	0.6503403197084309	0.05903028352188066	0.9983853633970708	6	3.4181132467182627
rm2	rnd-5_family-1661	LINE/L2		repeat:TE:ClassI:LINE:Jockey	0.9972721717877095	214	34.0	0.1588785046728972	638.0	len_inconsistent	1.0	5.0	0.9709506337023922	0.9124673535114002	0.023024787297111087	0.8217621893576453	6	3.4148969042560475
rm2	rnd-5_family-2010	DNA/TcMar-Tc1		repeat:TE:ClassII:TIR:Tc1Mariner	0.9794386758507247	350	6.0	0.017142857142857144	628.0	ok	1.0	11.399999618530273	0.9925417168212608	0.642214826878142	0.17932922655715264	0.5873634024876678	6	3.4129077940830466
rm2	rnd-4_family-2705	LINE/L2		repeat:TE:ClassI:LINE:Jockey	0.9991551718068763	1043	27.0	0.02588686481303931	2409.0	len_inconsistent	1.0	5.400000095367432	0.9896916481461241	0.9877703695607292	0.0518890953473968	0.9782465600369197	6	3.4088257818658407
rm2	rnd-1_family-170	SINE/5S		repeat:TE:ClassI:SINE:5S	0.5090996616878167	1189	97.0	0.0815811606391926	949.0	len_inconsistent	1.0	12.0	0.7892343532995834	0.6308997132744949	0.06764929886653824	0.9972895479593208	6	3.406905800840323
rm2	rnd-5_family-43	LINE/Rex-Babar		repeat:TE:ClassI:LINE:RTE	0.9986152221702931	524	28.0	0.05343511450381679	877.0	len_inconsistent	1.0	6.900000095367432	0.9786827151242663	0.9800330960409641	0.04753653053578119	0.9218496315723742	6	3.4058738425074497
rm2	rnd-4_family-2806	LINE/Rex-Babar		repeat:TE:ClassI:LINE:RTE	0.998609651056326	223	29.0	0.13004484304932734	364.0	len_inconsistent+weak_5p	1.0	9.600000381469727	0.9708068224349035	0.9704058172485698	0.06648665989413463	0.8179436454044806	6	3.403610637582429
rm2	rnd-5_family-6798	LINE/L2		repeat:TE:ClassI:LINE:Jockey	0.9991700185149716	79	33.0	0.4177215189873418	257.0	len_inconsistent	1.0	10.199999809265137	0.9422791781402245	0.942120313492904	0.0017475111205253124	0.8873120101673374	6	3.402913431511016
pantera	Gypsy_21-fGobNig	LTR/Gypsy		repeat:TE:ClassI:LTR:Gypsy	0.992462967799709	134	6.0	0.04477611940298507	5242.0	ok	1.0	20.399999618530273	0.9994560059260631	0.6206972383619991	0.013113729484478807	0.9997106414500335	6	3.398304494671706
rm2	rnd-5_family-123	DNA/TcMar-Tc1		repeat:TE:ClassII:TIR:Tc1Mariner	0.8029416105071573	2236	231.0	0.10330948121645796	722.0	len_inconsistent	1.0	9.800000190734863	0.9910602357378305	0.043048379629273575	0.016516722065928455	0.9882207992567629	6	3.3977205952592486
rm2	ltr-1_family-79	LTR/Unknown	repeat:TE:ClassI:LTR:Gypsy	repeat:TE:ClassI:LTR:Gypsy	0.7096938256535449	51	26.0	0.5098039215686274	191.0	len_inconsistent	1.0	10.699999809265137	0.9913491446345256	0.9912519440124417	0.0	0.9643273716951789	6	3.397574436617785
rm2	ltr-1_family-527	LTR/Unknown	repeat:TE:ClassI:LTR	repeat:TE:ClassI:LTR	0.9158047541281075	43	32.0	0.7441860465116279	154.0	len_inconsistent	1.0	4.0	0.946191356986716	0.946191356986716	0.030267361694972256	0.9804943669076845	6	3.3975326922933378
rm2	ltr-1_family-363	LTR/Pao		repeat:TE:ClassI:LTR:BelPao	0.9235294117647059	53	25.0	0.4716981132075472	508.0	ok	1.0	6.400000095367432	0.9684810421028146	0.030006978367062107	0.02541288671784136	0.9996510816468946	6	3.3964280291419144
rm2	rnd-5_family-2952	LINE/L2		repeat:TE:ClassI:LINE:Jockey	1.0	172	32.0	0.18604651162790697	1236.0	len_inconsistent	1.0	14.450000762939453	0.9448691271492717	0.944255831781842	0.07772423611871646	0.9880735954440916	6	3.3942749372510197
rm2	rnd-3_family-1175	LINE/Penelope		repeat:TE:ClassI:PLE	0.9952546697854529	849	31.0	0.03651354534746761	392.0	len_inconsistent+weak_5p	1.0	16.5	0.9646064960916638	0.9379278535709084	0.013084429771325921	0.7850819698661617	6	3.393896043496845
rm2	rnd-4_family-3163	DNA/PiggyBac		repeat:TE:ClassII:TIR:PiggyBac	0.9414056862462116	293	8.0	0.027303754266211604	887.0	ok	1.0	10.899999618530273	0.9897066666666666	0.5006222222222222	0.029902222222222222	0.62256	6	3.3934188758808324
rm2	rnd-4_family-1572	Unknown	repeat:TE:ClassI:LTR	repeat:TE:ClassI:LTR	0.9594256447618924	550	31.0	0.056363636363636366	2200.0	len_inconsistent	1.0	17.049999237060547	0.9022393669634026	0.9948565776458952	0.05074975272007913	0.917463897131553	6	3.3884576384435703
rm2	rnd-1_family-128	DNA/TcMar-Tc1		repeat:TE:ClassII:TIR:CACTA	0.3701086956521739	1754	140.0	0.07981755986316989	320.0	len_inconsistent+weak_5p	1.0	10.5	0.9778108759539081	0.2644077161457708	0.0033111522169104986	0.9713367125503479	6	3.3883466277779175
rm2	rnd-4_family-103	DNA/hAT-hAT5		repeat:TE:ClassII:TIR:hAT	0.9760875313000607	1015	41.0	0.04039408866995074	1152.0	len_inconsistent	1.0	10.199999809265137	0.9654402691210338	0.8030716267517626	0.05861085129962509	0.7022927162832373	6	3.381295752592532
rm2	rnd-4_family-260	DNA/TcMar-Tc1		repeat:TE:ClassII:TIR:Tc1Mariner	0.9280951000289939	592	221.0	0.3733108108108108	188.0	len_inconsistent	1.0	11.100000381469727	0.9945269369883876	0.0417697823465956	0.023764198235928676	0.9855876007360873	6	3.3806889930200934
rm2	rnd-4_family-941	LINE/Rex-Babar		repeat:TE:ClassI:LINE:RTE	0.9980961624608033	1354	27.0	0.019940915805022157	230.0	len_inconsistent+weak_5p	1.0	17.0	0.9738676835629744	0.975162787351153	0.0016908299456775912	0.6030578839443106	6	3.3803942350731147
rm2	rnd-4_family-2023	Unknown	repeat:TE:ClassII	repeat:TE:ClassII	0.9503611574764768	962	29.0	0.030145530145530147	1371.0	len_inconsistent	1.0	13.5	0.9400627169426538	0.977595105564208	0.08114091756702961	0.9680339146407045	6	3.380055820405818
rm2	ltr-1_family-525	LTR/Unknown	repeat:TE:ClassI:LTR	repeat:TE:ClassI:LTR	0.8365384615384616	36	20.0	0.5555555555555556	473.0	ok	1.0	3.5	0.9728664192949907	0.10575139146567718	0.0	0.9746444032158318	6	3.379647806424649
rm2	rnd-3_family-5	DNA/PIF-Harbinger		repeat:TE:ClassII:TIR:PIFHarbinger	0.9819023512053819	1569	48.0	0.030592734225621414	660.0	len_inconsistent	1.0	13.5	0.9941706534478452	0.7004015601283455	0.006006109862239898	0.8673698772263531	6	3.375813450951778
rm2	rnd-5_family-4615	LINE/L2		repeat:TE:ClassI:LINE:Jockey	0.9645726185026613	1214	29.0	0.023887973640856673	879.0	len_inconsistent+weak_5p	1.0	13.100000381469727	0.9463885345226136	0.9609880388346814	0.018214619665532308	0.8135573777899826	6	3.369774571256251
rm2	rnd-5_family-1190	LINE/L1		repeat:TE:ClassI:LINE:L1	0.9670394349617422	143	25.0	0.17482517482517482	312.0	len_inconsistent	1.0	12.800000190734863	0.9824349922507318	0.9869553986567935	0.0022817289478215944	0.08618908214224212	6	3.3673303995795627
rm2	ltr-1_family-61	LTR/Pao		repeat:TE:ClassI:LTR:BelPao	1.0	38	17.0	0.4473684210526316	492.0	ok	1.0	3.5	0.99930392412773	0.1366048899330027	0.0023492560689115116	1.0	6	3.3663577354390064
rm2	rnd-5_family-6072	LTR/Gypsy		repeat:TE:ClassI:LTR:Gypsy	1.0	38	23.0	0.6052631578947368	3364.0	len_inconsistent	1.0	24.899999618530273	0.9999667005211369	0.9999667005211369	0.08288240289039477	0.9997169544296631	6	3.3616612370598666
rm2	ltr-1_family-478	LTR/Unknown	repeat:TE:ClassI:LTR:BelPao	repeat:TE:ClassI:LTR:BelPao	0.9712868911461249	52	24.0	0.46153846153846156	329.0	len_inconsistent	1.0	8.800000190734863	0.990364871268362	0.9874427420628653	0.004264729110725004	1.0	6	3.3580188550428334
rm2	rnd-5_family-1218	LINE/L2		repeat:TE:ClassI:LINE:Jockey	0.9995404807719923	289	25.0	0.08650519031141868	756.0	len_inconsistent	1.0	17.399999618530273	0.9817733786704478	0.9766385374650679	0.010255916080450435	0.5026913175754739	6	3.3563519248075533
rm2	rnd-3_family-668	Unknown		repeat:TE:ClassII:Helitron	0.38402810136564036	945	56.0	0.05925925925925926	477.0	len_inconsistent	1.0	13.600000381469727	0.6266364756584997	0.9813349513044892	0.006298828430422028	0.7167028416660933	6	3.3561594539691897
rm2	ltr-1_family-55	LTR/Unknown	repeat:TE:ClassI:LTR	repeat:TE:ClassI:LTR	0.8609431680773881	59	23.0	0.3898305084745763	782.0	ok	1.0	4.5	0.9599702030894691	0.03442327295538305	0.0072139888653650125	0.9980004704775347	6	3.356121312062445
rm2	rnd-1_family-57	DNA/TcMar-Tc1		repeat:TE:ClassII:TIR:Tc1Mariner	0.9745317242911083	875	139.0	0.15885714285714286	170.0	len_inconsistent+weak_5p	1.0	9.199999809265137	0.9832896540116852	0.22786179702339449	0.006155177802890048	0.9345170830227694	6	3.3541662512891746
rm2	rnd-5_family-3407	LINE/L2		repeat:TE:ClassI:LINE:Jockey	1.0	79	29.0	0.3670886075949367	560.0	len_inconsistent	1.0	8.699999809265137	0.9452597178141595	0.9449140558715394	0.0019797002168243094	0.8287402193382145	6	3.352571771584655
rm2	rnd-4_family-916	DNA/PIF-ISL2EU		repeat:TE:ClassII:TIR:PIFHarbinger	0.8888698336477449	297	42.0	0.1414141414141414	850.0	ok	1.0	4.599999904632568	0.6428444016339344	0.08625425875385741	0.0009186421933251279	0.9657515920158399	6	3.3523479507856924
rm2	rnd-2_family-38	DNA/hAT-Charlie		repeat:TE:ClassII:TIR:hAT	0.8658088235294118	2718	106.0	0.03899926416482708	308.0	len_inconsistent+weak_3p	1.0	14.25	0.9800740482386714	0.3441660182974271	0.005025085182303544	0.854326187857162	6	3.349545931800869
rm2	rnd-1_family-77	DNA/TcMar-Tc1		repeat:TE:ClassII:TIR:Tc1Mariner	0.9221507953802571	1920	152.0	0.07916666666666666	519.0	len_inconsistent+weak_3p	1.0	9.0	0.9934770052802588	0.17206143604426768	0.0069226410601029775	0.9786764041683661	6	3.347382029269299
rm2	rnd-5_family-337	LINE/Rex-Babar		repeat:TE:ClassI:LINE:RTE	0.7814377354648203	712	5.0	0.007022471910112359	1359.0	ok	1.0	17.399999618530273	0.8212991116353052	0.824707575446076	0.013417444842399125	0.6003657335771557	6	3.3449766914173997
pantera	Unknown_118-fGobNig	DNA		repeat:TE:ClassII	0.5157776213933849	364	33.0	0.09065934065934066	1236.0	len_inconsistent	1.0	9.300000190734863	0.9946580199682747	0.8306545675095642	0.004793785574321172	0.9980521601194364	6	3.3438265273557266
rm2	rnd-2_family-143	DNA/hAT-Ac		repeat:TE:ClassII:TIR:hAT	0.81900951000124	5184	58.0	0.011188271604938271	439.0	len_inconsistent+weak_5p+weak_3p	1.0	16.200000762939453	0.9689209991944809	0.6103743836171168	0.03352625831285424	0.6961526597478769	6	3.3427233763745354
rm2	rnd-4_family-886	Unknown	repeat:TE:ClassII:TIR:Mutator	repeat:TE:ClassII:TIR:Mutator	0.7094889292347503	202	47.0	0.23267326732673269	647.0	len_inconsistent	1.0	5.25	0.6679123894223946	0.9990538814513459	0.021082674992509896	0.7565636974312882	6	3.339064128809458
rm2	rnd-5_family-1128	PLE		repeat:TE:ClassI:PLE	0.9966297544535387	190	25.0	0.13157894736842105	188.0	len_inconsistent	1.0	10.550000190734863	0.9709079283887468	0.9701619778346121	0.02072676896845695	0.8045076726342711	6	3.3390099148953967
rm2	rnd-5_family-6742	DNA/hAT-Ac		repeat:TE:ClassII:TIR:hAT	0.888206472983231	479	63.0	0.1315240083507307	220.0	len_inconsistent	1.0	10.5	0.9576931599940907	0.578353523415571	0.06280469788742798	0.6892450879007239	6	3.3353872328632432
pantera	Unknown_491-fGobNig	DNA	repeat:TE:ClassII	repeat:TE:ClassII	0.8738994603805738	432	89.0	0.20601851851851852	372.0	len_inconsistent	1.0	14.75	0.9764798174297532	0.4066752246469833	0.022450435030666096	0.9950934246184567	6	3.332545048721649
rm2	rnd-5_family-2267	Unknown	repeat:TE:ClassII:TIR:PIFHarbinger	repeat:TE:ClassII:TIR:PIFHarbinger	0.9051528878822197	204	37.0	0.18137254901960784	217.0	len_inconsistent	1.0	13.449999809265137	0.7711649714523386	0.9893371648958293	0.004386130752070178	0.8119635497409914	6	3.328703860415163
rm2	rnd-5_family-1766	LINE/L1		repeat:TE:ClassI:LINE:L1	0.993905977945444	85	6.0	0.07058823529411765	1682.0	ok	1.0	22.0	0.7742453613957353	0.7723899196898366	0.00432013292716699	0.3230407089448906	6	3.3247865314692158
rm2	rnd-5_family-6296	DNA/CMC-EnSpm		repeat:TE:ClassII:TIR:CACTA	0.959149807576881	485	23.0	0.04742268041237113	427.0	len_inconsistent+weak_5p	1.0	8.600000381469727	0.9959823222177582	0.9656153743136467	0.0047988929065666715	0.9826570242399892	6	3.323325532548998
rm2	rnd-4_family-3379	LINE/L2		repeat:TE:ClassI:LINE:Jockey	0.9888090089584094	567	68.0	0.11992945326278659	427.0	len_inconsistent	1.0	11.600000381469727	0.743604149364079	0.746820395068966	0.010389694985913658	0.8330646343250769	6	3.3229334571392815
rm2	rnd-5_family-11162	LTR/Gypsy		repeat:TE:ClassI:LTR:Gypsy	0.9911851981148543	50	6.0	0.12	1377.0	ok	1.0	10.699999809265137	0.9674917568383411	0.5763247109088376	0.16045140017647333	0.955788789300144	6	3.3219677181308223
rm2	ltr-1_family-259	LTR/Unknown	repeat:TE:ClassI:LTR	repeat:TE:ClassI:LTR	1.0	54	20.0	0.37037037037037035	562.0	ok	1.0	8.600000381469727	0.9828349944629015	0.036157253599114064	0.044130675526024364	1.0	6	3.3200222437259965
rm2	rnd-5_family-2226	DNA/PiggyBac		repeat:TE:ClassII:TIR:PiggyBac	0.9856351678781585	117	5.0	0.042735042735042736	4136.0	ok	1.0	10.300000190734863	0.9591618346066745	0.659234004429734	0.0712158541340036	0.4366274295099918	6	3.3173658433724276
rm2	rnd-5_family-1062	DNA/hAT-Charlie		repeat:TE:ClassII:TIR:hAT	0.7375152874031797	938	30.0	0.031982942430703626	282.0	len_inconsistent	1.0	20.5	0.9458326790201005	0.8903109296482412	0.13111455716080403	0.3022927135678392	6	3.313264863388004
rm2	rnd-5_family-1713	DNA/hAT-Charlie		repeat:TE:ClassII:TIR:hAT	0.9449818621523579	79	12.0	0.1518987341772152	519.0	ok	1.0	6.900000095367432	0.9833425874514159	0.24658523042754024	0.0021654636313159356	0.9370905052748473	6	3.309109063926581
rm2	rnd-5_family-1485	LINE/Rex-Babar		repeat:TE:ClassI:LINE:RTE	0.9988992526504837	132	23.0	0.17424242424242425	255.0	len_inconsistent	1.0	10.75	0.9841571609632446	0.9627571414643658	0.047333528322121475	0.8786682265769719	6	3.308642138445203
pantera	Unknown_237-fGobNig	DNA	repeat:TE:ClassII	repeat:TE:ClassII	0.9997410577982183	2373	85.0	0.03581963758954909	879.0	len_inconsistent	1.0	5.5	0.7014322916666667	0.677375	0.190640625	0.9964401041666666	6	3.3082262173809593
pantera	Unknown_8-fGobNig	DNA	repeat:TE:ClassII	repeat:TE:ClassII	0.9998406278485342	2852	21.0	0.007363253856942496	4138.0	len_inconsistent	1.0	22.899999618530273	0.9949347476312497	0.9898771844501558	0.005468934720719093	0.9991811015145777	6	3.307031226815325
rm2	rnd-1_family-555	Unknown	repeat:TE:ClassII:TIR:Kolobok	repeat:TE:ClassII:TIR:Kolobok	0.9973551282329222	168	114.0	0.6785714285714286	567.0	len_inconsistent	1.0	1.8499999046325684	0.6253738007929313	0.6241830507557203	0.026994844593588894	0.9999729374991543	6	3.3064617028851244
rm2	rnd-1_family-380	DNA/hAT		repeat:TE:ClassII:TIR:hAT	0.6408111147109832	330	80.0	0.24242424242424243	627.0	len_inconsistent	1.0	3.5	0.83672136187219	0.565413288245014	0.022287976021212005	0.9386696383968028	6	3.3052246371091476
rm2	ltr-1_family-165	LTR/Unknown	repeat:TE:ClassI:LTR	repeat:TE:ClassI:LTR	1.0	53	23.0	0.4339622641509434	301.0	len_inconsistent	1.0	12.399999618530273	0.9710157392276597	0.9696396318912875	0.006106476305151802	0.9198417476563172	6	3.30238320713654
rm2	rnd-3_family-3	LINE/L2		repeat:TE:ClassI:LINE:Jockey	0.9746950345574418	883	72.0	0.08154020385050963	340.0	len_inconsistent	1.0	12.0	0.7223642420017042	0.7216068031778001	0.09515325225295014	0.8188774412339367	6	3.301303541610773
rm2	ltr-1_family-265	LTR/Unknown	repeat:TE:ClassI:LTR	repeat:TE:ClassI:LTR	0.9942895126446506	146	21.0	0.14383561643835616	619.0	len_inconsistent	1.0	16.5	0.9878048780487805	0.9897880653563818	0.0018351882547951693	0.9898768647880654	6	3.299812238139081
rm2	rnd-1_family-179	DNA/hAT-Ac		repeat:TE:ClassII:TIR:hAT	0.9807309396878412	2601	113.0	0.04344482891195694	1189.0	len_inconsistent	1.0	8.399999618530273	0.8905868750750258	0.3557452346805325	0.04206748842234283	0.9786933200235028	6	3.2994105532389777
rm2	ltr-1_family-454	LTR/Unknown	repeat:TE:ClassI:LTR	repeat:TE:ClassI:LTR	0.8884514435695539	53	11.0	0.20754716981132076	101.0	ok	1.0	14.100000381469727	0.6233135456017269	0.6327576902320561	0.002698327037236913	0.7784673502428494	6	3.297463920992008
rm2	rnd-4_family-268	DNA/PIF-Harbinger		repeat:TE:ClassII:TIR:PIFHarbinger	0.9845116943402964	645	30.0	0.046511627906976744	583.0	len_inconsistent+weak_3p	1.0	15.899999618530273	0.9923782303203526	0.8273376022572164	0.001154258388985077	0.37790053224136827	6	3.2968370872972317
rm2	rnd-3_family-1269	LINE/Proto2		repeat:TE:ClassI:LINE	0.9926852666080422	398	34.0	0.08542713567839195	430.0	len_inconsistent+weak_5p	0.9976744186046511	18.950000762939453	0.8772521284522458	0.8809654683816434	0.012361513186021229	0.7302209681556672	6	3.2896965138761445
rm2	ltr-1_family-43	LTR/Pao		repeat:TE:ClassI:LTR:BelPao	1.0	61	18.0	0.29508196721311475	549.0	ok	1.0	14.199999809265137	0.9914236706689536	0.04213836477987421	5.717552887364208e-05	0.9818181818181818	6	3.288834540552134
rm2	rnd-4_family-2129	DNA/hAT-Ac		repeat:TE:ClassII:TIR:hAT	0.7927705433318365	2436	36.0	0.014778325123152709	349.0	len_inconsistent+weak_5p	1.0	19.0	0.9895068164226024	0.7428123469661785	0.00449425777609276	0.5738077184335656	6	3.288621664156068
rm2	ltr-1_family-53	LTR/Pao		repeat:TE:ClassI:LTR:BelPao	1.0	52	17.0	0.3269230769230769	704.0	ok	1.0	5.5	0.9956264471314639	0.060921018780550555	0.0016465140210959609	0.9997427321842037	6	3.286996387290288
rm2	rnd-3_family-262	DNA/hAT-Charlie		repeat:TE:ClassII:TIR:hAT	0.6555590158829026	873	90.0	0.10309278350515463	288.0	len_inconsistent+weak_5p	1.0	17.100000381469727	0.9891116624440022	0.33731929480042433	0.006487415291013176	0.7189809497926657	6	3.280673466683752
pantera	ERV1_1-fGobNig-int	LTR/ERV1		repeat:TE:ClassI:LTR:ERV	1.0	188	19.0	0.10106382978723404	8307.0	ok	1.0	7.550000190734863	0.9991618441893	0.001457528303165887	0.015182329703379124	0.9993128354934334	6	3.2793729734452945
rm2	rnd-5_family-2637	LINE/L2		repeat:TE:ClassI:LINE:Jockey	0.8444520081688224	251	29.0	0.11553784860557768	395.0	len_inconsistent	1.0	11.5	0.8601445427047496	0.9560137615738068	0.0027938765614537392	0.3831767069200397	6	3.2785563021775124
rm2	rnd-5_family-2335	Unknown	repeat:TE:ClassII:TIR:CACTA	repeat:TE:ClassII:TIR:CACTA	0.8612381483547128	217	33.0	0.15207373271889402	252.0	len_inconsistent	1.0	14.199999809265137	0.7812116752514103	0.9787527593818984	0.008124846701005642	0.8458425312729948	6	3.278478374511196
rm2	rnd-4_family-789	LINE/L2		repeat:TE:ClassI:LINE:Jockey	1.0	91	20.0	0.21978021978021978	321.0	len_inconsistent	1.0	21.700000762939453	0.9873933874749397	0.9856264229161711	0.02290257908865405	0.9661218525943797	6	3.2740498060550918
rm2	rnd-1_family-12	LINE/Dong-R4		repeat:TE:ClassI:LINE:R2	0.9996877025569707	5392	24.0	0.004451038575667656	2063.0	len_inconsistent+weak_3p	1.0	3.299999952316284	0.945225397746334	0.9437526751494302	0.10248903466815688	0.999401122472679	6	3.26918931460737
rm2	rnd-4_family-2802	DNA/hAT-Ac		repeat:TE:ClassII:TIR:hAT	0.9491525423728814	175	60.0	0.34285714285714286	134.0	weak_3p	1.0	10.899999618530273	0.9825319537431527	0.5082166768107121	0.011381618989653074	0.5600121728545344	6	3.268899880937509
rm2	rnd-3_family-9	Unknown		repeat:TE:ClassII:TIR:CACTA	0.45030167238341756	3459	37.0	0.010696733159872795	681.0	len_inconsistent+weak_3p	0.9941262848751835	13.800000190734863	0.7541690580957847	0.9432354441681016	0.06830559275556405	0.9092070021044576	6	3.265606226330881
rm2	rnd-4_family-632	LINE/L2		repeat:TE:ClassI:LINE:Jockey	0.9971328745932683	552	29.0	0.05253623188405797	624.0	len_inconsistent	1.0	9.949999809265137	0.8992864842667214	0.9010112417227042	0.003942302756532005	0.8688465684513116	6	3.2626957238883816
rm2	rnd-4_family-6	Unknown		repeat:TE:ClassII:TIR:CACTA	0.532792025613097	384	42.0	0.109375	198.0	len_inconsistent+weak_3p	1.0	11.949999809265137	0.764618588285981	0.8745063309318079	0.006654060652480911	0.8506666028387467	6	3.2623742096156896
rm2	ltr-1_family-452	LTR/Unknown	repeat:TE:ClassI:LTR	repeat:TE:ClassI:LTR	0.9918127687727423	54	20.0	0.37037037037037035	402.0	len_inconsistent	1.0	8.0	0.9820677440779279	0.9789683418197919	0.0025828352151132756	0.9133643273559147	6	3.2620660815617013
pantera	Unknown_402-fGobNig	DNA	repeat:TE:ClassII	repeat:TE:ClassII	0.980360270202652	227	28.0	0.12334801762114538	489.0	len_inconsistent	1.0	17.899999618530273	0.9178402166553825	0.8967501692620176	0.00027081922816519973	0.644482058226134	6	3.2617484172596196
rm2	ltr-1_family-241	LTR/Unknown	repeat:TE:ClassI:LTR	repeat:TE:ClassI:LTR	1.0	68	13.0	0.19117647058823528	798.0	ok	1.0	12.199999809265137	0.9925999715383521	0.1532659740999004	0.0016128267160001898	0.9357715478392865	6	3.2598092979450892
rm2	ltr-1_family-375	LTR/Unknown	repeat:TE:ClassI:LTR:BelPao	repeat:TE:ClassI:LTR:BelPao	0.8186274509803921	38	17.0	0.4473684210526316	382.0	ok	1.0	5.599999904632568	0.9985252187592174	0.024579687346376954	0.001081506243240586	0.9954773375282666	6	3.2535538274838682
rm2	rnd-4_family-448	LINE/L2		repeat:TE:ClassI:LINE:Jockey	0.9926750622048444	430	30.0	0.06976744186046512	840.0	len_inconsistent	1.0	9.299999237060547	0.8885638441952435	0.8871011430738394	0.06249887137259151	0.8241327626993156	6	3.252786241988745
rm2	rnd-1_family-617	Unknown		repeat:TE:ClassII:TIR:Mutator	0.5857606861317244	708	20.0	0.02824858757062147	774.0	len_inconsistent	1.0	7.800000190734863	0.9524314454852685	0.9952709292567307	0.0181564562589308	0.9858581505590964	6	3.2487323704059805
pantera	Unknown_517-fGobNig	DNA	repeat:TE:ClassII	repeat:TE:ClassII	0.9198641765704584	143	8.0	0.055944055944055944	329.0	ok	1.0	17.0	0.8056168335313083	0.5366536568810453	0.00924826064822671	0.9630918038350585	6	3.2453604774042972
rm2	rnd-5_family-2019	LINE/L2		repeat:TE:ClassI:LINE:Jockey	0.9268069533394327	110	5.0	0.045454545454545456	567.0	ok	1.0	11.100000381469727	0.7668264961818505	0.7775409933108388	0.02527674184573492	0.41656307346238086	6	3.243337493828708
rm2	ltr-1_family-147	LTR/Pao		repeat:TE:ClassI:LTR:BelPao	1.0	31	16.0	0.5161290322580645	452.0	ok	1.0	6.5	0.9991125901275651	0.03915696062118691	0.017082640044370493	1.0	6	3.2423895334046766
rm2	ltr-1_family-125	LTR/Unknown	repeat:TE:ClassI:LTR	repeat:TE:ClassI:LTR	1.0	38	16.0	0.42105263157894735	317.0	ok	1.0	7.449999809265137	0.9524670627744769	0.08499095840867993	0.002324980625161457	0.9677086024283131	6	3.2415780038390816
rm2	rnd-4_family-4418	LINE/Rex-Babar		repeat:TE:ClassI:LINE:RTE	0.99188618428365	281	20.0	0.0711743772241993	427.0	len_inconsistent	1.0	10.800000190734863	0.963729637296373	0.9745072450724507	0.0006975069750697507	0.8352308523085231	6	3.239266878032805
rm2	rnd-5_family-2835	LINE/L2		repeat:TE:ClassI:LINE:Jockey	0.9963807571584139	189	21.0	0.1111111111111111	497.0	len_inconsistent	1.0	7.300000190734863	0.9558336809901266	0.9579752468363232	0.016631900987345294	0.9103879849812265	6	3.236028222560369
pantera	Unknown_616-fGobNig	SINE		repeat:TE:ClassI:LTR	0.8918918918918919	30	13.0	0.43333333333333335	120.0	ok	1.0	4.5	0.8443208895949166	0.2760127084988086	0.0	0.812152501985703	6	3.2342769504005617
rm2	rnd-1_family-533	Unknown	repeat:TE:ClassI:PLE	repeat:TE:ClassI:PLE	0.8606905149705415	669	33.0	0.04932735426008968	178.0	len_inconsistent+weak_3p	1.0	13.600000381469727	0.7280425425737633	0.9861050464724596	0.006347077537271537	0.7894392115276652	6	3.2326615289241105
rm2	ltr-1_family-107	LTR/Pao		repeat:TE:ClassI:LTR:BelPao	1.0	54	17.0	0.3148148148148148	523.0	ok	1.0	12.600000381469727	0.961391462071646	0.03724816998121397	0.0033685301548228284	0.9950119841938201	6	3.2290885534311338
rm2	ltr-1_family-283	LTR/Unknown	repeat:TE:ClassI:LTR	repeat:TE:ClassI:LTR	1.0	44	17.0	0.38636363636363635	477.0	len_inconsistent	1.0	19.099998474121094	0.9978556777922805	0.9978556777922805	0.010162222636584001	0.974081670706694	6	3.226160276962835
rm2	rnd-5_family-3355	LINE/L2		repeat:TE:ClassI:LINE:Jockey	0.9821002386634845	119	26.0	0.2184873949579832	175.0	len_inconsistent	1.0	9.899999618530273	0.9047154471544715	0.9061463414634147	0.018796747967479675	0.9114146341463415	6	3.225835136588704
rm2	rnd-1_family-95	LINE/RTE-BovB		repeat:TE:ClassI:LINE:RTE	0.9907892401443588	9543	21.0	0.0022005658597925182	381.0	len_inconsistent+weak_3p	1.0	6.599999904632568	0.949336247656466	0.9531339866595956	0.018055482936084076	0.993747152279297	6	3.224689529049981
pantera	Unknown_346-fGobNig	Unknown	repeat:TE:ClassI:LINE:Jockey	repeat:TE:ClassI:LINE:Jockey	0.8081176364239009	244	71.0	0.29098360655737704	587.0	len_inconsistent	1.0	8.0	0.873865616924094	0.49948915199230726	0.021200192319249956	0.9991435783400445	6	3.2246131176354766
pantera	Unknown_522-fGobNig	DNA	repeat:TE:ClassII	repeat:TE:ClassII	0.8054093301869668	293	11.0	0.03754266211604096	327.0	ok	1.0	15.899999618530273	0.7838936998211969	0.39809977912561795	0.0031553483153945938	0.9881849735301336	6	3.22338616410504
rm2	rnd-1_family-524	Unknown	repeat:TE:ClassII:TIR:CACTA	repeat:TE:ClassII:TIR:CACTA	0.9547752180720197	414	26.0	0.06280193236714976	477.0	len_inconsistent	1.0	17.200000762939453	0.819175605640593	0.9807400265156081	0.13108352416536098	0.8275641798240327	6	3.214888980127019
rm2	ltr-1_family-95	LTR/Unknown	repeat:TE:ClassI:LTR	repeat:TE:ClassI:LTR	0.9879795483018996	102	17.0	0.16666666666666666	793.0	len_inconsistent	1.0	5.800000190734863	0.9852536055744612	0.9984119267541728	0.032895802949278886	0.9587425052665695	6	3.214114453706908
rm2	rnd-5_family-5200	LINE/L2		repeat:TE:ClassI:LINE:Jockey	0.966303581224042	108	21.0	0.19444444444444445	515.0	len_inconsistent	1.0	22.049999237060547	0.9206324744174578	0.9707495993095796	0.000523979780544939	0.42257428183947726	6	3.2136013684609566
rm2	ltr-1_family-239	LTR/Unknown	repeat:TE:ClassI:LTR	repeat:TE:ClassI:LTR	0.9784172661870504	32	15.0	0.46875	657.0	ok	1.0	3.9000000953674316	0.9968168072576794	0.03986948909756486	0.0	0.9822537004615629	6	3.2127775554109257
pantera	hAT_43-fGobNig	DNA	repeat:TE:ClassII	repeat:TE:ClassII	0.9990798330067309	1068	42.0	0.03932584269662921	1050.0	len_inconsistent	1.0	7.0	0.7950762037414403	0.7903870872390644	0.043545634911748766	0.998096585946982	6	3.208712581378405
rm2	ltr-1_family-539	LTR/Gypsy		repeat:TE:ClassI:LTR:Gypsy	1.0	37	17.0	0.4594594594594595	505.0	weak_3p	0.9900990099009901	9.600000381469727	0.9891900239363756	0.9888811674774148	0.01745038993127944	0.976990193807428	6	3.208520112792064
rm2	rnd-5_family-6983	Unknown	repeat:TE:ClassII:TIR:CACTA	repeat:TE:ClassII:TIR:CACTA	0.8803278688524591	154	38.0	0.24675324675324675	196.0	len_inconsistent	1.0	9.5	0.6437181018568792	0.9846888913019872	0.005755239439678575	0.7108263655119992	6	3.2081905897756764
rm2	ltr-1_family-63	LTR/Unknown	repeat:TE:ClassI:LTR	repeat:TE:ClassI:LTR	1.0	37	15.0	0.40540540540540543	857.0	ok	1.0	6.800000190734863	0.9897348160821214	0.04020530367835757	0.16237168520102652	0.9772775876817793	6	3.20603137881616
rm2	rnd-4_family-836	DNA/IS3EU		repeat:TE:ClassII:TIR	0.655925650772127	1424	45.0	0.03160112359550562	1182.0	len_inconsistent	1.0	12.5	0.7819563230620235	0.7703864358691056	0.14762859598150346	0.986078487539387	6	3.205555272706473
rm2	rnd-4_family-96	DNA/hAT-Charlie		repeat:TE:ClassII:TIR:hAT	0.7482094540824447	588	21.0	0.03571428571428571	364.0	len_inconsistent	1.0	15.75	0.9821984050675867	0.9005005372999265	0.010929811662236298	0.2771760647022227	6	3.2049182371014324
rm2	rnd-5_family-71	LINE/L2		repeat:TE:ClassI:LINE:Jockey	0.9963155408597071	276	18.0	0.06521739130434782	450.0	len_inconsistent	1.0	9.949999809265137	0.970824317721784	0.9760824550382727	0.1678648705241851	0.7627323701170284	6	3.2021792778633626
rm2	rnd-4_family-1768	Unknown	repeat:TE:ClassII:TIR:Mutator	repeat:TE:ClassII:TIR:Mutator	0.9289449799023209	138	24.0	0.17391304347826086	338.0	weak_3p	1.0	7.699999809265137	0.8222613781210167	0.9997000824773188	0.01612056684411787	0.8676988828072281	6	3.2021727023099418
rm2	rnd-1_family-502	LINE/L2		repeat:TE:ClassI:LINE:Jockey	0.8892530274569361	605	67.0	0.11074380165289256	170.0	len_inconsistent+weak_5p	1.0	11.0	0.9076293433775212	0.4648698005837369	0.04045394511568752	0.943110111040454	6	3.1985739466620844
rm2	ltr-1_family-307	LTR/Unknown	repeat:TE:ClassI:LTR	repeat:TE:ClassI:LTR	0.9312169312169312	20	15.0	0.75	492.0	ok	1.0	4.949999809265137	0.9986149584487535	0.023797532107781415	0.0002518257365902795	1.0	6	3.1985037496122164
rm2	rnd-5_family-212	LINE/L2		repeat:TE:ClassI:LINE:Jockey	0.9979851208927464	323	23.0	0.07120743034055728	214.0	len_inconsistent	1.0	13.100000381469727	0.9186620587509257	0.9160701061466304	0.01749568007899284	0.681189829671686	6	3.196460000915149
rm2	rnd-1_family-266	DNA/MULE-MuDR		repeat:TE:ClassII	0.8898786959818044	446	99.0	0.2219730941704036	178.0	len_inconsistent	1.0	6.550000190734863	0.98845414984122	0.21129493864429372	0.16405300505743522	0.9955502411102835	6	3.1953842830830634
rm2	rnd-5_family-483	LINE/Rex-Babar		repeat:TE:ClassI:LINE:RTE	0.9945808905086357	544	19.0	0.034926470588235295	1103.0	len_inconsistent+weak_5p	1.0	9.100000381469727	0.9588456072084006	0.9577762139338494	0.04043686440093279	0.913054877123263	6	3.1953754220950787
rm2	ltr-1_family-322	LTR/Unknown	repeat:TE:ClassI:LTR:BelPao	repeat:TE:ClassI:LTR:BelPao	0.9360593971631206	43	16.0	0.37209302325581395	306.0	len_inconsistent	1.0	17.600000381469727	0.9967377120487169	0.9936929099608526	0.0	0.987603305785124	6	3.194550604665494
pantera	Unknown_465-fGobNig	DNA	repeat:TE:ClassII	repeat:TE:ClassII	0.9957793889176593	372	30.0	0.08064516129032258	415.0	len_inconsistent	1.0	9.800000190734863	0.9288159771754636	0.7880171184022825	0.012961076013857754	0.9990218055838598	6	3.1939543502974086
rm2	rnd-5_family-8216	LINE/L1-Tx1		repeat:TE:ClassI:LINE:L1	0.9994657951795871	83	19.0	0.2289156626506024	853.0	len_inconsistent	1.0	10.100000381469727	0.9571348148942445	0.9578854247647642	0.015762807280915746	0.8952095005763612	6	3.1937738406118377
pantera	Unknown_96-fGobNig	Unknown	repeat:TE:ClassI:LINE:Jockey	repeat:TE:ClassI:LINE:Jockey	0.666706953508984	1786	103.0	0.05767077267637178	1335.0	len_inconsistent	1.0	9.899999618530273	0.6005640644231339	0.5777842864947049	0.03075368748066582	0.9940269724154727	6	3.1911855756230105
rm2	ltr-1_family-231	LTR/Pao		repeat:TE:ClassI:LTR:BelPao	0.8108108108108109	32	10.0	0.3125	540.0	ok	1.0	6.550000190734863	0.99551466359977	0.19298447383553766	0.0	0.9602070155261645	6	3.1884991374353078
pantera	Unknown_306-fGobNig	Unknown	repeat:TE:ClassI:LINE:Jockey	repeat:TE:ClassI:LINE:Jockey	0.8831637770454219	331	86.0	0.2598187311178248	685.0	len_inconsistent	1.0	11.100000381469727	0.8900895466505808	0.36339715655583404	0.009599484144730684	0.9995215858389408	6	3.1879851544499824
rm2	rnd-5_family-8210	LINE/L2		repeat:TE:ClassI:LINE:Jockey	0.9990000762353225	1967	21.0	0.010676156583629894	3270.0	len_inconsistent	1.0	22.0	0.9413790985045285	0.9234404619813241	0.014505663600833158	0.9015890846965761	6	3.187038855219772
fastltr	CONS_2-7006_clus7_tsdl0_tsdc0.0_tsdmnone	LTR/ERV		repeat:TE:ClassI:LINE:Jockey	0.7148921718458142	772	6.0	0.007772020725388601	7006.0	ok	1.0	15.100000381469727	0.9824599393676916	0.42527567711630077	0.2593863477362828	0.9998001132691475	6	3.185886866867636
rm2	rnd-5_family-186	LINE/L2		repeat:TE:ClassI:LINE:Jockey	0.9936787123962527	484	17.0	0.03512396694214876	1065.0	len_inconsistent	1.0	14.75	0.9697523404627054	0.9818077253468835	0.006151449412518381	0.754087619935064	6	3.1820089871878627
rm2	rnd-4_family-953	Unknown		repeat:TE:ClassII:TIR:CACTA	0.5616652347106147	1088	32.0	0.029411764705882353	632.0	len_inconsistent	1.0	11.399999618530273	0.6892417331812999	0.9868586088939567	0.007576966932725199	0.8160661345496009	6	3.1812503203951628
pantera	Unknown_212-fGobNig	DNA	repeat:TE:ClassII:TIR:hAT	repeat:TE:ClassII:TIR:hAT	0.8380516035688449	356	46.0	0.12921348314606743	955.0	len_inconsistent	1.0	4.199999809265137	0.9975954338203481	0.5185625852830565	0.10233966785369587	0.9990015642160615	6	3.178915850784979
rm2	rnd-5_family-3354	Unknown		repeat:TE:ClassI:LINE:RTE	0.34302244333268117	832	76.0	0.09134615384615384	205.0	len_inconsistent+weak_5p	1.0	15.199999809265137	0.748394073196792	0.5494908664924499	0.08361117905279283	0.9110979518801251	6	3.178698531970033
rm2	rnd-4_family-2202	LINE/L2		repeat:TE:ClassI:LINE:Jockey	0.9989647514568618	184	23.0	0.125	1068.0	len_inconsistent	1.0	7.850000381469727	0.9089000027631179	0.9058191263021194	0.015418197894504158	0.9215827139344036	6	3.17644696508283
rm2	ltr-1_family-211	LTR/Pao		repeat:TE:ClassI:LINE:RTE	1.0	26	15.0	0.5769230769230769	578.0	ok	1.0	2.4000000953674316	0.9988162447641595	9.105809506465124e-05	0.0	1.0	6	3.1749985619149057
rm2	ltr-1_family-314	LTR/Unknown		repeat:TE:ClassI:LTR	0.512	34	15.0	0.4411764705882353	723.0	ok	1.0	5.25	0.9813781559492258	0.017505928302413168	0.0027200446366299346	0.9999302552657274	6	3.1749753433073202
rm2	rnd-4_family-1795	LINE/L2		repeat:TE:ClassI:LINE:Jockey	0.9919939001143728	387	17.0	0.04392764857881137	290.0	len_inconsistent	1.0	12.600000381469727	0.9684779425467905	0.9759058598013898	0.001624024919464338	0.652591784031309	6	3.174832723726454
rm2	rnd-5_family-14984	Unknown	repeat:TE:ClassII:TIR:Mutator	repeat:TE:ClassII:TIR:Mutator	0.9800358477614217	115	17.0	0.14782608695652175	1382.0	len_inconsistent	1.0	6.699999809265137	0.9530519005847953	0.9876461988304094	0.20020102339181287	0.9707602339181286	6	3.1711470207934784
rm2	rnd-1_family-93	Unknown	repeat:TE:ClassII:TIR:CACTA	repeat:TE:ClassII:TIR:CACTA	0.7878061877814037	197	28.0	0.14213197969543148	252.0	len_inconsistent	1.0	6.699999809265137	0.7256607436165448	0.997088248469464	0.004516947887113633	0.9066373002837091	6	3.169907023428228
rm2	rnd-5_family-378	DNA/MULE-MuDR		repeat:TE:ClassII:TIR:Mutator	0.9781378098770251	428	5.0	0.011682242990654205	613.0	ok	1.0	10.399999618530273	0.9252065446298396	0.545553215616394	0.0014903612506074841	0.5374372266321076	6	3.1697297645822524
rm2	ltr-1_family-394	LTR/Unknown	repeat:TE:ClassI:LTR	repeat:TE:ClassI:LTR	0.9996134020618557	82	15.0	0.18292682926829268	275.0	len_inconsistent	1.0	3.0999999046325684	0.9957810993249759	0.9957810993249759	0.18587270973963355	0.9396094503375121	6	3.167653457705633
pantera	Unknown_541-fGobNig	DNA	repeat:TE:ClassII	repeat:TE:ClassII	0.9998113563478589	257	131.0	0.5097276264591439	307.0	len_inconsistent	1.0	1.600000023841858	0.8701440602464321	0.17825144144295585	0.017129217166198793	0.9999663803392224	6	3.1656667973451524
rm2	ltr-1_family-67	LTR/Unknown	repeat:TE:ClassI:LTR	repeat:TE:ClassI:LTR	0.8396624472573839	28	14.0	0.5	391.0	ok	1.0	6.75	0.9684294658318903	0.04449180764619688	0.005061942187291861	0.9870787265219129	6	3.159049309156325
rm2	rnd-1_family-386	Unknown	repeat:TE:ClassI:LTR	repeat:TE:ClassI:LTR	0.9361702127659575	28	24.0	0.8571428571428571	146.0	len_inconsistent	1.0	16.150001525878906	0.7774134790528233	1.0	0.0	0.8304189435336976	6	3.1576247207644292
pantera	Unknown_47-fGobNig	LTR		repeat:TE:ClassI:LTR	0.9979496505491371	146	15.0	0.10273972602739725	1832.0	len_inconsistent	1.0	15.200000762939453	0.9925885692259172	0.9889266566212286	0.014192101482286154	0.9937975260188527	6	3.157606484902827
rm2	rnd-3_family-943	DNA/TcMar-Tc1		repeat:TE:ClassII:TIR:Tc1Mariner	0.9769634131807889	972	59.0	0.060699588477366256	712.0	len_inconsistent	1.0	9.899999618530273	0.9741109634521151	0.4126216474177182	0.004347567965000251	0.9705762810940162	6	3.1575846225119775
rm2	rnd-5_family-5180	LINE/L2		repeat:TE:ClassI:LINE:Jockey	1.0	105	16.0	0.1523809523809524	269.0	len_inconsistent+weak_5p	1.0	10.899999618530273	0.9771773787548247	0.975890809419925	0.0028528276556469205	0.814342451194272	6	3.1571881708306746
rm2	rnd-1_family-134	LINE/L2		repeat:TE:ClassI:LINE:Jockey	0.8825260933321832	880	78.0	0.08863636363636364	513.0	len_inconsistent	1.0	15.75	0.6197608963055874	0.6437985130246678	0.017299570388952513	0.9181739409693819	6	3.1556540120207357
pantera	Unknown_225-fGobNig	DNA	repeat:TE:ClassII	repeat:TE:ClassII	0.8155848885986285	1732	159.0	0.0918013856812933	924.0	len_inconsistent	1.0	12.550000190734863	0.6503883253328503	0.30183897895722006	0.014042357274401474	0.9986395405005585	6	3.153624428610522
rm2	rnd-5_family-6462	LINE/L2		repeat:TE:ClassI:LINE:Jockey	0.9980493242301798	235	19.0	0.08085106382978724	655.0	len_inconsistent	1.0	9.300000190734863	0.9386343412635785	0.9359480196773056	0.0031228488440422425	0.9075401689024697	6	3.1533359618937133
pantera	Unknown_576-fGobNig	SINE		repeat:TE:ClassI:SINE	0.48781994098675635	2493	83.0	0.033293221018852785	256.0	len_inconsistent+weak_5p	1.0	13.5	0.9524691967206523	0.2797058382768439	0.02315865653475443	0.9866223669638255	6	3.15125312737357
rm2	rnd-4_family-4361	LINE/Rex-Babar		repeat:TE:ClassI:LINE:RTE	0.9976594914713288	189	19.0	0.10052910052910052	397.0	len_inconsistent	1.0	9.800000190734863	0.935484866249113	0.9358242571966308	0.013452223010706242	0.9342198636265465	6	3.150062724398573
rm2	rnd-5_family-10107	LINE/L1-Tx1		repeat:TE:ClassI:LINE:L1	0.9999564346083472	82	18.0	0.21951219512195122	462.0	len_inconsistent	1.0	6.699999809265137	0.9460050656228414	0.9460050656228414	0.010016117890858853	0.9348760457441093	6	3.1472826363489887
pantera	Gypsy_10-fGobNig	LTR/Gypsy		repeat:TE:ClassI:LTR:Gypsy	0.9990536045721007	49	14.0	0.2857142857142857	7208.0	len_inconsistent	1.0	11.899999618530273	0.9999908352732005	0.9998625290980075	0.0	0.997571347398134	6	3.145981400049446
rm2	rnd-4_family-70	DNA/PIF-ISL2EU		repeat:TE:ClassII:TIR:PIFHarbinger	0.8075949367088607	555	6.0	0.010810810810810811	771.0	ok	1.0	13.0	0.9789793414197494	0.3878462374026915	0.007643875847363869	0.655854605435198	6	3.1449768292060845
rm2	rnd-5_family-2396	LTR/Pao		repeat:TE:ClassI:LTR:BelPao	0.9984848484848485	48	8.0	0.16666666666666666	524.0	ok	1.0	9.699999809265137	0.9754816112084063	0.26463268504009585	0.003133929394414232	0.857037514978339	6	3.1432042832404457
pantera	Unknown_329-fGobNig	Unknown	repeat:TE:ClassI:LINE:Jockey	repeat:TE:ClassI:LINE:Jockey	0.7130855842716294	394	66.0	0.16751269035532995	626.0	len_inconsistent	1.0	11.100000381469727	0.8314850495968029	0.49174338114607863	0.01706986369799472	0.9975451366588168	6	3.1427723662847504
rm2	rnd-4_family-409	DNA/TcMar-Tc1		repeat:TE:ClassII	0.4812307947844863	511	92.0	0.18003913894324852	640.0	len_inconsistent	1.0	8.5	0.9950064151602586	0.18338322902423304	0.008065633414250692	0.9616776999391614	6	3.142177471530047
rm2	rnd-5_family-611	LINE/Rex-Babar		repeat:TE:ClassI:LINE:RTE	0.9987829896727981	223	15.0	0.06726457399103139	684.0	len_inconsistent	1.0	10.0	0.9831350900157456	0.9818071443476941	0.0034906000417354354	0.5637698480450742	6	3.1410334934191213
rm2	rnd-5_family-4144	DNA/PIF-Harbinger		repeat:TE:ClassII:TIR:PIFHarbinger	0.9526948878093916	280	17.0	0.060714285714285714	378.0	len_inconsistent	1.0	12.800000190734863	0.9781646010304972	0.9310123938170172	0.00799331569419301	0.30978972287982176	6	3.1396259162257882
rm2	rnd-5_family-1455	Unknown		repeat:TE:ClassII	0.5772054556006965	575	26.0	0.04521739130434783	1088.0	len_inconsistent	1.0	12.199999809265137	0.7827227430016804	0.9418704732684977	0.15351511496507428	0.8651978148731491	6	3.1395665642409964
pantera	Unknown_112-fGobNig	DNA	repeat:TE:ClassII:TIR:hAT	repeat:TE:ClassII:TIR:hAT	0.8807754290989314	183	14.0	0.07650273224043716	1261.0	len_inconsistent	1.0	7.5	0.9973865156653495	0.9955975234124639	0.02167014094147662	0.9986621449239289	6	3.139112074756051
rm2	rnd-5_family-3390	LINE/Rex-Babar		repeat:TE:ClassI:LINE:RTE	0.9751578947368421	152	17.0	0.1118421052631579	512.0	len_inconsistent	1.0	10.199999809265137	0.9558460688639293	0.9500276192229792	0.007622905542257411	0.22489412631191308	6	3.136322609465182
rm2	rnd-4_family-2831	DNA/hAT-Charlie		repeat:TE:ClassII:TIR:hAT	0.9639086668303462	297	15.0	0.050505050505050504	607.0	weak_5p	1.0	9.5	0.9748872594581569	0.9849220282970154	0.0012220730489861957	0.08518365520327723	6	3.135900546810854
rm2	rnd-1_family-340	DNA/TcMar-Tc1		repeat:TE:ClassII:TIR:Tc1Mariner	0.8834743901367617	783	95.0	0.12132822477650064	385.0	len_inconsistent	1.0	10.600000381469727	0.704179732241771	0.45163077154176917	0.0038023170663011433	0.8689561935520214	6	3.133534109072388
pantera	Unknown_298-fGobNig	Unknown		repeat:TE:ClassI:SINE:5S	0.29528573851110734	662	40.0	0.06042296072507553	705.0	len_inconsistent	1.0	12.199999809265137	0.7567518366816202	0.7716533385345556	0.03053117482608413	0.995136857161433	6	3.130465166544138
rm2	rnd-5_family-2452	LINE/L2		repeat:TE:ClassI:LINE:Jockey	1.0	62	14.0	0.22580645161290322	241.0	len_inconsistent	1.0	12.600000381469727	0.9940982862331177	0.989445011916922	0.0	0.8159119282714788	6	3.1296713338282776
rm2	rnd-5_family-3157	LINE/Rex-Babar		repeat:TE:ClassI:LINE:RTE	1.0	173	14.0	0.08092485549132948	340.0	len_inconsistent	1.0	12.800000190734863	0.9925447698101606	0.9906617477519022	0.001114441626316194	0.8649219890861579	6	3.1293345532403007
rm2	rnd-5_family-2285	Unknown		repeat:TE:ClassI:LTR	0.40643654983948424	342	39.0	0.11403508771929824	1196.0	len_inconsistent	1.0	7.050000190734863	0.6109817632802257	0.9257737693194008	0.008303865866740832	0.9727363025944614	6	3.1278201396261256
rm2	rnd-4_family-961	DNA/Kolobok-T2		repeat:TE:ClassII:TIR:Kolobok	0.9681269557443004	536	6.0	0.011194029850746268	2355.0	ok	1.0	12.100000381469727	0.9946983417141354	0.3544674565193197	0.03133947813065957	0.7586986654795269	6	3.127317048617099
rm2	rnd-5_family-2385	LINE/L2		repeat:TE:ClassI:LINE:Jockey	0.9974172590995021	378	15.0	0.03968253968253968	1057.0	len_inconsistent	1.0	11.100000381469727	0.9742035708034308	0.974991248030807	0.003916506213898127	0.8467530194293716	6	3.1252860778899194
rm2	rnd-3_family-400	Unknown	repeat:TE:ClassII:TIR:CACTA	repeat:TE:ClassII:TIR:CACTA	0.6979526762377073	586	15.0	0.025597269624573378	610.0	len_inconsistent+weak_3p	1.0	7.599999904632568	0.9512927176030751	0.9940723801499959	0.01264508752266111	0.9873173006762602	6	3.1214563568087526
rm2	ltr-1_family-184	LTR/Pao		repeat:TE:ClassI:LTR:BelPao	0.9882352941176471	37	13.0	0.35135135135135137	742.0	ok	1.0	4.699999809265137	0.9967657289314701	0.010496124977116007	0.0027460792091291877	0.9998779520351498	6	3.1212052062154227
rm2	rnd-5_family-2294	LINE/L2		repeat:TE:ClassI:LINE:Jockey	0.9945124768946395	209	28.0	0.1339712918660287	696.0	len_inconsistent	1.0	10.0	0.9350151895390305	0.7382776383568881	0.008704266279223351	0.71904636111478	6	3.1204508592381375
pantera	ERV1_2-fGobNig-int	LTR/ERV1		repeat:TE:ClassI:LTR:ERV	0.7148114075436982	243	13.0	0.053497942386831275	8220.0	ok	1.0	7.599999904632568	0.9991598573889903	0.006260555091178929	0.012823902696985722	0.9983751556609406	6	3.119363764787006
fastltr	CONS_66-5242_clus5_tsdl5_tsdc0.83_tsdmVWDWS	LTR/Gypsy		repeat:TE:ClassI:LTR:Gypsy	0.9931378299120235	59	6.0	0.1016949152542373	5242.0	ok	1.0	11.300000190734863	0.9985553482212725	0.34210156704588773	0.020646481670980557	1.0	6	3.1188081656508038
rm2	ltr-1_family-162	LTR/Pao		repeat:TE:ClassI:LTR:BelPao	1.0	25	13.0	0.52	6624.0	ok	1.0	0.800000011920929	1.0	0.002365108203700319	0.0010105462324901365	1.0	6	3.1163084605105373
pantera	hAT_54-fGobNig	Unknown		repeat:TE:ClassI:SINE:5S	0.41217820227417584	884	60.0	0.06787330316742081	666.0	len_inconsistent	1.0	13.550000190734863	0.6422076683410695	0.6951421122909646	0.006676416354040821	0.9932218477777072	6	3.1155010310156777
pantera	hAT_53-fGobNig	Unknown		repeat:TE:ClassI:SINE:5S	0.512750184810319	975	59.0	0.06051282051282051	676.0	len_inconsistent	1.0	14.699999809265137	0.6475356031850225	0.6952395901709524	0.0027160211954298545	0.993245621545516	6	3.113627204998119
rm2	rnd-4_family-3814	DNA/hAT-Ac		repeat:TE:ClassII:TIR:hAT	0.9098156734139998	495	65.0	0.13131313131313133	262.0	len_inconsistent	1.0	9.5	0.8780868850212417	0.41910374126353295	0.025489927367411264	0.8232698369192819	6	3.11010398292763
rm2	ltr-1_family-359	LTR/Unknown		repeat:TE:ClassI:LTR	0.5924100542138985	116	14.0	0.1206896551724138	112.0	ok	1.0	10.149999618530273	0.6858941418293937	0.27530832476875644	0.0034686536485097636	0.9853545734840699	6	3.1073305022763877
pantera	Unknown_319-fGobNig	Unknown	repeat:TE:ClassI:LINE:Jockey	repeat:TE:ClassI:LINE:Jockey	0.785941029241194	410	63.0	0.15365853658536585	649.0	len_inconsistent	1.0	14.100000381469727	0.8620268122733385	0.44582535349007785	0.041753256455183844	0.99917145457262	6	3.107192715216998
rm2	ltr-1_family-387	LTR/Unknown	repeat:TE:ClassI:LTR:BelPao	repeat:TE:ClassI:LTR:BelPao	0.9262469149974172	76	14.0	0.18421052631578946	339.0	len_inconsistent+weak_3p	1.0	19.950000762939453	0.9975825946817083	0.9608380338436745	0.0	0.9751275852806877	6	3.1045486642036204
rm2	rnd-1_family-347	LINE/L2		repeat:TE:ClassI:LINE:Jockey	0.9634529680492881	528	39.0	0.07386363636363637	743.0	len_inconsistent	1.0	14.300000190734863	0.7431132645139029	0.7676769129022055	0.004550421255427438	0.7468801219196596	6	3.1018547844426076
rm2	rnd-3_family-100	Unknown	repeat:TE:ClassI:LTR:Gypsy	repeat:TE:ClassI:LTR:Gypsy	0.6158577888435275	781	21.0	0.026888604353393086	757.0	len_inconsistent	1.0	15.199999809265137	0.7833534248547113	0.9962155970180584	0.023114245788277348	0.9865836616947649	6	3.101788316606689
rm2	ltr-1_family-229	LTR/Pao		repeat:TE:ClassI:LTR:BelPao	1.0	32	12.0	0.375	519.0	ok	1.0	7.75	0.9938598939436226	0.028746860173039353	0.0005581914596706671	0.9751604800446553	6	3.101788000164287
rm2	rnd-1_family-246	Unknown		repeat:TE:ClassII:TIR:CACTA	0.4258302302606581	645	16.0	0.024806201550387597	1283.0	weak_3p	1.0	8.600000381469727	0.9094828499396199	0.9878710196817864	0.1141236414482744	0.9878816126776975	6	3.101473852277331
rm2	rnd-5_family-5787	LINE/RTE-BovB		repeat:TE:ClassI:LINE:RTE	0.9953599948759452	8293	15.0	0.001808754371156397	4035.0	len_inconsistent	1.0	7.5	0.9616628959927235	0.9626594540934039	0.05251375064683529	0.9960403126301266	6	3.1004136091418086
rm2	rnd-5_family-9127	LINE/RTE-X		repeat:TE:ClassI:LINE:RTE	0.996791370835609	130	15.0	0.11538461538461539	289.0	len_inconsistent	1.0	12.100000381469727	0.9615276922215378	0.9586156689253514	0.0031360250882007056	0.8616788934311475	6	3.0962346202025706
pantera	Unknown_607-fGobNig	Unknown	repeat:TE:ClassII:Helitron	repeat:TE:ClassII:Helitron	0.6815466834328827	403	55.0	0.13647642679900746	147.0	weak_3p	1.0	7.900000095367432	0.9172300533734775	0.43831941973450117	0.010455727384699603	0.9970165594635281	6	3.0959121626022226
rm2	rnd-5_family-48	DNA/hAT-Ac		repeat:TE:ClassII:TIR:hAT	0.7450152651615092	823	56.0	0.06804374240583232	208.0	len_inconsistent+weak_5p	1.0	15.199999809265137	0.7260868188582466	0.6208719880948611	0.006585821486242599	0.6591415212825465	6	3.0951468339593085
rm2	rnd-5_family-7829	LINE/L2		repeat:TE:ClassI:LINE:Jockey	1.0	68	13.0	0.19117647058823528	505.0	len_inconsistent	1.0	12.0	0.9912383177570093	0.9898948598130841	0.001985981308411215	0.8265771028037383	6	3.0950765298769305
rm2	rnd-1_family-149	Unknown		repeat:TE:ClassII:TIR:Mutator	0.36606835843477065	312	37.0	0.11858974358974358	159.0	len_inconsistent	1.0	10.050000190734863	0.8548262216104611	0.6684445973847213	0.02740020646937371	0.9570285615966965	6	3.0914725430621774
rm2	rnd-5_family-2804	LTR/DIRS		repeat:TE:ClassI:DIRS	0.9975662755323772	225	15.0	0.06666666666666667	6095.0	len_inconsistent	1.0	8.100000381469727	0.9637864435860622	0.9496557334056389	0.01220601766449898	0.10148419129576701	6	3.0895334360473825
rm2	rnd-4_family-2773	Unknown	repeat:TE:ClassII:TIR:CACTA	repeat:TE:ClassII:TIR:CACTA	0.8348914179537801	210	20.0	0.09523809523809523	577.0	len_inconsistent	1.0	8.399999618530273	0.7942786011226719	0.994128285224417	0.005425464452638749	0.8148530896963149	6	3.08943688201107
rm2	rnd-5_family-203	LINE/Penelope		repeat:TE:ClassI:PLE	0.9980983031012288	263	13.0	0.049429657794676805	815.0	len_inconsistent	1.0	12.399999618530273	0.9873981414191394	0.9870734309526387	0.002195661249671424	0.8585344734278602	6	3.088414924678615
rm2	ltr-1_family-65	LTR/Unknown	repeat:TE:ClassI:LTR	repeat:TE:ClassI:LTR	0.9987494315597999	159	24.0	0.1509433962264151	457.0	weak_5p+weak_3p	1.0	18.200000762939453	0.8511037165487182	0.850471012794676	0.011833903547827717	0.9740122791395229	6	3.081785971055
rm2	rnd-1_family-21	SINE/5S		repeat:TE:ClassI:SINE:5S	0.9270652721069411	164	18.0	0.10975609756097561	247.0	len_inconsistent	1.0	13.699999809265137	0.903727813660174	0.9170014748512435	0.11870009662818491	0.9922697452067335	6	3.0760017936147235
pantera	Unknown_127-fGobNig	Unknown	repeat:TE:ClassI:LINE:Jockey	repeat:TE:ClassI:LINE:Jockey	0.6472174900624645	164	24.0	0.14634146341463414	1203.0	len_inconsistent	1.0	15.25	0.849804313572675	0.8453653660437457	0.163258390796808	0.9900377818816394	6	3.0753809213280268
fastltr	CONS_106-5217_clus11_tsdl0_tsdc0.0_tsdmnone	LTR/Gypsy		repeat:TE:ClassI:LTR:Gypsy	0.9942870693743802	107	12.0	0.11214953271028037	5217.0	len_inconsistent	1.0	6.099999904632568	0.9993661843221933	0.9967557231407178	0.10738341551451867	0.9998603456981103	6	3.075303153510536
rm2	ltr-1_family-243	LTR		repeat:TE:ClassI:LTR:BelPao	0.9770992366412213	13	6.0	0.46153846153846156	450.0	ok	1.0	11.0	1.0	0.2969212551805802	0.0	0.9745411486086442	6	3.075072505564224
rm2	ltr-1_family-33	LTR/Pao		repeat:TE:ClassI:LTR:BelPao	1.0	30	10.0	0.3333333333333333	418.0	ok	1.0	3.5	0.9986022674328312	0.07563286224569032	0.0	1.0	6	3.0742351296785215
rm2	rnd-5_family-3219	Unknown	repeat:TE:ClassII:TIR:CACTA	repeat:TE:ClassII:TIR:CACTA	0.718597412109375	295	22.0	0.07457627118644068	331.0	len_inconsistent	1.0	12.5	0.7387569717365213	0.9916221495305109	0.001553196997152472	0.7795166262678559	6	3.0728018020892387
rm2	rnd-5_family-1147	DNA/PIF-ISL2EU		repeat:TE:ClassII	0.48430747623163356	817	7.0	0.008567931456548347	2499.0	ok	1.0	15.600000381469727	0.6243258939683066	0.6008130755828425	0.025089189413424043	0.7063635609391853	6	3.070237009565406
rm2	rnd-3_family-205	LINE/CR1-Zenon		repeat:TE:ClassI:LINE:Jockey	0.9999771146100329	220	12.0	0.05454545454545454	715.0	len_inconsistent+weak_5p	1.0	24.700000762939453	0.9945394429229845	0.9940217754325028	0.008850444192104736	0.735655600828268	6	3.067742464403112
rm2	ltr-1_family-219	LTR/Unknown	repeat:TE:ClassI:LTR	repeat:TE:ClassI:LTR	1.0	34	10.0	0.29411764705882354	521.0	ok	1.0	10.200000762939453	0.976573314875945	0.09104461718666809	0.00670855074007028	0.9697582792034927	6	3.067617932062613
rm2	rnd-5_family-1025	LINE/L1-Tx1		repeat:TE:ClassI:LINE:L1	0.9677200465296627	85	15.0	0.17647058823529413	590.0	len_inconsistent	1.0	9.199999809265137	0.9326345494859908	0.9569441644829672	0.005926224551501713	0.8748236242693005	6	3.0656699730246393
rm2	ltr-1_family-391	LTR/Pao		repeat:TE:ClassI:LTR:BelPao	1.0	30	10.0	0.3333333333333333	464.0	ok	1.0	13.949999809265137	0.9998847395112955	0.06431535269709543	0.017980636237897647	1.0	6	3.0642000922083907
rm2	rnd-3_family-975	DNA/TcMar-Tigger		repeat:TE:ClassII:TIR:Tc1Mariner	0.5423433969012664	1662	58.0	0.03489771359807461	594.0	weak_3p	1.0	12.5	0.9948734054443511	0.305086259187073	0.010025340464380174	0.884302151938099	6	3.0633876581943613
rm2	rnd-5_family-7837	LINE/L2		repeat:TE:ClassI:LINE:Jockey	0.99957451981522	82	13.0	0.15853658536585366	364.0	len_inconsistent+weak_3p	1.0	13.600000381469727	0.982095046854083	0.9666443551985721	0.01494868362338242	0.9510263275323516	6	3.0626827543594914
rm2	ltr-1_family-506	LTR/Unknown	repeat:TE:ClassI:LTR	repeat:TE:ClassI:LTR	0.9280877889329909	61	19.0	0.3114754098360656	280.0	weak_3p	1.0	6.199999809265137	0.8896753074405025	0.8883482261346545	0.05741838449969035	0.8695036715916128	6	3.0567771345279855
rm2	ltr-1_family-69	LTR/Unknown	repeat:TE:ClassI:LTR:BelPao	repeat:TE:ClassI:LTR:BelPao	1.0	19	11.0	0.5789473684210527	264.0	ok	1.0	4.900000095367432	0.9993000466635558	0.015398973401773215	0.0011665888940737283	1.0	6	3.056091705223554
rm2	rnd-3_family-93	PLE		repeat:TE:ClassI:PLE	0.9905391199879862	438	18.0	0.0410958904109589	135.0	weak_3p	0.9925925925925926	18.5	0.8976650909611803	0.9023922074201404	0.0008594757198109154	0.28838275318722245	6	3.055329803484627
rm2	rnd-1_family-308	LINE/L2		repeat:TE:ClassI:LINE:Jockey	0.9988368560392344	529	12.0	0.022684310018903593	561.0	len_inconsistent+weak_5p	1.0	14.399999618530273	0.9897979747090534	0.9840378188657699	0.014064520462827683	0.9833073034745663	6	3.053017039622448
pantera	Unknown_129-fGobNig	Unknown	repeat:TE:ClassI:LINE:Jockey	repeat:TE:ClassI:LINE:Jockey	0.7296925245583895	249	21.0	0.08433734939759036	1197.0	len_inconsistent	1.0	6.699999809265137	0.8612586879939065	0.8692944872893459	0.09280205655526992	0.9952584975721223	6	3.0527724700171714
pantera	hAT_30-fGobNig	Unknown		repeat:TE:ClassI:LINE:Jockey	0.5754180617516393	454	58.0	0.1277533039647577	1335.0	len_inconsistent	1.0	8.649999618530273	0.6911552723951628	0.5977948701020037	0.0701207099549951	0.9954059793791745	6	3.052378136060104
rm2	rnd-5_family-943	LINE/L2		repeat:TE:ClassI:LINE:Jockey	0.9705013678069092	1509	40.0	0.026507620941020542	1138.0	len_inconsistent	1.0	8.600000381469727	0.7757440366151248	0.6735073537710698	0.12095678808140327	0.9695457747438148	6	3.0513113817141573
pantera	Unknown_163-fGobNig	Unknown		repeat:TE:ClassII:TIR:PIFHarbinger	0.23092179608403865	784	22.0	0.02806122448979592	1065.0	len_inconsistent	1.0	10.0	0.8071481757259866	0.9007128871239072	0.04071178401036927	0.9961391026171369	6	3.0502837436721
rm2	rnd-3_family-1755	Unknown		repeat:TE:ClassII:Helitron	0.5875201288244767	508	32.0	0.06299212598425197	556.0	len_inconsistent	1.0	12.800000190734863	0.8028989565048836	0.7408707638298101	0.14369864636392027	0.927870688448326	6	3.0489196986545997
rm2	ltr-1_family-149	LTR/Unknown	repeat:TE:ClassI:LTR	repeat:TE:ClassI:LTR	0.9953909809877965	148	13.0	0.08783783783783784	930.0	len_inconsistent	1.0	14.399999618530273	0.9670412715438435	0.9675288266985203	0.00039004412374149826	0.963360230126033	6	3.0485134505492004
pantera	Unknown_275-fGobNig	Unknown	repeat:TE:ClassI:LTR:Gypsy	repeat:TE:ClassI:LTR:Gypsy	0.6942002087924835	352	17.0	0.048295454545454544	777.0	len_inconsistent	1.0	14.550000190734863	0.8208372685791013	0.9963131962540254	0.023588716559893492	0.9846724547968275	6	3.0475993862114006
rm2	rnd-5_family-5125	Unknown	repeat:TE:ClassII:TIR:CACTA	repeat:TE:ClassII:TIR:CACTA	0.6243792623981991	284	31.0	0.10915492957746478	178.0	len_inconsistent	1.0	12.949999809265137	0.6011796339665192	0.9527279035475756	0.0	0.7022725301413826	6	3.0452692313483674
pantera	Unknown_377-fGobNig	DNA	repeat:TE:ClassII	repeat:TE:ClassII	0.7519698826825425	413	86.0	0.20823244552058112	513.0	len_inconsistent	1.0	7.400000095367432	0.9787463610268521	0.12922171779890473	0.1499969463162395	0.9870422019095703	6	3.042466530069324
rm2	rnd-4_family-751	DNA/hAT-hAT5		repeat:TE:ClassII:TIR:hAT	0.6956093442161554	522	67.0	0.12835249042145594	352.0	len_inconsistent+weak_3p	1.0	10.399999618530273	0.9508317526167115	0.2653829883049714	0.18619249716835656	0.9285607063415167	6	3.0422895436225095
rm2	rnd-4_family-110	Unknown		repeat:TE:ClassII:TIR:CACTA	0.3821856730134898	255	26.0	0.10196078431372549	1712.0	len_inconsistent	1.0	10.399999618530273	0.6342214389384201	0.9924631971801783	0.13676135185569147	0.9189819614347916	6	3.0416579840894165
rm2	rnd-1_family-360	Unknown	repeat:TE:ClassII	repeat:TE:ClassII	0.7835799454101422	151	20.0	0.13245033112582782	196.0	weak_3p	1.0	6.400000095367432	0.7835112692763938	0.9545274812178727	0.11078160010544352	0.9629629629629629	6	3.039068746158248
rm2	rnd-5_family-1685	LINE/Rex-Babar		repeat:TE:ClassI:LINE:RTE	0.9988189229090442	462	12.0	0.025974025974025976	1165.0	weak_5p	1.0	8.600000381469727	0.9805805506561837	0.978511853158351	0.010433170906699351	0.9529401213715584	6	3.03827364986216
fastltr	CONS_122-7129_clus12_tsdl4_tsdc0.8_tsdmWWNR	LTR/Gypsy		repeat:TE:ClassI:LTR:Gypsy	0.9887456611159533	110	11.0	0.1	7129.0	len_inconsistent	1.0	12.049999237060547	0.9977937540416144	0.9974437977861463	0.026216288181368633	0.9976035604245121	6	3.036630236985986
rm2	ltr-1_family-197	LTR/Unknown	repeat:TE:ClassI:LTR	repeat:TE:ClassI:LTR	1.0	17	10.0	0.5882352941176471	562.0	ok	1.0	6.699999809265137	0.9975718332658843	0.03777148253068933	0.0002697963037906381	0.9731552677728316	6	3.0353433157965735
rm2	rnd-1_family-448	Unknown	repeat:TE:ClassII:Helitron	repeat:TE:ClassII:Helitron	0.9260795315930714	58	13.0	0.22413793103448276	232.0	weak_3p	1.0	6.050000190734863	0.9262198010421601	0.9951444812884889	0.0033159639981051635	0.9757224064424443	6	3.0353076346374857
rm2	rnd-4_family-24	LINE/Rex-Babar		repeat:TE:ClassI:LINE:RTE	0.9920739077879468	487	14.0	0.028747433264887063	642.0	len_inconsistent+weak_5p	1.0	10.5	0.9410138593148791	0.9448117847759224	0.0065872215373504175	0.7762959642372396	6	3.0319536797690394
rm2	rnd-5_family-5963	LINE/L2		repeat:TE:ClassI:LINE:Jockey	0.9991106099130823	1613	13.0	0.008059516429014259	3490.0	len_inconsistent	1.0	17.600000381469727	0.9834523316102696	0.9338347422833593	0.02560352850093452	0.9850163834429473	6	3.0312304262004655
rm2	rnd-5_family-335	LINE/L2		repeat:TE:ClassI:LINE:Jockey	1.0	62	11.0	0.1774193548387097	704.0	len_inconsistent	1.0	8.899999618530273	0.9932314634396472	0.9928212491026561	0.00025638396061942363	0.7551020408163265	6	3.0274453977005282
rm2	ltr-1_family-129	LTR/Pao		repeat:TE:ClassI:LTR:BelPao	1.0	30	10.0	0.3333333333333333	768.0	ok	1.0	6.699999809265137	0.9831787970788545	0.04381718224337409	0.0068925904652498565	0.9803068843850005	6	3.0269959793222285
rm2	rnd-2_family-115	Unknown	repeat:TE:ClassII	repeat:TE:ClassII	0.9826583805139177	3048	18.0	0.005905511811023622	737.0	len_inconsistent+weak_3p	1.0	10.0	0.8797509425178717	0.8905039340643064	0.03672204804107932	0.9896719790935605	6	3.0255273816854844
rm2	ltr-1_family-7	LTR/Unknown	repeat:TE:ClassI:LTR	repeat:TE:ClassI:LTR	1.0	25	12.0	0.48	420.0	len_inconsistent	1.0	18.600000381469727	0.9746708643388666	0.9703777904979966	0.01030337721808815	0.8948196908986834	6	3.024229900884488
rm2	rnd-4_family-700	LINE/Rex-Babar		repeat:TE:ClassI:LINE:RTE	0.9962390520350335	288	13.0	0.04513888888888889	551.0	len_inconsistent+weak_5p	1.0	10.649999618530273	0.9549416108535119	0.9551562768332474	0.015477417138931823	0.8781770565000858	6	3.024041239993596
fastltr	CONS_29-7284_clus6_tsdl5_tsdc0.67_tsdmVWRDB	LTR/Pao		repeat:TE:ClassI:LTR	0.6731411229135054	200	6.0	0.03	7284.0	ok	1.0	23.450000762939453	0.9800543558603123	0.2633757490988071	0.0071526853841867655	0.9989083341861973	6	3.021581355342763
rm2	ltr-1_family-369	LTR/Pao		repeat	0.4742268041237113	26	10.0	0.38461538461538464	543.0	ok	1.0	6.550000190734863	0.9800929789009417	0.041482894266301105	0.09405173441411371	0.9700798664918345	6	3.021575873167243
rm2	ltr-1_family-209	LTR/Unknown	repeat:TE:ClassI:LTR:BelPao	repeat:TE:ClassI:LTR:BelPao	0.8291139240506329	76	10.0	0.13157894736842105	1001.0	ok	1.0	6.75	0.9987453342115994	0.019823719456729713	0.08487814058530159	1.0	6	3.018569053668329
rm2	rnd-5_family-68	LTR/Gypsy		repeat:TE:ClassI:LTR:Gypsy	0.9994895933760563	127	12.0	0.09448818897637795	1301.0	len_inconsistent	1.0	14.100000381469727	0.969451533934059	0.9688265013802803	0.020808375436220636	0.9496067503515808	6	3.0174592813619645
rm2	ltr-1_family-249	LTR/Unknown	repeat:TE:ClassI:LTR:Gypsy	repeat:TE:ClassI:LTR:Gypsy	0.9777047641398733	104	27.0	0.25961538461538464	763.0	len_inconsistent	1.0	12.0	0.7913708498642723	0.7926237210273543	0.025579452912925453	0.9859051994153268	6	3.015358335050614
rm2	rnd-4_family-516	Unknown		repeat:TE:ClassI:LTR:Gypsy	0.5244530367704764	346	21.0	0.06069364161849711	637.0	len_inconsistent	1.0	8.75	0.6997744150433881	0.9917669723864254	0.0017618679093049678	0.8684691508455319	6	3.0137606821637326
pantera	Unknown_31-fGobNig	DNA	repeat:TE:ClassII	repeat:TE:ClassII	0.9944602257267553	1664	35.0	0.021033653846153848	2472.0	len_inconsistent	1.0	13.800000190734863	0.7564472840003313	0.7101732698543592	0.05393464953941778	0.9979422639335513	6	3.0106885982049665
rm2	ltr-1_family-500	LTR/Unknown	repeat:TE:ClassI:LTR	repeat:TE:ClassI:LTR	0.9895287958115183	32	10.0	0.3125	952.0	ok	1.0	6.75	0.9928206953838852	0.01590126972825442	0.0	0.995431351607927	6	3.0087219651121395
rm2	rnd-4_family-624	LINE/L2		repeat:TE:ClassI:LINE:Jockey	0.9984089101034208	231	12.0	0.05194805194805195	1159.0	len_inconsistent+weak_5p	1.0	4.599999904632568	0.9643910431458219	0.9640851993446204	0.007820862916439105	0.9146477334789732	6	3.007657488538067
pantera	Gypsy_14-fGobNig	LTR/Gypsy		repeat:TE:ClassI:LTR:Gypsy	0.9946207442115191	243	10.0	0.0411522633744856	6987.0	len_inconsistent	1.0	8.800000190734863	0.9993557954103461	0.9989121450797355	0.032799737456242706	0.9998176779463244	6	2.9982679404900816
rm2	rnd-5_family-1241	Unknown		repeat:TE:ClassII	0.466908917614821	606	21.0	0.034653465346534656	488.0	len_inconsistent	1.0	24.549999237060547	0.7926526136225174	0.8825514804435238	0.001449981722919459	0.9356281223345925	6	2.9974233887999606
rm2	rnd-5_family-11426	DNA/PIF-ISL2EU		repeat:TE:ClassII:TIR:PIFHarbinger	0.9875280618608132	277	12.0	0.04332129963898917	503.0	len_inconsistent	1.0	14.199999809265137	0.9925901137776078	0.925112343436275	0.007362080504828378	0.1707142174204035	6	2.9968837032615077
rm2	ltr-1_family-557	LTR/Pao		repeat:TE:ClassI:LTR:Gypsy	0.5704584040747029	79	8.0	0.10126582278481013	675.0	ok	1.0	7.699999809265137	0.977909090909091	0.11454545454545455	0.06077272727272727	0.9657727272727272	6	2.9955445324464893
rm2	rnd-5_family-1378	LTR/Ngaro		repeat:TE:ClassI:DIRS	0.9707805818730612	299	7.0	0.023411371237458192	2533.0	ok	1.0	11.0	0.611600796133068	0.5381806226897924	0.18472775092408303	0.6737720358259881	6	2.9948794588371173
fastltr	CONS_50-7982_clus13_tsdl3_tsdc0.11_tsdmATA	LTR/Gypsy		repeat:TE:ClassI:LTR:Gypsy	0.9949838472188647	241	10.0	0.04149377593360996	7982.0	len_inconsistent	1.0	11.5	0.9976940730557092	0.9969327337558127	0.004830944334594929	0.9999945227388497	6	2.994626806811522
rm2	rnd-3_family-607	Unknown		repeat:TE:ClassII:TIR:hAT	0.4255413441619343	731	21.0	0.028727770177838577	624.0	len_inconsistent+weak_3p	1.0	9.899999618530273	0.6940709957283354	0.9758187357197258	0.010215570051988476	0.8274115036921752	6	2.9921090261819807
rm2	rnd-4_family-1088	LINE/L2		repeat:TE:ClassI:LINE:Jockey	0.9963615504384168	519	13.0	0.025048169556840076	849.0	len_inconsistent+weak_5p	1.0	16.200000762939453	0.977956641574113	0.8997720951549816	0.009078523578419985	0.8663774430708765	6	2.9916720890359314
pantera	Unknown_320-fGobNig	Unknown	repeat:TE:ClassI:LINE:Jockey	repeat:TE:ClassI:LINE:Jockey	0.8553111202382174	1072	58.0	0.054104477611940295	644.0	len_inconsistent	1.0	14.75	0.723370042218421	0.5046350573055807	0.021064365474428706	0.9945032768926217	6	2.9914330930869393
rm2	rnd-5_family-8727	DNA/PIF-ISL2EU		repeat:TE:ClassII:TIR:CACTA	0.5105805751492133	162	7.0	0.043209876543209874	844.0	ok	1.0	7.699999809265137	0.9808936668874509	0.16525704386814083	0.0007387782136852295	0.8816935853670963	6	2.9912487507698486
rm2	rnd-5_family-6606	LINE/Rex-Babar		repeat:TE:ClassI:LINE:RTE	1.0	87	10.0	0.11494252873563218	95.0	weak_3p	1.0	16.700000762939453	0.9948785726086238	0.9948785726086238	0.0	0.21014373038162895	6	2.9897571452172476
pantera	TcMar-Tc1_2-fGobNig	DNA/TcMar-Tc1		repeat:TE:ClassII:TIR:Tc1Mariner	0.9998505678421996	696	68.0	0.09770114942528736	1628.0	len_inconsistent	1.0	1.600000023841858	0.9924457808620987	0.1646224392535361	0.17879957285615575	0.9998661761613314	6	2.9895771328218714
rm2	rnd-3_family-135	DNA/PIF-Harbinger		repeat:TE:ClassII:TIR:PIFHarbinger	0.7808826363461168	742	13.0	0.01752021563342318	1015.0	len_inconsistent+weak_5p	1.0	15.100000381469727	0.9444937969061112	0.9307091438198806	0.10431919130035228	0.26798131413692755	6	2.9891462930328285
rm2	rnd-4_family-2038	DNA/hAT-Ac		repeat:TE:ClassII:TIR:hAT	0.8931860036832413	154	47.0	0.3051948051948052	154.0	len_inconsistent	1.0	13.449999809265137	0.9989144855867809	0.31775419129176213	0.00024122542515981184	0.7149921601736823	6	2.988766534814261
rm2	rnd-3_family-1123	SINE/ID		repeat:TE:ClassI:LTR	0.859354882428678	1142	35.0	0.03064798598949212	1337.0	len_inconsistent+weak_5p	1.0	15.199999809265137	0.8663016304820682	0.5734906005115921	0.17792323799469847	0.8544891910233581	6	2.983860275343936
rm2	rnd-4_family-538	DNA/Academ-1		repeat:TE:ClassII:TIR:Academ	0.947682423129876	513	17.0	0.03313840155945419	285.0	weak_5p	0.9964912280701754	18.700000762939453	0.990426723698951	0.7570866008079573	0.0004752690362222901	0.31688562990121194	6	2.977962245885182
rm2	ltr-1_family-157	LTR/Unknown	repeat:TE:ClassI:LTR	repeat:TE:ClassI:LTR	0.9979267091691287	81	11.0	0.13580246913580246	856.0	len_inconsistent	1.0	15.199999809265137	0.9694405265632347	0.9670897978373296	0.006411078343377356	0.857503098687866	6	2.9779230095587894
rm2	rnd-4_family-518	LINE/RTE-X		repeat:TE:ClassI:LINE:RTE	0.9975660087835335	186	11.0	0.05913978494623656	385.0	weak_3p	1.0	10.949999809265137	0.9688490746884908	0.9667109046671091	0.022266460222664604	0.7300007373000074	6	2.976952664513825
rm2	rnd-5_family-4267	LINE/L2		repeat:TE:ClassI:LINE:Jockey	0.9040890957446809	105	13.0	0.12380952380952381	340.0	len_inconsistent	1.0	11.600000381469727	0.906114314186063	0.9550145917858922	0.004626663819488931	0.47320093956865256	6	2.9750722582787916
pantera	hAT_7-fGobNig	LTR		repeat:TE:ClassI:LTR	0.9804139463814419	119	10.0	0.08403361344537816	2378.0	len_inconsistent	1.0	13.800000190734863	0.997977813727756	0.9766389338263616	0.05629381403589862	0.9938756644326323	6	2.9746167475541174
rm2	rnd-1_family-187	Unknown		repeat:TE:ClassII:TIR:Mutator	0.32896589063345966	2563	31.0	0.012095200936402654	2404.0	len_inconsistent	1.0	17.700000762939453	0.6934699070691093	0.7885027036785502	0.09276755241869622	0.9855596055810115	6	2.9733343045819325
rm2	rnd-5_family-697	DNA/hAT		repeat:TE:ClassII:TIR:hAT	0.9911699779249448	702	10.0	0.014245014245014245	152.0	weak_5p+weak_3p	1.0	20.450000762939453	0.9940015408885791	0.9779689621014785	0.0012290420809333382	0.08019958175881425	6	2.971970502990058
rm2	rnd-5_family-1675	LINE/L1		repeat:TE:ClassI:LINE:L1	0.9990041572483126	351	10.0	0.02849002849002849	758.0	len_inconsistent+weak_5p	1.0	11.300000190734863	0.9876165823328173	0.9840004162493333	0.010523303458771805	0.838911507993288	6	2.971616998582151
rm2	rnd-5_family-5603	LINE/L2		repeat:TE:ClassI:LINE:Jockey	0.9987198942880444	315	10.0	0.031746031746031744	713.0	len_inconsistent+weak_3p	1.0	15.399999618530273	0.9857604865569339	0.9856736013901627	0.22590143360525172	0.9494714485688083	6	2.9714340879470966
rm2	rnd-4_family-162	DNA/PIF-ISL2EU		repeat:TE:ClassII:TIR:PIFHarbinger	0.8905668403700947	513	15.0	0.029239766081871343	411.0	weak_5p	1.0	15.800000190734863	0.9825058313895368	0.8116183494390758	0.0013467732977896258	0.3189353548817061	6	2.970215439884294
pantera	Unknown_132-fGobNig	Unknown	repeat:TE:ClassII:Helitron	repeat:TE:ClassII:Helitron	0.8398591981712785	1412	27.0	0.019121813031161474	1183.0	len_inconsistent	1.0	6.25	0.7532017215658051	0.7845397480565658	0.03373782821518619	0.9994423499468564	6	2.969105233781358
rm2	rnd-3_family-332	Unknown		repeat:TE:ClassII:Helitron	0.42349366278837314	369	26.0	0.07046070460704607	257.0	len_inconsistent	1.0	10.899999618530273	0.7497147782876556	0.8021955733590244	0.0422888725502624	0.8319093375250362	6	2.9668836996174983
pantera	Unknown_206-fGobNig	Unknown	repeat:TE:ClassI:LINE:Jockey	repeat:TE:ClassI:LINE:Jockey	0.6808917578148347	1309	60.0	0.04583651642475172	974.0	len_inconsistent	1.0	16.5	0.7027852643066188	0.4852304105557301	0.017940111443641594	0.998892177450024	6	2.9661669252459926
rm2	rnd-5_family-5084	LINE/L2		repeat:TE:ClassI:LINE:Jockey	0.9944393562737145	278	35.0	0.12589928057553956	656.0	len_inconsistent	1.0	10.25	0.9475141250047188	0.47379481307176385	0.004517484805395815	0.9109086562055644	6	2.965376982426758
rm2	rnd-1_family-459	Unknown	repeat:TE:ClassI:LTR	repeat:TE:ClassI:LTR	0.6570684554242164	265	24.0	0.09056603773584905	829.0	len_inconsistent	1.0	7.900000095367432	0.7108721899614787	0.8726959121485656	0.01313171965733341	0.9707123555453343	6	2.96377934382165
rm2	rnd-5_family-437	DNA/hAT-Charlie		repeat:TE:ClassII:TIR:hAT	0.9201777777777778	174	18.0	0.10344827586206896	421.0	len_inconsistent	1.0	9.850000381469727	0.9390486761777285	0.7691880774378898	0.016029512585289413	0.4144494139923607	6	2.9635092587189242
rm2	rnd-1_family-443	Unknown		repeat:TE:ClassI:LTR	0.5735759493670886	546	27.0	0.04945054945054945	149.0	len_inconsistent+weak_5p	1.0	7.75	0.6611063200689911	0.8701737094985832	0.017173832696809166	0.9084390784772699	6	2.9626437937265617
rm2	ltr-1_family-374	LTR/Unknown	repeat:TE:ClassI:LTR	repeat:TE:ClassI:LTR	0.8461470691883003	615	35.0	0.056910569105691054	999.0	len_inconsistent	1.0	17.700000762939453	0.6881063564268749	0.7255545267903869	0.008846262227768608	0.9598446117306066	6	2.957728927567538
rm2	rnd-5_family-1105	Unknown	repeat:TE:ClassII	repeat:TE:ClassII	0.7842350018774732	295	18.0	0.061016949152542375	457.0	weak_5p	1.0	13.600000381469727	0.7038750597332638	0.9974368999522134	0.019744558842695166	0.7545723098310092	6	2.956584464788783
rm2	rnd-5_family-748	LINE/RTE-BovB		repeat:TE:ClassI:LINE:RTE	0.9960886571056062	179	10.0	0.055865921787709494	412.0	weak_3p	1.0	15.800000190734863	0.9763102322902668	0.9768477634862738	0.03447878671530044	0.11149932808600499	6	2.9531579957765404
rm2	rnd-5_family-5331	DNA/Academ-1		repeat:TE:ClassII:TIR:Academ	0.9827067669172932	97	11.0	0.1134020618556701	374.0	len_inconsistent+weak_5p	1.0	10.600000381469727	0.9636163175303197	0.9464045081465148	0.008820286659316428	0.1350606394707828	6	2.9514135108350597
pantera	Unknown_114-fGobNig	DNA	repeat:TE:ClassII	repeat:TE:ClassII	0.894611765555248	930	44.0	0.047311827956989246	1254.0	len_inconsistent+weak_5p	1.0	9.199999809265137	0.6548672566371682	0.6518379248882079	0.011194846618093123	0.997861878107508	6	2.9501578580115635
rm2	rnd-1_family-101	LINE/L2		repeat:TE:ClassI:LINE:Jockey	0.9991492846757446	9220	10.0	0.0010845986984815619	2986.0	len_inconsistent+weak_3p	0.9963161419959813	10.399999618530273	0.9932179504295298	0.9559580194559921	0.0350855611112478	0.9974787634930117	6	2.949175969885522
rm2	rnd-3_family-334	DNA/PIF-Harbinger		repeat:TE:ClassII:TIR:PIFHarbinger	0.9889336016096579	326	11.0	0.03374233128834356	446.0	len_inconsistent	1.0	14.449999809265137	0.9559067110899572	0.950880533079486	0.01721085197524988	0.23836268443598285	6	2.9481799293276683
pantera	Unknown_117-fGobNig	Unknown	repeat:TE:ClassI:LINE:Jockey	repeat:TE:ClassI:LINE:Jockey	0.705074871248108	515	24.0	0.04660194174757282	1242.0	len_inconsistent	1.0	16.299999237060547	0.8134127012081294	0.7534289035257652	0.04085801838610827	0.9865732098200134	6	2.9470528464455006
rm2	rnd-4_family-65	DNA/hAT-Ac		repeat:TE:ClassII:TIR:hAT	0.9614711033274956	318	25.0	0.07861635220125786	520.0	len_inconsistent	1.0	10.800000190734863	0.9942348008385744	0.552017819706499	0.00504454926624738	0.4947425314465409	6	2.944192629217111
pantera	Unknown_62-fGobNig	DNA	repeat:TE:ClassII	repeat:TE:ClassII	0.964739138249375	1078	57.0	0.05287569573283859	1564.0	len_inconsistent	1.0	22.200000762939453	0.995922788381947	0.18990882431679781	0.004695716927659496	0.998415272465436	6	2.9417064683712364
rm2	rnd-5_family-249	Unknown	repeat:TE:ClassI:LINE:Jockey	repeat:TE:ClassI:LINE:Jockey	0.883110664176603	121	12.0	0.09917355371900827	463.0	len_inconsistent	1.0	12.0	0.8754702125798268	0.9870090105852506	0.024101128510191583	0.9264281340215205	6	2.941660469212702
rm2	rnd-4_family-1469	DNA/TcMar-Tc1		repeat:TE:ClassI:LINE:RTE	0.7434182913206944	8848	23.0	0.0025994575045207957	4300.0	len_inconsistent	1.0	19.100000381469727	0.8992269828848074	0.6776112392706406	0.011688975662979417	0.9792250282797799	6	2.9385660581730404
rm2	rnd-1_family-523	Unknown		repeat:TE:ClassII	0.5390969162995595	159	20.0	0.12578616352201258	242.0	weak_5p	1.0	4.199999809265137	0.6469456170846785	0.9855351378197169	0.042463372237397566	0.8036379438788179	6	2.933510750568377
rm2	rnd-5_family-1513	Unknown	repeat:TE:ClassI:LINE:Jockey	repeat:TE:ClassI:LINE:Jockey	0.7875111566559783	169	12.0	0.07100591715976332	600.0	weak_5p	0.9933333333333333	8.699999809265137	0.869222235917663	0.983329224701097	0.03611487735732775	0.9488475286577098	6	2.931732706666385
pantera	Unknown_308-fGobNig	Unknown	repeat:TE:ClassI:LINE:Jockey	repeat:TE:ClassI:LINE:Jockey	0.8296931944480344	786	44.0	0.05597964376590331	678.0	len_inconsistent	1.0	14.600000381469727	0.8878451291780137	0.39533674000183594	0.10283243066817621	0.999275827953041	6	2.9266345456660368
rm2	rnd-5_family-5355	DNA/hAT-Ac		repeat:TE:ClassII:TIR:hAT	0.9504304359900028	554	44.0	0.07942238267148015	471.0	len_inconsistent	1.0	15.199999809265137	0.9637112897303032	0.3192786323391407	0.029368803296748132	0.9158023583173528	6	2.9264425985556315
rm2	rnd-4_family-269	Unknown		repeat:TE:ClassII:TIR:CACTA	0.4220391617234134	647	20.0	0.030911901081916538	233.0	weak_3p	1.0	13.0	0.6336018378075898	0.9914883590793291	0.22036019850678135	0.8004329450572106	6	2.9261201925509
rm2	rnd-5_family-1862	DNA/PIF-Harbinger		repeat:TE:ClassII:TIR:PIFHarbinger	0.9944914684938869	244	9.0	0.036885245901639344	233.0	len_inconsistent+weak_5p	1.0	15.100000381469727	0.9957435588368239	0.976118728341118	0.0015067048365225253	0.3042413741148109	6	2.926104796617267
rm2	rnd-5_family-22035	Unknown		repeat:TE:ClassI:LTR	0.5399859869447992	2660	22.0	0.008270676691729323	915.0	len_inconsistent+weak_5p	1.0	17.100000381469727	0.8033837787011271	0.7760422622904992	0.17977356764380742	0.9403073736642142	6	2.9218487218138325
rm2	ltr-1_family-275	LTR/Unknown	repeat:TE:ClassI:LTR	repeat:TE:ClassI:LTR	0.9998219690226099	28	9.0	0.32142857142857145	401.0	len_inconsistent	1.0	13.75	0.9874464176362523	0.9797917942437232	0.004439681567666871	0.8801285976729945	6	2.9214807213193006
rm2	rnd-5_family-515	DNA/hAT-hAT5		repeat:TE:ClassII:TIR:hAT	0.7608294814478038	2000	30.0	0.015	560.0	len_inconsistent	1.0	15.899999618530273	0.8749853571679591	0.5684277112667807	0.2656373731930745	0.8025958812642036	6	2.9205343231544023
rm2	rnd-4_family-2415	DNA/hAT-Charlie		repeat:TE:ClassII:TIR:hAT	0.6574643809022408	886	13.0	0.014672686230248307	745.0	len_inconsistent	1.0	13.050000190734863	0.9539023976886636	0.8514014090758689	0.09209836092033799	0.39386333739538865	6	2.9192471590713693
pantera	L2_3-fGobNig	LINE/L2		repeat:TE:ClassI:LINE:Jockey	0.9993471483203133	3261	10.0	0.0030665440049064702	3464.0	len_inconsistent	1.0	21.5	0.98289922073629	0.9351176673618302	0.008124419684308264	0.9937994331743694	6	2.91801688809812
rm2	rnd-5_family-94	LINE/L2		repeat:TE:ClassI:LINE:Jockey	0.987627365356623	183	9.0	0.04918032786885246	185.0	len_inconsistent+weak_5p+weak_3p	1.0	16.5	0.9770211122554068	0.9792095777548918	0.09095005149330587	0.1976699279093718	6	2.9104731994496236
rm2	rnd-4_family-3113	LINE/L2		repeat:TE:ClassI:LINE:Jockey	0.9986051502145923	81	9.0	0.1111111111111111	1446.0	len_inconsistent	1.0	11.5	0.969896434749399	0.9827241480017074	0.007773010131871588	0.22665288792038282	6	2.9068630921904313
rm2	rnd-3_family-398	DNA/hAT-Tip100		repeat:TE:ClassII:TIR:hAT	0.9851648504006877	1357	46.0	0.03389830508474576	867.0	len_inconsistent	1.0	15.0	0.7420419851844839	0.4980277534534037	0.009269558769002595	0.7864727553862053	6	2.9028275703194617
rm2	rnd-4_family-277	LINE/L2		repeat:TE:ClassI:LINE:Jockey	0.9921345267154869	154	10.0	0.06493506493506493	334.0	len_inconsistent	1.0	11.899999618530273	0.9489285526246511	0.9528247248986469	0.024903911967567	0.6295477281103564	6	2.901753277523298
rm2	rnd-5_family-2758	LINE/Penelope		repeat:TE:ClassI:PLE	0.99905137186223	230	9.0	0.0391304347826087	1481.0	len_inconsistent	1.0	12.25	0.9730392473187667	0.9728843746370172	0.0020133448627440856	0.9114386381528852	6	2.9001661313951086
rm2	rnd-4_family-5527	LINE/L2		repeat:TE:ClassI:LINE:Jockey	1.0	117	9.0	0.07692307692307693	449.0	len_inconsistent+weak_5p	1.0	15.199999809265137	0.9727978679410008	0.9720167256352525	0.006570785277765014	0.901300372191334	6	2.8990571030155783
rm2	rnd-4_family-185	Unknown	repeat:TE:ClassII	repeat:TE:ClassII	0.9732640337087063	494	36.0	0.0728744939271255	962.0	len_inconsistent	1.0	13.199999809265137	0.6639561804732057	0.678369755491558	0.019368682590773054	0.9816548082895703	6	2.898628436732051
rm2	ltr-1_family-382	LTR/Unknown	repeat:TE:ClassI:LTR	repeat:TE:ClassI:LTR	0.9978619041629984	39	8.0	0.20512820512820512	818.0	len_inconsistent	1.0	15.5	0.9976920740965685	0.9973276647433951	0.12918311569996963	0.968478590950501	6	2.8981097258319073
rm2	rnd-5_family-3181	LTR/Gypsy		repeat:TE:ClassI:LTR:Gypsy	1.0	175	8.0	0.045714285714285714	7818.0	len_inconsistent	1.0	19.700000762939453	0.9990717676364149	0.9948594726700193	0.18935352728298163	0.9989953940875124	6	2.897021227298378
rm2	rnd-4_family-410	DNA/TcMar-Tc1		repeat:TE:ClassII	0.46697030424485336	1189	39.0	0.03280067283431455	550.0	len_inconsistent+weak_5p	1.0	10.300000190734863	0.9693441908103558	0.33214854326596427	0.009841701230085893	0.9461672632870572	6	2.8925573411028194
fastltr	CONS_42-6961_clus8_tsdl5_tsdc0.75_tsdmDWDAY	LTR/Pao		repeat:TE:ClassI:LTR:BelPao	0.9988902760438341	36	6.0	0.16666666666666666	6961.0	ok	1.0	8.449999809265137	0.999858276643991	0.11352040816326531	0.0005511463844797178	1.0	6	2.8915299351909
rm2	rnd-3_family-85	DNA/hAT-Ac		repeat:TE:ClassII:TIR:hAT	0.8360818350898946	1151	58.0	0.05039096437880104	527.0	len_inconsistent+weak_3p	1.0	10.699999809265137	0.991078408133829	0.13440890041002002	0.0031621470322720554	0.9062652874931285	6	2.888915302106786
rm2	rnd-5_family-1374	LINE/L1		repeat:TE:ClassI:LINE:L1	0.9988962472406181	186	11.0	0.05913978494623656	1549.0	len_inconsistent	1.0	11.200000762939453	0.9243170836722001	0.9227064695657721	0.047600822848394966	0.9586024334625014	6	2.8884162383961973
fastltr	CONS_27-7040_clus9_tsdl4_tsdc0.67_tsdmNHBD	LTR/Gypsy		repeat:TE:ClassI:LTR:Gypsy	0.9999768094431948	60	8.0	0.13333333333333333	7040.0	len_inconsistent	1.0	12.800000190734863	0.99255765802036	0.992074538448266	2.3005693909242537e-05	0.9999539886121815	6	2.8877221834605695
rm2	rnd-5_family-704	LINE/L2		repeat:TE:ClassI:LINE:Jockey	0.9552487961476726	245	15.0	0.061224489795918366	344.0	len_inconsistent	1.0	14.5	0.849787500870898	0.861492370932906	0.012366752595276248	0.6810771267330872	6	2.8873711308594854
rm2	rnd-4_family-1013	DNA/hAT		repeat:TE:ClassII:TIR:hAT	0.9934269495070213	371	11.0	0.029649595687331536	792.0	len_inconsistent	1.0	6.199999809265137	0.9618489376658126	0.8828938119317022	0.25366771728532234	0.9139928799800459	6	2.88613543475574
pantera	Gypsy_12-fGobNig	LTR/Gypsy		repeat:TE:ClassI:LTR:Gypsy	0.9989134133090406	72	8.0	0.1111111111111111	7041.0	len_inconsistent	1.0	13.200000762939453	0.9917174813317247	0.9905109727068184	0.0	0.9998152193997891	6	2.8853184410304866
rm2	rnd-5_family-315	LTR/Ngaro		repeat:TE:ClassI:DIRS	0.47532960257991086	1182	27.0	0.02284263959390863	463.0	len_inconsistent	1.0	12.199999809265137	0.8208394160583942	0.632963503649635	0.007240875912408759	0.7518175182481752	6	2.8851666838670167
rm2	rnd-4_family-1484	Unknown	repeat:TE:ClassII:TIR:CACTA	repeat:TE:ClassII:TIR:CACTA	0.9732883772121381	293	10.0	0.034129692832764506	667.0	weak_5p	1.0	12.699999809265137	0.884693749608175	0.9973042442480096	0.0034637326813365932	0.8998338662152843	6	2.8819979938561846
rm2	rnd-4_family-1102	DNA/hAT		repeat:TE:ClassII:TIR:hAT	0.9908466819221968	282	21.0	0.07446808510638298	279.0	len_inconsistent	1.0	16.150001525878906	0.9923085065095438	0.5621141022474685	0.0035987721836079453	0.49955897399710686	6	2.8766419034909316
rm2	rnd-4_family-158	DNA/hAT-Charlie		repeat:TE:ClassII:TIR:hAT	0.6623730396544344	1089	51.0	0.046831955922865015	310.0	len_inconsistent+weak_5p	1.0	8.699999809265137	0.9561119837383351	0.21233981762485873	0.013120206966645108	0.9702982963631582	6	2.87602197746113
rm2	rnd-5_family-6686	LINE/Rex-Babar		repeat:TE:ClassI:LINE:RTE	0.9925897035881436	117	9.0	0.07692307692307693	251.0	weak_3p	1.0	10.699999809265137	0.9632415664986429	0.9568825126017836	0.0008530438154323381	0.2419542458317177	6	2.8743665885397514
rm2	ltr-1_family-315	LTR/Pao		repeat:TE:ClassI:LTR:BelPao	1.0	25	7.0	0.28	6223.0	ok	1.0	17.100000381469727	0.9995199969279803	0.020448130868037557	0.0	0.9985791909068218	6	2.8650661678102747
rm2	rnd-4_family-1007	LINE/L2		repeat:TE:ClassI:LINE:Jockey	0.9938827483000341	283	9.0	0.03180212014134275	919.0	len_inconsistent	1.0	12.300000190734863	0.9612909776249159	0.9478126229487391	0.0032236366174660186	0.5355932633609585	6	2.86334611001298
rm2	rnd-4_family-1287	DNA/PIF-ISL2EU		repeat:TE:ClassII:TIR:PIFHarbinger	0.9576727800227955	516	27.0	0.05232558139534884	624.0	len_inconsistent	1.0	8.699999809265137	0.7173934867285066	0.713136971449223	0.06098662811709433	0.4806348632694856	6	2.8618942223367165
rm2	rnd-5_family-3486	DNA/TcMar-Tc1		repeat:TE:ClassII:TIR:Tc1Mariner	0.984251968503937	139	25.0	0.17985611510791366	342.0	len_inconsistent	1.0	10.100000381469727	0.9913602872423982	0.4706212364887609	0.06103900961214796	0.6386281183378838	6	2.859921532403197
pantera	Pao_6-fGobNig	LTR/Pao		repeat:TE:ClassI:LTR:BelPao	0.9223771983020013	114	7.0	0.06140350877192982	7662.0	ok	1.0	22.399999618530273	0.9974857207916659	0.01677451185031974	0.00037002599669822955	0.998870946317767	6	2.8593582726562423
rm2	rnd-5_family-3389	DNA	repeat:TE:ClassII	repeat:TE:ClassII	0.9982561221244567	374	12.0	0.03208556149732621	3575.0	weak_5p	1.0	8.5	0.8897212716468664	0.8883791982945743	0.16141129154062253	0.9257544307839694	6	2.8572817159890658
rm2	rnd-5_family-4268	Unknown	repeat:TE:ClassII:TIR:PIFHarbinger	repeat:TE:ClassII:TIR:PIFHarbinger	0.9574933203789167	93	10.0	0.10752688172043011	637.0	len_inconsistent	1.0	8.0	0.8627930511047394	0.9937594872659807	0.007294653398549502	0.8742199359082476	6	2.85655253837072
rm2	rnd-5_family-452	LINE/L2		repeat:TE:ClassI:LINE:Jockey	0.9877785121374721	380	15.0	0.039473684210526314	1065.0	len_inconsistent	1.0	20.950000762939453	0.8367148317065201	0.8436270122046516	0.008020402654049984	0.7905389085432561	6	2.8564331029668533
rm2	rnd-4_family-139	LINE/L2		repeat:TE:ClassI:LINE:Jockey	0.9502263748305794	651	21.0	0.03225806451612903	550.0	len_inconsistent+weak_5p	1.0	12.699999809265137	0.755435817371768	0.7766650165644873	0.020315296447203077	0.883572598149347	6	2.8543201286701745
rm2	rnd-5_family-1595	LINE/L2		repeat:TE:ClassI:LINE:Jockey	0.9666976194496032	349	29.0	0.0830945558739255	457.0	len_inconsistent	1.0	13.0	0.6892463041939987	0.7025569431429173	0.04023790854673067	0.7505402665952686	6	2.8542012452358723
rm2	rnd-4_family-1858	Unknown	repeat:TE:ClassII:Helitron	repeat:TE:ClassII:Helitron	0.8712834944328888	269	14.0	0.05204460966542751	505.0	len_inconsistent	1.0	10.800000190734863	0.7135835054701247	0.9941090964731084	0.008740723739576161	0.787487567898401	6	2.853820637621471
rm2	rnd-5_family-513	LINE/L1		repeat:TE:ClassI:LINE:L1	0.9996990489948236	78	8.0	0.10256410256410256	1389.0	len_inconsistent	1.0	5.400000095367432	0.9838034967285209	0.9646572991526333	0.001903893596481819	0.9263649040008581	6	2.8515507828730975
rm2	rnd-5_family-4757	DNA/hAT-Tip100		repeat:TE:ClassII:TIR:hAT	0.9650993698497334	185	8.0	0.043243243243243246	292.0	len_inconsistent	1.0	17.899999618530273	0.9865836861704841	0.9600571341121257	0.0017344284038157424	0.14518185991940008	6	2.8497308072745535
rm2	ltr-1_family-66	LTR/ERV1		repeat:TE:ClassI:LTR	0.666505713825849	404	7.0	0.017326732673267328	13261.0	ok	1.0	15.199999809265137	0.9367322394983248	0.06780631675400166	0.09825902700226212	0.9989083125733758	6	2.8496365962665835
rm2	ltr-1_family-212	LTR/Pao		repeat:TE:ClassI:LTR:BelPao	1.0	9	7.0	0.7777777777777778	5826.0	ok	1.0	0.6000000238418579	1.0	0.0029339135962445904	0.0	0.9984841446419402	6	2.8480319536105014
rm2	rnd-4_family-1268	DNA/TcMar-Tc1		repeat:TE:ClassII:TIR:Tc1Mariner	0.964909503456282	582	13.0	0.022336769759450172	604.0	len_inconsistent	1.0	10.0	0.8855896181404952	0.8470566803726644	0.004476135949617446	0.317337219590902	6	2.8465896508199964
fastltr	CONS_49-6970_clus7_tsdl5_tsdc0.8_tsdmBVVAB	LTR/Pao		repeat:TE:ClassI:LTR:BelPao	0.98	26	7.0	0.2692307692307692	6970.0	ok	1.0	8.25	1.0	0.0007952412762032001	0.00017495308076470402	1.0	6	2.84589328129046
rm2	rnd-4_family-1332	LINE/Dong-R4		repeat:TE:ClassI:LINE:R2	0.9996640886805883	296	7.0	0.02364864864864865	1905.0	len_inconsistent	1.0	4.699999809265137	0.9987547793325298	0.9983716345117697	0.02901523798880898	0.9996647482818349	6	2.842224453858556
rm2	ltr-1_family-56	LTR/Pao				22	7.0	0.3181818181818182	6330.0	ok	1.0	20.049999237060547	0.9948625541540467	0.0009968178507073573	0.01025572211785454	0.9990031821492926	6	2.840957412019011
rm2	ltr-1_family-250	LTR/Gypsy		repeat:TE:ClassI:LTR:Gypsy	1.0	14	7.0	0.5	2331.0	len_inconsistent	1.0	12.649999618530273	0.9974756350854769	0.9974756350854769	0.07560313149065345	0.999552644192363	6	2.8400493101852105
fastltr	CONS_39-7531_clus5_tsdl5_tsdc0.8_tsdmYARVB	LTR/Pao		repeat:TE:ClassI:LTR:BelPao	0.957670944263551	48	5.0	0.10416666666666667	7531.0	ok	1.0	20.100000381469727	0.9968440158205559	0.14158584818767947	0.002289104404832855	0.9998510050387387	6	2.8373998683442543
pantera	Unknown_81-fGobNig	Unknown	repeat:TE:ClassI:LINE:Jockey	repeat:TE:ClassI:LINE:Jockey	0.6246912479947034	2090	20.0	0.009569377990430622	1403.0	len_inconsistent	1.0	10.800000190734863	0.7800738147420754	0.7557993908860615	0.01810738242298314	0.9893879448571619	6	2.836903201292118
pantera	Gypsy_3-fGobNig	LTR/Gypsy		repeat:TE:ClassI:LTR:Gypsy	0.9998956088613163	195	7.0	0.035897435897435895	8133.0	len_inconsistent	1.0	19.200000762939453	0.9966737784099328	0.9942291166622218	0.08497792396361158	0.9992740095415888	6	2.8360009350864113
rm2	rnd-5_family-6761	LINE/L2		repeat:TE:ClassI:LINE:Jockey	0.9563915326550706	208	19.0	0.09134615384615384	591.0	len_inconsistent	1.0	9.899999618530273	0.7669256381798002	0.7899108517417923	0.02547348823887437	0.6464501808026923	6	2.8355900908744216
rm2	ltr-1_family-114	LTR/ERV1		repeat:TE:ClassI:LTR	0.999113475177305	41	8.0	0.1951219512195122	2774.0	len_inconsistent	1.0	4.099999904632568	0.9652780741815699	0.9651927098894533	0.10875410815655812	0.9977165051858807	6	2.8335607710629667
pantera	L2_1-fGobNig	LINE/L2		repeat:TE:ClassI:LINE:Jockey	0.9859914444972562	2392	8.0	0.0033444816053511705	3551.0	len_inconsistent+weak_3p	1.0	20.0	0.9636479785842484	0.9651369625048232	0.02828589131698226	0.961195157760248	6	2.831874928081015
rm2	rnd-1_family-520	Unknown	repeat:TE:ClassI:LTR	repeat:TE:ClassI:LTR	0.8458759783263095	11	9.0	0.8181818181818182	204.0	len_inconsistent	1.0	9.100000381469727	0.876010781671159	0.9997304582210242	0.004582210242587601	0.8956873315363881	6	2.8299837493315083
rm2	rnd-5_family-5911	LTR/Gypsy		repeat:TE:ClassI:LTR:Gypsy	0.9999737976391673	75	7.0	0.09333333333333334	2241.0	len_inconsistent+weak_5p	1.0	10.800000190734863	0.9909533212022662	0.9904371055790003	0.006749519274200834	0.9946184521274536	6	2.8264884667955235
rm2	rnd-3_family-544	SINE/tRNA-Meta		repeat:TE:ClassI:SINE:tRNA	0.8172514171901333	939	14.0	0.014909478168264111	825.0	len_inconsistent+weak_3p	1.0	17.899999618530273	0.8511736887821303	0.8279036599358733	0.004080297684792983	0.3470773058239413	6	2.8252053843962415
rm2	rnd-4_family-2786	DNA/Academ-1		repeat:TE:ClassII:TIR:Academ	0.9440628066732091	205	8.0	0.03902439024390244	698.0	weak_3p	1.0	12.5	0.9769760885454736	0.9422835961156939	0.007961783439490446	0.1641171556854965	6	2.822349671653111
rm2	rnd-4_family-3150	Unknown	repeat:TE:ClassII	repeat:TE:ClassII	0.9937753282541741	212	7.0	0.0330188679245283	1424.0	len_inconsistent	1.0	9.199999809265137	0.983243251861418	0.9930166929736451	0.03156837422872722	0.9905454313547297	6	2.8213579848493198
rm2	rnd-5_family-8655	Unknown	repeat:TE:ClassI:LTR	repeat:TE:ClassI:LTR	0.8800747585920465	83	10.0	0.12048192771084337	654.0	len_inconsistent+weak_3p	0.9984709480122325	11.600000381469727	0.8225108225108225	0.9975794814504492	0.013405948889819858	0.8990364474235442	6	2.8200903039612717
rm2	rnd-4_family-864	Unknown	repeat:TE:ClassII:TIR:CACTA	repeat:TE:ClassII:TIR:CACTA	0.7482890648120746	643	10.0	0.015552099533437015	1032.0	len_inconsistent+weak_5p	1.0	12.800000190734863	0.8423606811145511	0.9755030959752322	0.026571207430340558	0.8614009287925697	6	2.8178637770897836
rm2	rnd-3_family-482	SINE/5S-Deu-L2		repeat:TE:ClassI:SINE:5S	0.8741984871682154	1169	19.0	0.016253207869974338	167.0	len_inconsistent+weak_3p	1.0	19.100000381469727	0.7663292300783882	0.7720497076308828	0.006062144300510548	0.8719335409365574	6	2.8171325386621
rm2	rnd-2_family-825	Unknown		repeat:TE:ClassII:TIR:CACTA	0.47420236435665397	1513	11.0	0.007270323859881031	709.0	len_inconsistent+weak_3p	1.0	12.899999618530273	0.7920762243682647	0.982909784901491	0.008577393849818479	0.9280589476100963	6	2.816378694427981
pantera	Pao_5-fGobNig	LTR/Pao		repeat:TE:ClassI:LTR:BelPao	1.0	44	6.0	0.13636363636363635	7680.0	ok	1.0	12.75	0.9996238530877631	0.03840728650304276	0.002068808017302758	1.0	6	2.8161823899744496
rm2	rnd-5_family-12273	PLE		repeat:TE:ClassI:PLE	0.9954700340749649	355	9.0	0.02535211267605634	570.0	len_inconsistent	1.0	15.199999809265137	0.9292526966219562	0.9321592352573902	0.00887032531702801	0.6049045148233471	6	2.8156544413186713
fastltr	CONS_58-7690_clus6_tsdl5_tsdc0.67_tsdmMKMWM	LTR/Pao		repeat:TE:ClassI:LTR:BelPao	0.9865079365079366	41	6.0	0.14634146341463414	7690.0	ok	1.0	9.600000381469727	0.9996197460446798	0.034263597474027296	0.0025531337000067903	0.9999592585047872	6	2.812034593902351
pantera	Pao_3-fGobNig	LTR/Pao		repeat:TE:ClassI:LTR:BelPao	0.9973299050632911	96	5.0	0.052083333333333336	7849.0	ok	1.0	14.100000381469727	0.9930669032167702	0.1182244735982072	0.005100611606517578	0.9998015780381904	6	2.810261381150996
rm2	rnd-4_family-1842	LINE/Penelope		repeat:TE:ClassI:PLE	0.9973229992606379	335	7.0	0.020895522388059702	664.0	len_inconsistent	1.0	15.699999809265137	0.9832540977790393	0.9815333853686227	0.0016320158944156673	0.7142553040516568	6	2.8098855231619186
rm2	rnd-3_family-232	DNA/hAT-Ac		repeat:TE:ClassII:TIR:hAT	0.9482447083118224	718	20.0	0.027855153203342618	662.0	len_inconsistent+weak_3p	1.0	15.300000190734863	0.9046081419561216	0.6020988622989407	0.002368953133959019	0.5148097293056101	6	2.807736999919044
rm2	rnd-5_family-7878	Unknown	repeat:TE:ClassII:TIR:CACTA	repeat:TE:ClassII:TIR:CACTA	0.93202416918429	158	17.0	0.10759493670886076	124.0	weak_3p	1.0	11.449999809265137	0.6347974252177205	0.9423513820522529	0.000473305566073457	0.6216395304808785	6	2.8075977286482474
rm2	rnd-3_family-50	LINE/Rex-Babar		repeat:TE:ClassI:LINE:RTE	0.9990058851598537	252	7.0	0.027777777777777776	712.0	len_inconsistent	1.0	13.600000381469727	0.9803218727139722	0.9798463789319678	0.013295537673738112	0.9399780541331383	6	2.805266291660197
pantera	Unknown_108-fGobNig	DNA	repeat:TE:ClassII	repeat:TE:ClassII	0.828086735107608	1378	30.0	0.02177068214804064	1276.0	len_inconsistent+weak_3p	1.0	10.5	0.6676381531828592	0.6590401429574319	0.011778387616028818	0.9968089858957176	6	2.8037995508599534
pantera	Unknown_49-fGobNig	Unknown	repeat:TE:ClassI:LINE:RTE	repeat:TE:ClassI:LINE:RTE	0.6839473017685347	3304	18.0	0.005447941888619854	1749.0	len_inconsistent	1.0	19.700000762939453	0.9267737513899703	0.6216245798993499	0.007669402244351186	0.9971441862547794	6	2.803670836392626
rm2	rnd-1_family-413	LINE/Rex-Babar		repeat:TE:ClassI:LINE:RTE	0.9954113405440839	61	7.0	0.11475409836065574	336.0	len_inconsistent+weak_5p	1.0	12.300000190734863	0.9583175085453854	0.9978161792631979	0.00047474363843524496	0.5815609570831751	6	2.8012317278228402
rm2	ltr-1_family-142	LTR/Unknown	repeat:TE:ClassI:LTR	repeat:TE:ClassI:LTR	0.863659880671543	1820	30.0	0.016483516483516484	1963.0	len_inconsistent	0.999490575649516	19.5	0.6460030530427946	0.6777326721466439	0.053128451116134935	0.966768332787783	6	2.800856979909101
rm2	rnd-5_family-3401	LINE/L2		repeat:TE:ClassI:LINE:Jockey	0.9988739613263959	165	7.0	0.04242424242424243	809.0	len_inconsistent	1.0	15.100000381469727	0.9783544398278308	0.9771602020252282	0.008036225213345608	0.6635981389794243	6	2.8006126818673156
rm2	rnd-5_family-1565	LINE/L2		repeat:TE:ClassI:LINE:Jockey	0.9983567888473669	131	15.0	0.11450381679389313	2377.0	len_inconsistent	1.0	23.600000381469727	0.947729014948256	0.6766361632809506	0.01278027980068992	0.7752970486776543	6	2.800456437284888
rm2	rnd-5_family-1821	DNA/PIF-ISL2EU		repeat:TE:ClassII:TIR:PIFHarbinger	0.91301247771836	166	8.0	0.04819277108433735	788.0	weak_5p	1.0	13.050000190734863	0.9065487847022232	0.9899205160695772	2.8798525515493607e-05	0.09085934800138233	6	2.799559287763744
rm2	ltr-1_family-260	LTR/Pao		repeat:TE:ClassI:LTR:BelPao	1.0	14	6.0	0.42857142857142855	5863.0	ok	1.0	20.400001525878906	1.0	0.017055679406945825	0.0	0.9981198463645886	6	2.7952069297905897
rm2	rnd-4_family-4323	LINE/L2		repeat:TE:ClassI:LINE:Jockey	0.9581275084902747	372	20.0	0.053763440860215055	803.0	len_inconsistent	1.0	16.799999237060547	0.7345581475522869	0.7568518731326132	0.05425476901861641	0.615361411169846	6	2.792440016348881
rm2	rnd-5_family-4015	SINE/5S-Deu-L2		repeat:TE:ClassI:SINE:5S	0.42537894707349194	2352	18.0	0.007653061224489796	3139.0	len_inconsistent	1.0	16.799999237060547	0.7695751699993267	0.7664720319739508	0.26040958973699835	0.7796527178470221	6	2.7913197070765836
rm2	rnd-5_family-10505	Unknown	repeat:TE:ClassII:TIR:Mutator	repeat:TE:ClassII:TIR:Mutator	0.8169509524125572	149	10.0	0.06711409395973154	625.0	len_inconsistent	1.0	10.5	0.7950106913756236	0.995295794725588	0.045302922309337135	0.8638346400570207	6	2.790306486101212
rm2	rnd-5_family-3314	LINE/L2		repeat:TE:ClassI:LINE:Jockey	0.9544906570223026	91	11.0	0.12087912087912088	291.0	len_inconsistent+weak_5p	0.9965635738831615	13.199999809265137	0.960536425228749	0.7832646504155899	0.0018160229098274777	0.44848781169239366	6	2.785193760802564
rm2	ltr-1_family-240	LTR/Pao		repeat:TE:ClassI:LTR:BelPao	1.0	13	6.0	0.46153846153846156	6075.0	ok	1.0	2.9000000953674316	1.0	0.006290115532734275	0.0021566110397946083	0.9988446726572529	6	2.784441365916378
rm2	rnd-3_family-603	Unknown	repeat:TE:ClassII:TIR:CACTA	repeat:TE:ClassII:TIR:CACTA	0.7540718369107972	115	11.0	0.09565217391304348	179.0	weak_5p+weak_3p	1.0	12.199999809265137	0.7452004041764904	0.9934321320309869	0.0	0.7872179184910745	6	2.7800252213657024
rm2	rnd-1_family-559	LINE/L2		repeat:TE:ClassI:LINE:Jockey	0.9688449919981819	3647	13.0	0.003564573622155196	858.0	len_inconsistent+weak_5p	0.9988344988344988	8.600000381469727	0.8499330399846948	0.8159969389707289	0.06837880237229768	0.9921224411708437	6	2.7798733312622605
rm2	rnd-5_family-634	LINE/Rex-Babar		repeat:TE:ClassI:LINE:RTE	0.8957541775794017	310	8.0	0.025806451612903226	622.0	len_inconsistent	1.0	10.899999618530273	0.9188991604565607	0.9539666069238751	0.004598622771436657	0.6853362890293369	6	2.7759557543723794
rm2	rnd-5_family-6008	LINE/L2		repeat:TE:ClassI:LINE:Jockey	0.9902140248694125	1290	8.0	0.006201550387596899	5001.0	len_inconsistent	1.0	13.0	0.9399529003714762	0.9318553115177314	0.021638239380413257	0.9207859134667494	6	2.774898198881151
rm2	rnd-4_family-271	DNA/hAT-Ac		repeat:TE:ClassII:TIR:hAT	0.9633525061626952	763	19.0	0.02490170380078637	344.0	len_inconsistent+weak_5p	0.997093023255814	14.100000381469727	0.9751537812085393	0.5206302562471903	0.19757458799793862	0.67953202267519	6	2.7745376384085585
rm2	rnd-3_family-699	DNA/hAT-Ac		repeat:TE:ClassII:TIR:hAT	0.9019192422731804	616	34.0	0.05519480519480519	439.0	len_inconsistent	1.0	12.850000381469727	0.9731257554689133	0.2692604811371341	0.01745871617998564	0.8036644218447528	6	2.7738651536483028
rm2	rnd-4_family-147	LINE/L1		repeat:TE:ClassI:LINE:L1	0.9998318762609281	153	6.0	0.0392156862745098	3910.0	len_inconsistent	1.0	22.5	0.9955218909216516	0.9951024537077016	0.0030224152181690333	0.44515858427603905	6	2.768775595012997
rm2	rnd-4_family-148	Unknown	repeat:TE:ClassII:TIR:CACTA	repeat:TE:ClassII:TIR:CACTA	0.8656514588536274	469	9.0	0.019189765458422176	637.0	len_inconsistent+weak_5p	1.0	14.399999618530273	0.8172400575980773	0.9946234888274234	0.00976888253514415	0.8557251038526483	6	2.7661060558648254
rm2	rnd-5_family-3803	LINE/L2		repeat:TE:ClassI:LINE:Jockey	0.9674170115719233	479	13.0	0.027139874739039668	549.0	len_inconsistent	1.0	12.800000190734863	0.8256263153342751	0.8254389252457693	0.015524548101594256	0.8571799233142099	6	2.7650085928868813
rm2	rnd-4_family-2048	DNA/hAT-Ac		repeat:TE:ClassII	0.6572859840537139	914	14.0	0.015317286652078774	377.0	len_inconsistent	1.0	14.5	0.96112744678219	0.6543149961460504	0.0032925100155109578	0.7085081884533767	6	2.7615704786064783
rm2	rnd-4_family-1495	LINE/L1		repeat:TE:ClassI:LINE:L1	0.9932776162790697	181	6.0	0.03314917127071823	676.0	len_inconsistent+weak_5p	1.0	13.399999618530273	0.990383921917446	0.9913455297257013	0.005240762554991947	0.1409717046902421	6	2.759880702026791
rm2	rnd-3_family-130	DNA/TcMar		repeat:TE:ClassII:TIR:Tc1Mariner	0.7102515424774561	326	26.0	0.07975460122699386	255.0	len_inconsistent	1.0	12.399999618530273	0.9835721456603085	0.36098688813848073	0.0026771318183200997	0.767211219616075	6	2.759532381769607
rm2	ltr-1_family-364	LTR/Pao		repeat:TE:ClassI:LTR:BelPao	1.0	15	5.0	0.3333333333333333	6842.0	ok	1.0	13.699999809265137	1.0	0.06018382842680165	0.0	1.0	6	2.7591538327628204
rm2	ltr-1_family-458	LTR/Unknown	repeat:TE:ClassI:LTR	repeat:TE:ClassI:LTR	0.994550579392421	74	6.0	0.08108108108108109	796.0	len_inconsistent	1.0	11.949999809265137	0.9849928537398761	0.9959504525964745	0.026738923296808003	0.9547999047165316	6	2.7590945567199943
rm2	rnd-5_family-1839	Unknown		repeat:TE:ClassII:TIR:CACTA	0.2771850170261067	290	22.0	0.07586206896551724	468.0	len_inconsistent	0.9978632478632479	8.100000381469727	0.6348163887279205	0.7811473826540467	0.015367115231901788	0.7861052089369648	6	2.7583864522041734
rm2	rnd-4_family-1897	DNA/TcMar-Tc1		repeat:TE:ClassII:TIR:Tc1Mariner	0.8712871287128713	320	45.0	0.140625	249.0	len_inconsistent	1.0	9.699999809265137	0.9967822177594194	0.1068942696090737	0.00960770442045688	0.9000205390355782	6	2.7568890011438367
rm2	rnd-4_family-951	DNA/hAT-Charlie		repeat:TE:ClassII:TIR:hAT	0.5792966370660084	423	13.0	0.030732860520094562	428.0	len_inconsistent+weak_5p+weak_3p	1.0	12.399999618530273	0.8436354378818737	0.7971826205023761	0.028767820773930752	0.7322301425661915	6	2.7547614106910863
rm2	rnd-5_family-13303	LINE/Penelope		repeat:TE:ClassI:PLE	0.9898357382702605	279	7.0	0.025089605734767026	776.0	len_inconsistent	1.0	12.300000190734863	0.9542212638911926	0.9550742838186859	0.02575646281070066	0.3060208989882236	6	2.7543935877241355
rm2	rnd-4_family-1109	Unknown	repeat:TE:ClassII:TIR:PIFHarbinger	repeat:TE:ClassII:TIR:PIFHarbinger	0.609553825317252	734	13.0	0.017711171662125342	1295.0	len_inconsistent+weak_3p	1.0	15.25	0.6440482040743388	0.995320318084346	0.009052224803431022	0.8746705235882773	6	2.7533118744655214
fastltr	CONS_53-7671_clus6_tsdl0_tsdc0.0_tsdmnone	LTR/Pao		repeat:TE:ClassI:LTR	0.4654320987654321	76	6.0	0.07894736842105263	7671.0	ok	1.0	18.25	0.9616118435209227	0.013183376608472363	0.0017070966446226456	0.9984363568549255	6	2.752946470513039
rm2	rnd-1_family-398	Unknown	repeat:TE:ClassII	repeat:TE:ClassII	0.983352550376105	212	10.0	0.04716981132075472	1009.0	len_inconsistent+weak_5p	1.0	5.550000190734863	0.8724991326471608	0.8801511121390848	0.04023553448209398	0.9974654022589723	6	2.7526502447862455
rm2	rnd-5_family-3083	LINE/L2		repeat:TE:ClassI:LINE:Jockey	0.8886470173529084	518	8.0	0.015444015444015444	4917.0	len_inconsistent	1.0	21.700000762939453	0.9012101280372936	0.9465500175612248	0.0580398480155816	0.6988329767872538	6	2.750850132590462
rm2	rnd-4_family-2814	LINE/RTE-X		repeat:TE:ClassI:LINE:RTE	0.9995717752295761	178	6.0	0.033707865168539325	2089.0	len_inconsistent	0.9976065102920058	8.100000381469727	0.9852039859827235	0.9855789337063583	0.005422320926409299	0.9236837171740478	6	2.7489341700727254
rm2	rnd-5_family-2386	LINE/Rex-Babar		repeat:TE:ClassI:LINE:RTE	0.9984331189180273	88	6.0	0.06818181818181818	807.0	len_inconsistent	1.0	11.700000762939453	0.9823880452185726	0.9858813255057979	0.004900295958468779	0.6024452962010577	6	2.746420621108014
rm2	rnd-5_family-1083	LINE/L1		repeat:TE:ClassI:LINE:L1	0.9921461220343902	113	10.0	0.08849557522123894	3093.0	len_inconsistent	1.0	19.600000381469727	0.8702514138185394	0.8744313990656504	0.052418859109909025	0.9728147283009589	6	2.74468281288419
rm2	rnd-5_family-12288	LINE/Rex-Babar		repeat:TE:ClassI:LINE:RTE	0.9832044788056519	117	7.0	0.05982905982905983	372.0	len_inconsistent	1.0	11.800000190734863	0.945978232014866	0.9531457393151048	0.004512874966817096	0.29579240775152643	6	2.7442220113442275
pantera	Unknown_56-fGobNig	DNA	repeat:TE:ClassII	repeat:TE:ClassII	0.9991498683930877	514	21.0	0.04085603112840467	1630.0	len_inconsistent	1.0	18.799999237060547	0.7982595379932398	0.6232982875497208	0.02395936432052886	0.9478328260098228	6	2.7437771202768797
rm2	ltr-1_family-331	LTR/Gypsy		repeat:TE:ClassI:LTR:Gypsy	1.0	24	7.0	0.2916666666666667	6313.0	len_inconsistent	1.0	10.600000381469727	1.0	0.8985117790830103	0.0011516756881262238	0.9989251026910821	6	2.743609819097267
fastltr	CONS_123-6857_clus6_tsdl4_tsdc0.5_tsdmTMMR	LTR/Gypsy		repeat:TE:ClassI:LTR:Gypsy	0.9923261729790842	74	6.0	0.08108108108108109	6857.0	len_inconsistent	1.0	6.649999618530273	0.9828336892315372	0.9815441359993344	0.00812557197925622	0.9996256135777476	6	2.7425290756145153
rm2	rnd-4_family-88	LINE/Penelope		repeat:TE:ClassI:PLE	0.9327254070025545	968	10.0	0.010330578512396695	925.0	len_inconsistent+weak_5p	1.0	18.399999618530273	0.8526762939503685	0.8893923092853282	0.012152804085281773	0.8046560493789745	6	2.7420686032356967
rm2	rnd-4_family-354	DNA/hAT-Charlie		repeat:TE:ClassII:TIR:hAT	0.49590218997715974	646	15.0	0.02321981424148607	414.0	len_inconsistent+weak_5p	1.0	13.800000190734863	0.9105237981344176	0.6551542693135614	0.01297536474527625	0.7008849557522124	6	2.7417693265036602
rm2	rnd-5_family-4733	LINE/Rex-Babar		repeat:TE:ClassI:LINE:RTE	0.999745271604152	145	7.0	0.04827586206896552	462.0	weak_5p	1.0	19.100000381469727	0.9689022533495737	0.9231881851400731	0.0029689403166869672	0.6745204019488429	6	2.737188478503904
pantera	hAT_9-fGobNig	DNA	repeat:TE:ClassII	repeat:TE:ClassII	0.999064425866479	1473	9.0	0.006109979633401222	2174.0	len_inconsistent	1.0	15.699999809265137	0.9494814538625128	0.833412737868368	0.0025167785234899327	0.9710311541967023	6	2.737136701170206
rm2	rnd-5_family-2775	SINE/5S		repeat:TE:ClassI:SINE:5S	0.9915974842767296	128	6.0	0.046875	1011.0	len_inconsistent	1.0	7.149999618530273	0.9724900228689296	0.9845074211918748	0.13246042778350747	0.9067082193623605	6	2.7351486944444483
rm2	rnd-1_family-575	LINE/L2		repeat:TE:ClassI:LINE:Jockey	0.9809313652228191	1322	33.0	0.024962178517397883	763.0	len_inconsistent+weak_5p	1.0	16.399999618530273	0.6058772244730499	0.6094244149272612	0.01702651418021437	0.8766988050669265	6	2.7338155792781986
rm2	rnd-5_family-2794	Unknown		repeat:TE:ClassII:TIR:PIFHarbinger	0.5092670598146588	299	8.0	0.026755852842809364	379.0	len_inconsistent+weak_3p	1.0	8.800000190734863	0.8321725005006787	0.998108547141681	0.03658292351854736	0.8999532699882062	6	2.7333710346343034
rm2	rnd-5_family-3908	LINE/L1		repeat:TE:ClassI:LINE:L1	0.9677891654465594	50	8.0	0.16	430.0	len_inconsistent	1.0	4.949999809265137	0.9155204618780778	0.9145865172355239	0.007386653082017321	0.37536084224825944	6	2.7331969661055453
rm2	rnd-5_family-1473	LINE/L2		repeat:TE:ClassI:LINE:Jockey	1.0	117	6.0	0.05128205128205128	419.0	len_inconsistent+weak_5p	1.0	22.600000381469727	0.9802546922838	0.9739983138838355	0.011314726893552824	0.8784665217198385	6	2.732404256551279
rm2	rnd-5_family-2528	LINE/Rex-Babar		repeat:TE:ClassI:LINE:RTE	0.930379746835443	46	6.0	0.13043478260869565	587.0	weak_5p	0.9931856899488927	11.100000381469727	0.9547706224423864	0.9877234546629334	0.0	0.06332112858065905	6	2.7206453274889633
rm2	ltr-1_family-68	LTR/Pao		repeat:TE:ClassI:LTR:BelPao	1.0	8	5.0	0.625	6749.0	ok	1.0	0.20000000298023224	1.0	0.020627828710688176	0.0009574097713821515	0.9989845653939886	6	2.719597833046707
rm2	rnd-5_family-257	LINE/Rex-Babar		repeat:TE:ClassI:LINE:RTE	0.9787311436824649	290	8.0	0.027586206896551724	964.0	len_inconsistent	1.0	10.199999809265137	0.8955176110995535	0.9129766838963658	0.002352414024868377	0.8349149450303254	6	2.7115842819878626
fastltr	CONS_78-7390_clus5_tsdl5_tsdc0.8_tsdmVDHNV	LTR/Pao		repeat:TE:ClassI:LTR	0.4787234042553192	32	5.0	0.15625	7390.0	ok	1.0	9.700000762939453	0.9992468772961058	0.01100293901542983	0.0021675238795003673	0.9993570903747244	6	2.7092198206475544
fastltr	CONS_46-8666_clus5_tsdl3_tsdc1.0_tsdmWSA	LTR/Pao		repeat:TE:ClassI:LTR:BelPao	0.33689839572192515	29	5.0	0.1724137931034483	8666.0	ok	1.0	8.100000381469727	0.9974110989884793	0.007027017031270226	0.0014978641566654955	0.9998890470995062	6	2.7034081203557685
fastltr	CONS_61-7850_clus4_tsdl5_tsdc0.8_tsdmRWKRD	LTR/Pao		repeat:TE:ClassI:LTR:BelPao	0.9578059071729957	57	5.0	0.08771929824561403	7850.0	ok	1.0	8.800000190734863	0.9893049126474541	0.013270867552635509	0.008156637300283709	1.0	6	2.7015457845361084
pantera	Unknown_79-fGobNig	DNA	repeat:TE:ClassII	repeat:TE:ClassII	0.9780853517877739	135	15.0	0.1111111111111111	1406.0	len_inconsistent	1.0	15.600000381469727	0.7670318533661826	0.7583477485977879	0.23992241966766262	0.9991088745609896	6	2.7014708610196516
rm2	rnd-4_family-1431	LINE/L2		repeat:TE:ClassI:LINE:Jockey	0.9973489605134644	455	11.0	0.024175824175824177	1063.0	len_inconsistent+weak_5p	1.0	10.399999618530273	0.8363722753459643	0.823467024155983	0.0703552550081029	0.4805827302115239	6	2.7012319846601724
rm2	ltr-1_family-12	LTR/Gypsy		repeat:TE:ClassI:LTR:Gypsy	1.0	37	5.0	0.13513513513513514	4434.0	len_inconsistent	1.0	24.700000762939453	1.0	0.9996167297465626	0.0	0.9936520864274422	6	2.698586734082581
fastltr	CONS_15b-7853_clus6_tsdl2_tsdc0.29_tsdmAT	LTR/Gypsy		repeat:TE:ClassI:LTR:Gypsy	0.9393939393939394	144	5.0	0.034722222222222224	7853.0	ok	1.0	9.699999809265137	0.9978042189024848	0.0016890623827040012	0.02400345319420464	0.9992399219277832	6	2.698463285621208
fastltr	CONS_5-4376_clus6_tsdl5_tsdc0.8_tsdmBNRDM	LTR/Gypsy		repeat:TE:ClassI:LTR:Gypsy	0.9971847140399354	38	5.0	0.13157894736842105	4376.0	len_inconsistent	1.0	19.0	0.9998959119415025	0.998256525020167	0.004579874573889511	1.0	6	2.6971224412976884
rm2	rnd-1_family-537	DNA/TcMar-Tc1		repeat:TE:ClassII:TIR:Tc1Mariner	0.7753990178023327	117	33.0	0.28205128205128205	472.0	len_inconsistent	1.0	5.400000095367432	0.6715104545087592	0.5055569010521783	0.005947095072791367	0.8451333387153198	6	2.695581295438825
rm2	rnd-5_family-9922	LINE/L2		repeat:TE:ClassI:LINE:Jockey	0.9957512503827702	972	6.0	0.006172839506172839	5338.0	len_inconsistent	1.0	9.899999618530273	0.9615095916214054	0.9557064659354044	0.04393238774368525	0.8767995354666931	6	2.6953673079404536
pantera	Pao_2-fGobNig	LTR/Pao		repeat:TE:ClassI:LTR:BelPao	0.9986956627739718	178	5.0	0.028089887640449437	2904.0	len_inconsistent	1.0	23.349998474121094	0.9985164648085997	0.9977382168393404	0.001203852327447833	0.9998054380076852	6	2.695224685983959
rm2	rnd-5_family-7615	LINE/Rex-Babar		repeat:TE:ClassI:LINE:RTE	0.9637305699481865	52	5.0	0.09615384615384616	372.0	weak_5p	1.0	15.100000381469727	0.9972141472868217	0.9989098837209303	0.0	0.07122093023255814	6	2.6950940353437707
rm2	ltr-1_family-438	LTR/Unknown	repeat:TE:ClassI:LTR	repeat:TE:ClassI:LTR	1.0	62	5.0	0.08064516129032258	814.0	len_inconsistent	1.0	18.700000762939453	0.9979382961490317	0.9964656505411973	7.363228039172373e-05	0.8213680877696782	6	2.693373951026248
rm2	rnd-5_family-1867	LINE/L1-Tx1		repeat:TE:ClassI:LINE:L1	0.997341603898981	146	6.0	0.0410958904109589	1445.0	len_inconsistent	1.0	11.299999237060547	0.9557169135443896	0.9570529576919353	0.025171846258108237	0.6547778100493755	6	2.6909211216199687
fastltr	CONS_104-5124_clus4_tsdl0_tsdc0.0_tsdmnone	LTR/Gypsy		repeat:TE:ClassI:LTR:Gypsy	0.9998835245472016	68	5.0	0.07352941176470588	5124.0	len_inconsistent	1.0	21.649999618530273	0.9992693431779727	0.9920204583910167	0.001076757421935087	0.9984617751115213	6	2.6902598059050082
rm2	rnd-3_family-224	Unknown	repeat:TE:ClassII:TIR:CACTA	repeat:TE:ClassII:TIR:CACTA	0.7379940586409475	524	12.0	0.022900763358778626	586.0	weak_5p	1.0	14.5	0.6140578731362668	0.9969002718755953	0.0028399743709629937	0.6530642284447677	6	2.6901393910594873
rm2	rnd-5_family-626	DNA/TcMar-Tc1		repeat:TE:ClassII:TIR:Tc1Mariner	1.0	336	5.0	0.01488095238095238	166.0	weak_5p	1.0	17.899999618530273	0.9994643198775588	0.9913908551750527	0.0	0.06148842548306868	6	2.68982517938863
rm2	rnd-5_family-1695	LINE/L2		repeat:TE:ClassI:LINE:Jockey	0.9884310814154912	215	13.0	0.06046511627906977	309.0	len_inconsistent+weak_3p	1.0	14.300000190734863	0.7899723291626564	0.784859239653513	0.017504812319538016	0.7013053416746872	6	2.688774921123006
pantera	Unknown_35-fGobNig	DNA	repeat:TE:ClassII	repeat:TE:ClassII	0.9990384927022676	527	5.0	0.009487666034155597	2355.0	len_inconsistent	1.0	15.199999809265137	0.9954232183242763	0.9940834110421557	0.10778481623203319	0.9980492405972325	6	2.688476633702451
rm2	rnd-1_family-494	Unknown		repeat:TE:ClassII:TIR:Mutator	0.45933626104841846	231	9.0	0.03896103896103896	241.0	len_inconsistent+weak_5p	1.0	7.599999904632568	0.7542613636363636	0.9792512175324676	0.21027800324675325	0.9333400974025974	6	2.687755090608156
pantera	hAT_35-fGobNig	Unknown	repeat:TE:ClassII:TIR:hAT	repeat:TE:ClassII:TIR:hAT	0.7501523865051811	1115	14.0	0.012556053811659192	1278.0	len_inconsistent	1.0	9.399999618530273	0.8967551622418879	0.6433483801314257	0.08299541795244532	0.9981892836193925	6	2.6862315780515518
rm2	rnd-5_family-7345	LINE/RTE-BovB		repeat:TE:ClassI:LINE:RTE	0.9994874886946036	177	5.0	0.02824858757062147	667.0	weak_5p	1.0	9.600000381469727	0.9940350306382517	0.9927335827775067	0.04896697576053359	0.9066211159915406	6	2.685738617751777
pantera	Unknown_300-fGobNig	Unknown	repeat:TE:ClassI:LINE:Jockey	repeat:TE:ClassI:LINE:Jockey	0.833990187404488	102	32.0	0.3137254901960784	695.0	len_inconsistent	1.0	3.0	0.84071895072057	0.3358611755815836	0.012279376045771036	0.9996761483240676	6	2.6817301046220594
fastltr	CONS_114-2905_clus5_tsdl5_tsdc0.75_tsdmHDMRK	LTR/Pao		repeat:TE:ClassI:LTR:BelPao	1.0	57	5.0	0.08771929824561403	2905.0	len_inconsistent	1.0	14.899999618530273	0.9993397887323944	0.9793133802816901	0.0012378961267605635	1.0	6	2.6776231733501032
pantera	L2_5-fGobNig	LINE/L2		repeat:TE:ClassI:LINE:Jockey	0.9988365792797248	11073	6.0	0.000541858574911948	2582.0	len_inconsistent+weak_3p	1.0	14.5	0.9738160639845681	0.9242236007120969	0.039673257236982666	0.9967658872622613	6	2.6761909150803085
rm2	rnd-5_family-14902	LINE/L1-Tx1		repeat:TE:ClassI:LINE:L1	0.9896825396825397	68	6.0	0.08823529411764706	637.0	len_inconsistent	1.0	12.050000190734863	0.9408501328332552	0.9549929676511955	0.01230661040787623	0.340365682137834	6	2.673994350868094
rm2	rnd-4_family-682	DNA/hAT-Charlie		repeat:TE:ClassII:TIR:hAT	0.8790370433160973	632	28.0	0.04430379746835443	1082.0	len_inconsistent	1.0	12.899999618530273	0.7555956658144818	0.4679007214152721	0.0034049434312491814	0.9351238704754964	6	2.670654418571973
rm2	rnd-4_family-1296	LINE/L2		repeat:TE:ClassI:LINE:Jockey	0.9725977347460724	119	6.0	0.05042016806722689	293.0	len_inconsistent+weak_3p	1.0	13.5	0.9363081329614834	0.9556795055400618	0.005577749302781337	0.25062184367226953	6	2.6701388888851887
pantera	Gypsy_19-fGobNig	LTR/Gypsy		repeat:TE:ClassI:LTR:Gypsy	0.9976231680869241	241	5.0	0.02074688796680498	9126.0	len_inconsistent	1.0	20.5	0.9993304923537976	0.9702600452714694	0.0030659199353871985	0.9999734322362618	6	2.668560541961286
rm2	rnd-5_family-4415	LINE/Rex-Babar		repeat:TE:ClassI:LINE:RTE	0.9831782390837509	89	6.0	0.06741573033707865	555.0	len_inconsistent	1.0	11.600000381469727	0.9374836789053116	0.9526818822792082	0.010079908079594715	0.19324176111140126	6	2.6683168115681637
rm2	rnd-4_family-505	LINE/L2		repeat:TE:ClassI:LINE:Jockey	0.9990645843500895	214	5.0	0.02336448598130841	1037.0	len_inconsistent	1.0	12.299999237060547	0.9846792917726217	0.9837790027324562	0.03814382512280259	0.7929335207619288	6	2.667428298841097
rm2	ltr-1_family-389	LTR/Unknown	repeat:TE:ClassI:LTR	repeat:TE:ClassI:LTR	1.0	22	5.0	0.22727272727272727	288.0	len_inconsistent	1.0	17.900001525878906	0.9819994461368042	0.9817225145389089	0.0	0.9027970091387427	6	2.662691965011732
rm2	rnd-5_family-4554	Unknown	repeat:TE:ClassII:TIR:CACTA	repeat:TE:ClassII:TIR:CACTA	0.8141989970968593	59	11.0	0.1864406779661017	142.0	len_inconsistent	1.0	9.800000190734863	0.6237878488026914	0.9974272709281615	0.09103502869582426	0.7524243023946171	6	2.6626078048890784
rm2	ltr-1_family-302	LTR/Gypsy		repeat:TE:ClassI:LTR:Gypsy	0.994325621999127	42	5.0	0.11904761904761904	2039.0	len_inconsistent	1.0	5.400000095367432	0.9815372102480683	0.9794225294835299	0.0	0.8590890605937372	6	2.6599297440676173
pantera	Unknown_70-fGobNig	Unknown		repeat:TE:ClassII:TIR:CACTA	0.42623515203622714	2152	14.0	0.006505576208178439	1445.0	len_inconsistent+weak_5p+weak_3p	1.0	12.600000381469727	0.6906150354352544	0.8208394123732914	0.0297398585516544	0.9825172420352991	6	2.6575824834867836
rm2	rnd-3_family-508	DNA/hAT-Ac		repeat:TE:ClassII:TIR:hAT	0.9400422609614368	204	19.0	0.09313725490196079	199.0	len_inconsistent+weak_3p	1.0	15.050000190734863	0.9752570425478558	0.39994148624926856	0.007105241160244086	0.7582964139429909	6	2.6539521297499533
rm2	rnd-4_family-1580	Unknown		repeat:TE:ClassI:LTR	0.5797583139613072	340	10.0	0.029411764705882353	654.0	len_inconsistent	1.0	12.0	0.6566460359563808	0.9938271604938271	0.04245669188197924	0.858434030847824	6	2.650473196450208
rm2	rnd-5_family-344	DNA/hAT-Ac		repeat:TE:ClassII:TIR:hAT	0.9461932765181295	717	18.0	0.02510460251046025	721.0	len_inconsistent	1.0	7.400000095367432	0.9600242639645952	0.43333390290996704	0.03869418860960648	0.8383456077097893	6	2.6486306719778683
rm2	rnd-4_family-4510	LINE/L2		repeat:TE:ClassI:LINE:Jockey	0.6222463949023385	1722	28.0	0.016260162601626018	3462.0	len_inconsistent	1.0	15.100000381469727	0.6659449950948886	0.5354158712976074	0.005076669550131206	0.8710898046170872	6	2.648518897734715
rm2	rnd-3_family-98	DNA/hAT-Charlie		repeat:TE:ClassII:TIR:hAT	0.7241287138891744	1554	21.0	0.013513513513513514	735.0	len_inconsistent+weak_3p	1.0	16.299999237060547	0.7923271930822202	0.5329324621294113	0.004549240020104706	0.6454968026913891	6	2.6474789499455507
rm2	rnd-3_family-2148	DNA/TcMar-Tc1		repeat:TE:ClassII:TIR:Tc1Mariner	0.9465227215666583	941	25.0	0.026567481402763018	373.0	weak_5p	1.0	14.600000381469727	0.9847061586332414	0.2623583631773616	0.002355721246991135	0.7961016849644807	6	2.645004530482641
rm2	ltr-1_family-516	LTR/ERV1		repeat:TE:ClassI:LTR:ERV	1.0	60	44.0	0.7333333333333333	6907.0	len_inconsistent	1.0	2.0	0.9999458562828861	0.00047252698572082514	0.01800770809645457	0.999675137697317	6	2.6438710597547943
rm2	rnd-5_family-12214	LINE/Rex-Babar		repeat:TE:ClassI:LINE:RTE	0.9993839968875632	121	5.0	0.04132231404958678	1021.0	len_inconsistent+weak_3p	1.0	8.300000190734863	0.9712284280308113	0.9704500925950778	0.006897662309777504	0.857376741190048	6	2.640648524961908
rm2	ltr-1_family-410	LTR/Unknown	repeat:TE:ClassI:LTR:Gypsy	repeat:TE:ClassI:LTR:Gypsy	0.8384615384615385	54	5.0	0.09259259259259259	553.0	len_inconsistent	1.0	17.399999618530273	0.9715014415613218	0.9697272122421823	0.0011088933244621868	0.9240408072743402	6	2.640198658139523
rm2	rnd-4_family-793	LINE/L2		repeat:TE:ClassI:LINE:Jockey	0.9674248265227448	126	29.0	0.23015873015873015	331.0	len_inconsistent	1.0	6.800000190734863	0.712185739799423	0.46192242524156246	0.005861611027155745	0.7756559967028438	6	2.6365061629399413
rm2	rnd-5_family-417	LINE/L1		repeat:TE:ClassI:LINE:L1	0.9485321033750641	113	7.0	0.061946902654867256	802.0	len_inconsistent+weak_5p	1.0	9.600000381469727	0.8820621043111245	0.9086523967440459	0.0071450105517033465	0.5031353632800724	6	2.635812541069427
rm2	rnd-5_family-3670	Unknown	repeat:TE:ClassII:TIR:Mutator	repeat:TE:ClassII:TIR:Mutator	0.9197171381031614	91	7.0	0.07692307692307693	1043.0	len_inconsistent	1.0	13.5	0.8350539027084682	0.9546302997981029	0.001866595558264447	0.8695668736429089	6	2.634782242520828
fastltr	CONS_30-8615_clus6_tsdl4_tsdc0.67_tsdmCTWS	LTR/Gypsy		repeat:TE:ClassI:LTR:Gypsy	0.9990347991240542	113	6.0	0.05309734513274336	8615.0	len_inconsistent	1.0	16.0	0.9941436286255856	0.8624155073137585	0.004720861199527914	0.9990790744250921	6	2.634710386322988
rm2	rnd-5_family-5198	LINE/Rex-Babar		repeat:TE:ClassI:LINE:RTE	0.9723726605881949	403	11.0	0.02729528535980149	1922.0	len_inconsistent	1.0	14.300000190734863	0.9737622385214034	0.6184295339353928	0.047325675281409664	0.6784907350237137	6	2.6335844576150214
rm2	rnd-5_family-3003	DNA/hAT-Ac		repeat:TE:ClassII:TIR:hAT	0.979930528753377	194	5.0	0.02577319587628866	331.0	len_inconsistent+weak_3p	1.0	14.0	0.9845079642155793	0.9457560549858172	0.0044075932795112375	0.1673139864717434	6	2.6292340235374154
rm2	rnd-5_family-3307	LINE/L1-Tx1		repeat:TE:ClassI:LINE:L1	0.9935395106777531	68	5.0	0.07352941176470588	838.0	len_inconsistent	1.0	8.949999809265137	0.959513504629376	0.9692105407330301	0.02109242316331562	0.946638908672547	6	2.627694049698425
pantera	Unknown_205-fGobNig	DNA	repeat:TE:ClassII	repeat:TE:ClassII	0.8227430958459039	150	7.0	0.04666666666666667	977.0	len_inconsistent	1.0	5.400000095367432	0.9915022324643525	0.781614575831773	0.006085265735272937	0.9941667866916318	6	2.618214848310382
rm2	rnd-4_family-468	Unknown		repeat:TE:ClassII:TIR:CACTA	0.5587696235681902	1986	5.0	0.0025176233635448137	1251.0	len_inconsistent+weak_3p	1.0	8.300000190734863	0.9254018137739068	0.9937505611924217	0.012516835772649726	0.9784502110083505	6	2.6181223793023474
rm2	rnd-5_family-362	Unknown	repeat:TE:ClassI:LINE:Jockey	repeat:TE:ClassI:LINE:Jockey	0.8261592643318333	95	7.0	0.07368421052631578	287.0	weak_5p	1.0	12.100000381469727	0.7738752299715671	0.9964877069744105	0.02600769359424653	0.8583375146345543	6	2.615460976960234
rm2	rnd-1_family-247	LINE/L2		repeat:TE:ClassI:LINE:Jockey	0.9919081753815031	300	6.0	0.02	285.0	len_inconsistent+weak_5p	1.0	11.25	0.9135465717239003	0.9169346502813828	0.012633513265188929	0.7359595727575514	6	2.6086324723889267
rm2	rnd-5_family-54	DNA/hAT-hAT5		repeat:TE:ClassII:TIR:hAT	0.9252902574457345	268	5.0	0.018656716417910446	997.0	len_inconsistent	1.0	11.850000381469727	0.9625609043071526	0.9411225881894367	0.06224907425453128	0.25191970376145	6	2.602653496832608
rm2	rnd-4_family-359	LINE/L2		repeat:TE:ClassI:LINE:Jockey	0.982475685766764	317	8.0	0.025236593059936908	452.0	len_inconsistent+weak_3p	1.0	19.100000381469727	0.8707160894660895	0.8268548581048581	0.022005772005772004	0.6723484848484849	6	2.600660934562891
rm2	rnd-4_family-570	LINE/Rex-Babar		repeat:TE:ClassI:LINE:RTE	0.9960313710668053	120	5.0	0.041666666666666664	328.0	weak_5p	1.0	9.449999809265137	0.9500109946492706	0.9514769478853624	0.03650223557868504	0.8242322069925969	6	2.6004579468706517
rm2	rnd-5_family-4347	DNA/TcMar-Tc1		repeat:TE:ClassII:TIR:Tc1Mariner	0.9725928967357832	304	8.0	0.02631578947368421	731.0	len_inconsistent+weak_5p	1.0	11.100000381469727	0.8518581367724419	0.8440145558760865	0.00505307615438279	0.3396685332880819	6	2.598962679640472
rm2	rnd-3_family-76	LINE/L2		repeat:TE:ClassI:LINE:Jockey	0.9945856054453339	237	5.0	0.02109704641350211	589.0	len_inconsistent+weak_5p	0.99830220713073	16.399999618530273	0.9505804901917174	0.9488456919176194	0.00033361505271117835	0.6262399359459099	6	2.5983961864453553
rm2	rnd-3_family-729	Unknown	repeat:TE:ClassII:TIR:CACTA	repeat:TE:ClassII:TIR:CACTA	0.6399234187046202	214	6.0	0.028037383177570093	409.0	weak_3p	0.9951100244498777	13.899999618530273	0.839687599617469	0.9793751992349379	0.005610455849537775	0.9030921262352566	6	2.5972140492360505
rm2	ltr-1_family-217	LTR/Pao		repeat:TE:ClassI:LTR:BelPao	1.0	81	37.0	0.4567901234567901	460.0	len_inconsistent	1.0	2.4000000953674316	0.9919774913501388	0.025094102885821833	0.00038021368008820956	0.9952853503669062	6	2.5852733183029555
rm2	rnd-5_family-7689	LINE/Rex-Babar		repeat:TE:ClassI:LINE:RTE	0.9878178478197815	116	5.0	0.04310344827586207	377.0	len_inconsistent	1.0	14.5	0.9317850953206239	0.9515424610051993	0.13358752166377816	0.7654766031195841	6	2.582297560661842
rm2	rnd-4_family-1201	Unknown	repeat:TE:ClassII:Helitron	repeat:TE:ClassII:Helitron	0.7412177985948478	152	7.0	0.046052631578947366	685.0	len_inconsistent+weak_3p	1.0	9.050000190734863	0.7554620434270325	0.9817202491163104	0.00794479043931998	0.8807608146776637	6	2.5822803325575996
rm2	rnd-4_family-108	LINE/Rex-Babar		repeat:TE:ClassI:LINE:RTE	0.9580354255739589	299	5.0	0.016722408026755852	380.0	len_inconsistent+weak_5p	1.0	13.199999809265137	0.9314837021694102	0.9490079581380138	0.007413060067589666	0.8095497656164832	6	2.5794616646434427
pantera	Unknown_11-fGobNig	DNA/TcMar-Tc1		repeat:TE:ClassII	0.9686544342507645	261	5.0	0.019157088122605363	4105.0	len_inconsistent	1.0	10.5	0.9943113444918499	0.8856388797724538	0.22977518871020677	0.9729105130729679	6	2.5789202286003223
rm2	rnd-4_family-2976	LINE/L1		repeat:TE:ClassI:LINE:L1	0.8357992981948413	258	6.0	0.023255813953488372	5650.0	len_inconsistent	1.0	21.25	0.8151656757035233	0.9837203241388924	0.0077034504912389164	0.8539920359292325	6	2.5770372502260592
rm2	ltr-1_family-474	LTR/Unknown	repeat:TE:ClassI:LTR	repeat:TE:ClassI:LTR	0.9873417721518988	107	30.0	0.2803738317757009	429.0	len_inconsistent	1.0	12.199999809265137	0.9892031451707546	0.10890740523412745	0.02264992371787349	0.9807143136564566	6	2.5752318051245444
pantera	hAT_28-fGobNig	Unknown		repeat	0.3870292705375672	902	13.0	0.014412416851441241	1399.0	len_inconsistent+weak_5p+weak_3p	1.0	11.199999809265137	0.6784512785940423	0.7788683335646633	0.01844030694188329	0.9823197773944309	6	2.571262964465542
rm2	rnd-5_family-6945	DNA/hAT-Ac		repeat:TE:ClassII:TIR:hAT	0.89419795221843	176	7.0	0.03977272727272727	341.0	len_inconsistent	1.0	16.549999237060547	0.9843228560341483	0.7385719829258828	0.0032984090027163367	0.4319751649204501	6	2.567992878974288
rm2	rnd-5_family-1148	Unknown		repeat:TE:ClassII:TIR:CACTA	0.313609719705851	247	8.0	0.032388663967611336	873.0	len_inconsistent	1.0	10.199999809265137	0.6666845829974022	0.9939801128728837	0.010212308519215264	0.8465645435814745	6	2.5637546828622293
rm2	rnd-4_family-123	DNA/TcMar-Tc1		repeat:TE:ClassII:TIR:Tc1Mariner	0.9573739887990044	405	16.0	0.03950617283950617	694.0	weak_3p	0.9971181556195965	13.5	0.9968731602014784	0.3568391443710342	0.020017007915222085	0.6852096552626414	6	2.5578322872284374
rm2	rnd-4_family-492	DNA/TcMar-Tc1		repeat:TE:ClassII	0.5129454288296075	422	11.0	0.026066350710900472	1142.0	len_inconsistent	1.0	10.75	0.9573360939524616	0.5587374280993549	0.028239214046249513	0.7902660752360123	6	2.557466207210042
rm2	rnd-5_family-8804	DNA/PiggyBac		repeat:TE:ClassII:TIR:PiggyBac	0.49883709171807056	388	11.0	0.028350515463917526	1103.0	len_inconsistent	1.0	17.399999618530273	0.972010811579771	0.5409168504161036	0.022032150224055764	0.6349313606942172	6	2.5543203471540994
rm2	ltr-1_family-554	LTR/Unknown	repeat:TE:ClassI:LTR:Gypsy	repeat:TE:ClassI:LTR:Gypsy	0.9760286667490424	41	16.0	0.3902439024390244	836.0	len_inconsistent+weak_3p	0.9916267942583732	9.300000190734863	0.9531719128329298	0.39641646489104115	0.08697336561743342	0.995496368038741	6	2.5537083603798956
rm2	rnd-5_family-171	LINE/Rex-Babar		repeat:TE:ClassI:LINE:RTE	0.9684362093137812	208	5.0	0.02403846153846154	697.0	len_inconsistent	1.0	23.899999618530273	0.875643167390578	0.9776144336785834	0.0020046775810223854	0.6102238556632141	6	2.55222760540518
pantera	TcMar-Tc1_1-fGobNig	DNA/TcMar-Tc1		repeat:TE:ClassII	0.9728520123568645	252	5.0	0.01984126984126984	4221.0	len_inconsistent	1.0	7.5	0.9981888815437974	0.8507276168397794	0.1964882413134231	0.9788461364315533	6	2.5478865027195954
rm2	rnd-5_family-11118	LINE/L1		repeat:TE:ClassI:LINE:L1	0.9525383839515857	163	8.0	0.049079754601226995	1178.0	len_inconsistent	1.0	15.300000190734863	0.821960845406865	0.8172612556472971	0.13584670509425145	0.6461027158955185	6	2.5423120880461054
rm2	rnd-5_family-1150	Unknown	repeat:TE:ClassI:LINE:RTE	repeat:TE:ClassI:LINE:RTE	0.8615071283095723	95	7.0	0.07368421052631578	363.0	weak_3p	1.0	13.600000381469727	0.7226723427629772	0.9730843174951936	0.048956330678385056	0.8023207909914859	6	2.5408547002724275
rm2	rnd-4_family-1379	DNA/TcMar-Tc1		repeat:TE:ClassII:TIR:Tc1Mariner	0.9546265107984941	605	26.0	0.04297520661157025	1182.0	len_inconsistent	1.0	7.699999809265137	0.9964365579045399	0.1211514546539446	0.0031898104516481615	0.9351386619525878	6	2.5325613605293023
rm2	rnd-5_family-272	Unknown		repeat:TE:ClassII:TIR:CACTA	0.5744626472768165	332	9.0	0.02710843373493976	777.0	len_inconsistent	1.0	13.399999618530273	0.6153692522775807	0.9591341352875206	0.003149436942127176	0.6419781536617966	6	2.528745897004426
rm2	rnd-1_family-89	DNA/hAT-Ac		repeat:TE:ClassII:TIR:hAT	0.9856297548605241	95	9.0	0.09473684210526316	106.0	len_inconsistent+weak_3p	1.0	12.800000190734863	0.9831794195250659	0.587730870712401	0.29650395778364114	0.8024406332453826	6	2.5251527996767917
rm2	rnd-5_family-1630	DNA/PiggyBac		repeat:TE:ClassII:TIR:PiggyBac	0.7397239496435614	185	8.0	0.043243243243243246	1065.0	len_inconsistent	0.9990610328638497	17.700000762939453	0.9803345318117868	0.6356417070501797	0.053806471783648585	0.5704861653900266	6	2.5190662258539103
rm2	rnd-1_family-192	LINE/L2		repeat:TE:ClassI:LINE:Jockey	0.9857801378007265	226	11.0	0.048672566371681415	1331.0	len_inconsistent+weak_5p	1.0	19.950000762939453	0.757931674496839	0.7115886549504089	0.027115596543123947	0.8818900682481682	6	2.510913014605473
pantera	Unknown_199-fGobNig	DNA	repeat:TE:ClassII:TIR:hAT	repeat:TE:ClassII:TIR:hAT	0.7917594127397585	255	11.0	0.043137254901960784	985.0	len_inconsistent	1.0	11.600000381469727	0.9855192479856759	0.4737914055505819	0.0437332139659803	0.9987914055505819	6	2.500703338694483
rm2	rnd-3_family-979	PLE		repeat:TE:ClassI:PLE	0.913908440463033	2803	18.0	0.006421691045308598	299.0	len_inconsistent+weak_3p	1.0	16.700000762939453	0.649467379271413	0.5861100725067998	0.011253583184874011	0.602939128012258	6	2.490849956881519
rm2	rnd-3_family-1311	DNA/hAT-Ac		repeat:TE:ClassII:TIR:hAT	0.9027032208588958	544	9.0	0.016544117647058824	553.0	weak_5p	1.0	13.050000190734863	0.9796843421068003	0.5405787450787977	0.004953328894029136	0.5812918375214664	6	2.474505596624923
pantera	Unknown_592-fGobNig	Unknown		repeat:TE:ClassI:LINE:Jockey	0.5130707713474933	543	15.0	0.027624309392265192	216.0	len_inconsistent+weak_3p	1.0	4.300000190734863	0.7934013119438852	0.5046870602498322	0.02156264207313113	0.9988309410924207	6	2.474179631249399
rm2	rnd-5_family-1370	DNA/TcMar-Tc1		repeat:TE:ClassII:TIR:Tc1Mariner	0.952755905511811	123	9.0	0.07317073170731707	223.0	weak_5p	1.0	12.800000190734863	0.985632776517495	0.5306936138035334	0.0026122224513645425	0.5828005774386471	6	2.4705688997603534
rm2	rnd-5_family-4983	LINE/L2		repeat:TE:ClassI:LINE:Jockey	0.9827981651376146	69	6.0	0.08695652173913043	603.0	len_inconsistent+weak_5p	1.0	19.700000762939453	0.8425738318904648	0.8486522993798735	0.01915638239086388	0.36550623196414317	6	2.469377381653982
rm2	rnd-5_family-6335	LINE/L2		repeat:TE:ClassI:LINE:Jockey	0.9968421052631579	175	10.0	0.05714285714285714	593.0	len_inconsistent	1.0	14.300000190734863	0.7360836394461713	0.7328184358418888	0.004269881636369345	0.565445354933911	6	2.46890207528806
rm2	ltr-1_family-289	LTR/Unknown	repeat:TE:ClassI:LTR:Gypsy	repeat:TE:ClassI:LTR:Gypsy	0.804991680532446	48	15.0	0.3125	445.0	len_inconsistent	1.0	7.5	0.9845223452234523	0.30801558015580155	0.1068060680606806	1.0	6	2.468629184434935
pantera	hAT_26-fGobNig	DNA	repeat:TE:ClassII	repeat:TE:ClassII	0.7999910493850182	842	20.0	0.023752969121140142	1417.0	len_inconsistent	1.0	14.800000190734863	0.6374366901780443	0.5229002889724389	0.01600223720597831	0.9978288226703539	6	2.461366974814464
rm2	rnd-4_family-601	Unknown	repeat:TE:ClassII:TIR:CACTA	repeat:TE:ClassII:TIR:CACTA	0.9113616835250313	531	7.0	0.013182674199623353	912.0	weak_5p+weak_3p	1.0	13.699999809265137	0.617267789457231	0.9974111992497362	0.0005372982689226682	0.6506388964870462	6	2.459777028721224
pantera	Unknown_278-fGobNig	Unknown		repeat:TE:ClassI:LTR:Gypsy	0.49325924251258313	518	5.0	0.009652509652509652	760.0	len_inconsistent+weak_5p	1.0	16.5	0.7465372987414751	0.9942464083995407	0.02252220581686939	0.9905552040122806	6	2.4397537114770347
rm2	rnd-1_family-437	DNA/hAT-Ac		repeat:TE:ClassII:TIR:hAT	0.885312783318223	286	24.0	0.08391608391608392	330.0	len_inconsistent+weak_5p	1.0	9.300000190734863	0.9797937735474915	0.07144556811421773	0.02062264525084275	0.9722982351774737	6	2.431450583373315
pantera	Unknown_202-fGobNig	DNA	repeat:TE:ClassII:TIR:hAT	repeat:TE:ClassII:TIR:hAT	0.8302875265011477	607	10.0	0.016474464579901153	982.0	len_inconsistent	1.0	11.699999809265137	0.9930628691789917	0.4379626661782438	0.008379504556069417	0.9975960437748981	6	2.4310255353572354
pantera	hAT_11-fGobNig	DNA	repeat:TE:ClassII	repeat:TE:ClassII	0.9764084943589381	436	15.0	0.034403669724770644	2036.0	len_inconsistent	1.0	17.799999237060547	0.6536907216494845	0.589979381443299	0.16409278350515463	0.9920927835051546	6	2.419761362148465
rm2	rnd-4_family-1115	DNA/hAT-Ac		repeat:TE:ClassII:TIR:hAT	0.8033596837944664	532	7.0	0.013157894736842105	393.0	len_inconsistent+weak_5p+weak_3p	1.0	14.850000381469727	0.9783167437730735	0.5948720345187469	0.010156237830428213	0.49971182454008756	6	2.4182868183060773
rm2	rnd-4_family-977	DNA/hAT		repeat:TE:ClassII:TIR:hAT	0.9406673316387271	1171	20.0	0.017079419299743808	1285.0	len_inconsistent	1.0	6.699999809265137	0.9918900923904836	0.12404760924179399	0.058492236728306085	0.9826167236385103	6	2.4169676972962586
rm2	rnd-4_family-1587	RC/Helitron		repeat:TE:ClassII:Helitron	0.9087905171509494	477	5.0	0.010482180293501049	7542.0	len_inconsistent	1.0	19.600000381469727	0.8590373422049081	0.857595136722229	0.07329966271927557	0.5806054964691822	6	2.415602483263156
rm2	rnd-4_family-788	LINE/L2		repeat:TE:ClassI:LINE:Jockey	0.9825214623324009	710	14.0	0.01971830985915493	884.0	len_inconsistent+weak_5p	1.0	13.800000190734863	0.6402818717183285	0.6206497318338559	0.031591661503607885	0.70374681611375	6	2.407059639230422
rm2	rnd-4_family-1000	Unknown	repeat:TE:ClassII:TIR:CACTA	repeat:TE:ClassII:TIR:CACTA	0.8778662231198764	144	6.0	0.041666666666666664	412.0	len_inconsistent+weak_3p	1.0	14.800000190734863	0.6308299745002879	0.9887307723945052	0.00168627128403389	0.703627539689068	6	2.397711997278437
rm2	rnd-4_family-892	Unknown	repeat:TE:ClassII:TIR:CACTA	repeat:TE:ClassII:TIR:CACTA	0.6528662420382165	182	5.0	0.027472527472527472	377.0	len_inconsistent+weak_3p	1.0	12.949999809265137	0.6926811899135726	0.9989317968471823	0.006635807464474152	0.7633768167546046	6	2.3905829910967737
rm2	rnd-5_family-614	LINE/L2		repeat:TE:ClassI:LINE:Jockey	0.9698029243483789	170	5.0	0.029411764705882353	1197.0	len_inconsistent	1.0	7.75	0.9190886289091962	0.7638784136951222	0.03383438864820304	0.4568431761177275	6	2.381937046940337
rm2	rnd-1_family-76	DNA/TcMar-Tc1		repeat:TE:ClassII:TIR:Tc1Mariner	0.9361022364217252	121	13.0	0.10743801652892562	157.0	len_inconsistent	1.0	11.699999809265137	0.9632020036605337	0.30276466621712744	0.019651286003275214	0.9082939986513824	6	2.379910022184498
rm2	rnd-4_family-565	DNA/hAT-Tip100		repeat:TE:ClassII:TIR:hAT	0.6780980116489255	783	7.0	0.008939974457215836	601.0	len_inconsistent	1.0	10.800000190734863	0.9855188852531845	0.5492571487154952	0.03155943237447565	0.6208938137019538	6	2.3798740739829367
pantera	hAT_6-fGobNig	DNA	repeat:TE:ClassII	repeat:TE:ClassII	0.8401508902338428	7669	12.0	0.0015647411657321686	2742.0	len_inconsistent	1.0	18.200000762939453	0.6423590183255495	0.645674527840718	0.012111386508261377	0.9339111301632936	6	2.3672147922138924
rm2	rnd-5_family-4260	DNA/TcMar-Tc1		repeat:TE:ClassII:TIR:Tc1Mariner	0.5576719576719577	178	13.0	0.07303370786516854	282.0	len_inconsistent	1.0	10.199999809265137	0.9990825287255887	0.25156188562191445	0.0013106732491589847	0.7897243217265936	6	2.36458776665434
rm2	rnd-4_family-465	Unknown	repeat:TE:ClassII:TIR:CACTA	repeat:TE:ClassII:TIR:CACTA	0.7636819175280714	1731	5.0	0.0028885037550548816	719.0	len_inconsistent+weak_5p	1.0	14.800000190734863	0.6961866567921245	0.9677563596475907	0.007535160589398375	0.7530933633295838	6	2.362913020775734
pantera	Unknown_109-fGobNig	DNA	repeat:TE:ClassII	repeat:TE:ClassII	0.8654068151695241	397	9.0	0.022670025188916875	1274.0	len_inconsistent	1.0	10.100000381469727	0.7041787278260224	0.7021895643138129	0.00500259778816893	0.9922066354932086	6	2.3606108015791603
rm2	rnd-1_family-320	DNA/TcMar-Tc1		repeat:TE:ClassII:TIR:Mutator	0.5882352941176471	113	20.0	0.17699115044247787	231.0	len_inconsistent	1.0	6.699999809265137	0.9988364930531791	0.055300800766545755	0.002737663404284443	0.9621518034357676	6	2.355167289483706
rm2	ltr-1_family-89	LTR/Unknown	repeat:TE:ClassI:LTR	repeat:TE:ClassI:LTR	0.7867410789785219	35	9.0	0.2571428571428571	435.0	len_inconsistent	1.0	19.5	0.6871284988652329	0.7098238409164596	0.0380417162001513	0.9292121474116503	6	2.3511948492210175
rm2	rnd-1_family-304	DNA/hAT		repeat:TE:ClassII:TIR:hAT	0.9867006225240521	591	9.0	0.015228426395939087	762.0	len_inconsistent+weak_3p	0.9986876640419947	4.0	0.9879129312449855	0.40537900722084624	0.007700491854745875	0.9028150835455402	6	2.3475344479051565
rm2	rnd-5_family-579	DNA/hAT-Ac		repeat:TE:ClassII:Helitron	0.36763423816128393	1555	12.0	0.0077170418006430866	1189.0	len_inconsistent+weak_3p	1.0	11.600000381469727	0.8035890628288356	0.44108076605526864	0.02508458661831604	0.9674442699648702	6	2.323851074931729
pantera	Unknown_66-fGobNig	DNA	repeat:TE:ClassII	repeat:TE:ClassII	0.9997759820785663	342	12.0	0.03508771929824561	1485.0	len_inconsistent	1.0	14.600000381469727	0.6500122875668727	0.5944346774041097	0.01386604661713832	0.9962664700655967	6	2.3236282110186073
rm2	rnd-4_family-4714	LINE/L1		repeat:TE:ClassI:LINE:L1	0.9906793831671518	142	6.0	0.04225352112676056	973.0	len_inconsistent+weak_5p	0.998972250770812	6.900000095367432	0.7711449741367259	0.7688848501794119	0.10014446153129224	0.9835733258772543	6	2.3181810746997815
rm2	rnd-3_family-503	DNA/hAT-Ac		repeat:TE:ClassII:TIR:hAT	0.8798180314309346	611	6.0	0.009819967266775777	808.0	len_inconsistent	1.0	13.5	0.9811043728056176	0.5477543203684283	0.008408189321052391	0.5625005699694496	6	2.3070099435576896
rm2	ltr-1_family-88	LTR/Pao		repeat:TE:ClassI:LTR:BelPao	1.0	38	17.0	0.4473684210526316	4570.0	len_inconsistent	1.0	1.8499999046325684	0.9973944819235426	0.06745156547310154	0.03827192527244421	0.9998486421034423	6	2.295294968774918
pantera	Pao_20-fGobNig	LTR/Pao		repeat:TE:ClassI:LTR:BelPao	1.0	63	16.0	0.25396825396825395	5193.0	len_inconsistent	1.0	5.5	0.9997580533665146	0.08859567261164109	0.012728121111571962	0.99980989907369	6	2.2924737086340805
rm2	rnd-5_family-55	LINE/L2		repeat:TE:ClassI:LINE:Jockey	0.9318577723127369	338	7.0	0.020710059171597635	431.0	len_inconsistent	1.0	13.25	0.7270880197373195	0.7167356021575599	0.03903925694797185	0.5193140313958832	6	2.2889216619091366
rm2	rnd-5_family-1542	LINE/L2		repeat:TE:ClassI:LINE:Jockey	0.9637852088247537	148	6.0	0.04054054054054054	656.0	len_inconsistent	1.0	13.5	0.7568632131773693	0.7533619797883345	0.0939762871011379	0.533381077425002	6	2.2883764433493474
rm2	rnd-4_family-1732	LINE/Rex-Babar		repeat:TE:ClassI:LINE:RTE	0.9957184719858219	550	6.0	0.01090909090909091	665.0	len_inconsistent+weak_5p	1.0	11.199999809265137	0.7543238082624195	0.7526571967815635	0.02206328708762403	0.8763396355529066	6	2.2851322554276265
rm2	rnd-5_family-2184	LINE/L2		repeat:TE:ClassI:LINE:Jockey	1.0	72	5.0	0.06944444444444445	321.0	len_inconsistent+weak_5p	1.0	23.799999237060547	0.7972655933985924	0.7736429091497452	0.00024269881077582719	0.7414448669201521	6	2.269878506884356
rm2	rnd-5_family-3676	LINE/Penelope		repeat:TE:ClassI:PLE	0.7411863206028209	1073	7.0	0.0065237651444548	2351.0	len_inconsistent	1.0	13.199999809265137	0.7710123468305138	0.6408226556761609	0.1739165918550559	0.8117487262594584	6	2.2569330425209317
rm2	rnd-5_family-4448	DNA/PIF-Harbinger		repeat:TE:ClassII:TIR:PIFHarbinger	0.7964254577157803	147	8.0	0.05442176870748299	467.0	len_inconsistent	1.0	12.199999809265137	0.6787382614977125	0.6725258849024801	0.013773176017336864	0.5484228268721406	6	2.254354133392136
rm2	rnd-5_family-5388	DNA/CMC-EnSpm		repeat:TE:ClassII:TIR:CACTA	0.830698848398801	368	6.0	0.016304347826086956	4726.0	len_inconsistent	1.0	14.300000190734863	0.837010746005005	0.619097466428957	0.10847413271397963	0.6401069693648899	6	2.2342594628176053
rm2	rnd-4_family-248	LINE/L2		repeat:TE:ClassI:LINE:Jockey	0.8837219482300755	882	5.0	0.005668934240362812	640.0	len_inconsistent+weak_5p	1.0	13.149999618530273	0.7320419623035738	0.7890306011404693	0.005136464545335829	0.8076176380968964	6	2.220042567780062
rm2	rnd-5_family-825	RC/Helitron		repeat:TE:ClassII:Helitron	0.9444634299722707	656	6.0	0.009146341463414634	11533.0	len_inconsistent	1.0	16.0	0.7236545686595858	0.716825318755172	0.24343955813164503	0.8583422038489361	6	2.2186311377984014
fastltr	CONS_31-5125_clus14_tsdl5_tsdc0.83_tsdmNHDHN	LTR/Pao		repeat:TE:ClassI:LTR:BelPao	1.0	63	13.0	0.20634920634920634	5125.0	len_inconsistent	1.0	4.0	0.9989704368289455	0.09410553455092877	0.01086664993987005	1.0	6	2.207019323686711
rm2	rnd-5_family-2378	SINE/5S-Deu-L2		repeat:TE:ClassI:SINE:5S	0.6581815194090275	6073	8.0	0.0013173061090070806	3177.0	len_inconsistent	1.0	14.0	0.8907577443217939	0.40049684303300004	0.10344485060394151	0.9621958619892504	6	2.1943445743467374
pantera	hAT_20-fGobNig	DNA/TcMar-Tc1		repeat:TE:ClassII:TIR:Tc1Mariner	0.9999610849515508	1505	7.0	0.004651162790697674	1611.0	len_inconsistent	1.0	14.300000190734863	0.9967829751730187	0.3449035694802486	0.015167884304769647	0.9986869832169178	6	2.186784584667524
pantera	Unknown_472-fGobNig	Unknown	repeat:TE:ClassI:LINE:RTE	repeat:TE:ClassI:LINE:RTE	0.6821369815568448	1737	11.0	0.0063327576280944155	405.0	len_inconsistent+weak_3p	1.0	6.5	0.8052570217276099	0.32799858682211624	0.029641406111994346	0.9984172407701819	6	2.174648293707951
rm2	rnd-4_family-5788	DNA/TcMar-Tigger		repeat:TE:ClassII	0.956220615742379	2587	8.0	0.0030923850019327404	3522.0	len_inconsistent	1.0	13.399999618530273	0.6648347289694716	0.5715836001383473	0.261035256339065	0.9933206197703308	6	2.1395083160997626
rm2	rnd-1_family-423	DNA/TcMar-Tc1		repeat:TE:ClassII:TIR:Tc1Mariner	0.9938511326860842	82	6.0	0.07317073170731707	556.0	len_inconsistent+weak_5p+weak_3p	1.0	9.5	0.9927035628347435	0.3546534192346503	0.004036326942482341	0.8851975471551657	6	2.1255082324530377
pantera	Copia_4-fGobNig	DNA	repeat:TE:ClassII	repeat:TE:ClassII	0.966477410002416	162	8.0	0.04938271604938271	3389.0	len_inconsistent	1.0	10.049999237060547	0.6046010838746725	0.5968129777841582	0.29724006747299286	0.9973800380432832	6	2.1045040486507745
rm2	rnd-5_family-179	LINE/Rex-Babar		repeat:TE:ClassI:LINE:RTE	0.5863531826981796	2792	6.0	0.002148997134670487	3570.0	len_inconsistent	1.0	16.799999237060547	0.681313184553153	0.6423074776612698	0.13187446904822436	0.6758522615703564	6	2.1017719125980667
fastltr	CONS_144-6166_clus6_tsdl5_tsdc0.8_tsdmVDNWV	LTR/Pao		repeat:TE:ClassI:LTR:BelPao	0.9995472244860998	102	6.0	0.058823529411764705	6166.0	len_inconsistent	1.0	13.450000762939453	0.9985110575870374	0.3223998248303044	0.024713524560251075	1.0	6	2.0990621328009853
rm2	ltr-1_family-148	LTR/Pao		repeat:TE:ClassI:LTR:BelPao	1.0	23	6.0	0.2608695652173913	6780.0	len_inconsistent	1.0	18.600000381469727	0.9996887256427816	0.3050488700740833	0.0	1.0	6	2.0828888461005084
rm2	rnd-1_family-414	DNA/TcMar-Tc1		repeat:TE:ClassII:TIR:Tc1Mariner	0.5263910179392634	1504	5.0	0.003324468085106383	894.0	len_inconsistent	1.0	16.700000762939453	0.813515460883508	0.5646546037609474	0.029374156425374724	0.9252427972680868	6	2.077140068980474
pantera	Pao_12-fGobNig	LTR/Pao		repeat:TE:ClassI:LTR:BelPao	0.9245951417004049	169	12.0	0.07100591715976332	7474.0	len_inconsistent	1.0	14.100000381469727	0.9714241572532964	0.023554718371373056	0.02575925936929924	0.9999286940917113	6	2.0741601216722945
fastltr	CONS_1-7475_clus13_tsdl5_tsdc0.8_tsdmVKNDN	LTR/Pao		repeat:TE:ClassI:LTR:BelPao	0.9737012987012987	131	12.0	0.0916030534351145	7475.0	len_inconsistent	1.0	9.800000190734863	0.9650900041223263	0.023787349038887278	0.024207215597660963	0.999725178252439	6	2.0680585992088383
pantera	Unknown_434-fGobNig	DNA	repeat:TE:ClassII	repeat:TE:ClassII	0.9820755124056095	2813	6.0	0.002132954141485958	5490.0	len_inconsistent	1.0	18.5	0.644722171415113	0.6409613317531626	0.02812486689233375	0.649369977926051	6	2.0638347535519195
rm2	rnd-5_family-8730	Unknown		repeat:TE:ClassII:TIR:PIFHarbinger	0.37951405542622507	2640	7.0	0.0026515151515151517	1634.0	len_inconsistent	1.0	13.199999809265137	0.6391963589730695	0.5670195378309739	0.05657170157660489	0.8628781211496391	6	2.0513139368183
pantera	ERV1_3-fGobNig-int	LTR/ERV1		repeat:TE:ClassI:LTR:ERV	0.996078431372549	126	11.0	0.0873015873015873	8193.0	len_inconsistent	1.0	6.5	0.9985460759994134	0.00275480336953264	0.14580051907637565	0.9988712958416498	6	2.042693564527171
pantera	TcMar-Tc1_19-fGobNig	DNA/TcMar-Tc1		repeat:TE:ClassII:TIR:Tc1Mariner	0.9997739034316435	847	16.0	0.018890200708382526	1535.0	len_inconsistent	1.0	7.599999904632568	0.684720449616625	0.13096101288415415	0.005748163507692106	0.9996390993231472	6	2.019801445156704
pantera	hAT_23-fGobNig	DNA	repeat:TE:ClassII	repeat:TE:ClassII	0.999433093720946	228	6.0	0.02631578947368421	1489.0	len_inconsistent	1.0	11.0	0.6494150491890455	0.590188779579899	0.04980058495081095	0.9960781706992821	6	2.017755079152588
rm2	rnd-5_family-683	LTR/Pao		repeat:TE:ClassI:LINE:RTE	0.5175340317069071	556	5.0	0.008992805755395683	8701.0	len_inconsistent	1.0	12.399999618530273	0.9889267461669506	0.3035841286118324	0.08485221878566349	0.8440399596434065	6	1.9914808791148018
pantera	Pao_18-fGobNig	LTR/Pao		repeat:TE:ClassI:LTR:BelPao	0.9761604539364804	181	6.0	0.03314917127071823	6204.0	len_inconsistent	1.0	17.299999237060547	0.9991911770264039	0.19287782237642773	0.01251029926450023	0.9989568451368573	6	1.9702202497864754
rm2	rnd-5_family-5762	LINE/L2		repeat:TE:ClassI:LINE:Jockey	0.856440281030445	147	5.0	0.034013605442176874	484.0	len_inconsistent+weak_3p	1.0	14.300000190734863	0.6319523581957872	0.6354078594272691	0.0015071867073484543	0.5215601220453626	6	1.9663302219590753
rm2	ltr-1_family-218	LTR/Pao		repeat:TE:ClassI:LTR:BelPao	1.0	37	9.0	0.24324324324324326	5105.0	len_inconsistent	1.0	4.900000095367432	0.9952621741839204	0.005679595473710138	0.03207812341529144	0.9976528202379055	6	1.9551842790969554
rm2	ltr-1_family-112	LTR/Pao		repeat:TE:ClassI:LTR:BelPao	1.0	66	9.0	0.13636363636363635	7088.0	len_inconsistent	1.0	24.549999237060547	0.9467546796530208	0.018766169532795616	0.0011699132552122965	0.9933514685740374	6	1.9197633586251412
fastltr	CONS_73-7418_clus10_tsdl5_tsdc0.5_tsdmMVHBB	LTR/Pao		repeat:TE:ClassI:LTR:BelPao	0.9082010582010582	89	7.0	0.07865168539325842	7418.0	len_inconsistent	1.0	9.100000381469727	0.9994088886261727	0.0664240295217909	0.03017201340978374	0.9974159988515551	6	1.9109309581622203
rm2	ltr-1_family-62	LTR/Pao		repeat:TE:ClassI:LTR:BelPao	1.0	15	6.0	0.4	5977.0	len_inconsistent	1.0	0.5	1.0	0.11104140526976161	0.0	1.0	6	1.8891926556534053
rm2	ltr-1_family-104	LTR/Pao		repeat:TE:ClassI:LTR:BelPao	1.0	28	6.0	0.21428571428571427	5265.0	len_inconsistent	1.0	14.699999809265137	0.9999583792895345	0.09073314881485027	0.008677918132062513	1.0	6	1.8688427784880284
fastltr	CONS_108-7888_clus7_tsdl5_tsdc0.8_tsdmVBHHS	LTR/Pao		repeat:tandem:simple	0.43067123958843706	103	7.0	0.06796116504854369	7888.0	len_inconsistent	1.0	16.600000381469727	0.9828253914800471	0.025485290934019675	0.024571236138840113	0.9990618911312631	6	1.8534087224283238
fastltr	CONS_133-7665_clus7_tsdl0_tsdc0.0_tsdmnone	LTR/Pao		repeat:TE:ClassI:LTR:BelPao	1.0	52	7.0	0.1346153846153846	7665.0	len_inconsistent	1.0	17.399999618530273	0.9965282298311852	0.010675693269105585	0.000564162652432409	0.9999132057457796	6	1.8523019631145476
rm2	ltr-1_family-46	LTR/ERV1		repeat:TE:ClassI:LTR	0.9996376811594203	83	5.0	0.060240963855421686	5220.0	len_inconsistent	1.0	1.100000023841858	0.9998050780316654	0.12185766923628315	0.04543568203825501	0.999622731674191	6	1.8206327516039673
rm2	ltr-1_family-64	LTR/Pao		repeat:TE:ClassI:LTR:BelPao	0.9651933701657458	61	5.0	0.08196721311475409	6245.0	len_inconsistent	1.0	21.5	0.9930876998086774	0.1124020243164846	0.2389989508115781	0.999305684132568	6	1.8044597284611807
rm2	ltr-1_family-54	LTR/Pao		repeat:TE:ClassI:LTR:BelPao	1.0	25	5.0	0.2	6067.0	len_inconsistent	1.0	14.199999809265137	0.9995457848837209	0.01693313953488372	0.0	0.9982376453488372	6	1.7154489287546235
rm2	ltr-1_family-185	LTR/Pao		repeat:TE:ClassI:LTR:BelPao	1.0	16	5.0	0.3125	6027.0	len_inconsistent	1.0	17.100000381469727	1.0	0.0026416201937188143	0.001174053419430584	1.0	6	1.7016116245297375
