cluster_id	n_members	n_tools	members	tools	any_pass	n_pass	pooled_copies	pooled_full_len	best_member	best_full_len	best_cons_len	best_completeness	cons_len_range	class_consensus	class_labels	median_div	frac_agree_class	frac_tandemtool	any_rescued	rank_score
5	36	4	edta:TE_00000000;edta:TE_00000133;edta:TE_00000255;edta:TE_00000288;edta:TE_00000403;edta:TE_00000407;edta:TE_00000835;edta:TE_00000848;edta:TE_00000960;edta:TE_00001191;edta:TE_00001461;edta:TE_00001664;edta:TE_00001674;edta:TE_00002277;edta:TE_00002387;edta:TE_00002550;edta:TE_00002679;edta:TE_00002775;edta:TE_00002807;edta:TE_00002880;edta:TE_00002885;edta:TE_00002897;fastltr:CONS_109-4712_clus3_tsdl3_tsdc0.5_tsdmGAT;pantera:Gypsy_29-fGobNig;pantera:Unknown_376-fGobNig;pantera:Unknown_377-fGobNig;pantera:Unknown_378-fGobNig;pantera:Unknown_379-fGobNig;pantera:Unknown_380-fGobNig;pantera:Unknown_382-fGobNig;pantera:Unknown_412-fGobNig;pantera:Unknown_414-fGobNig;pantera:Unknown_418-fGobNig;rm2:ltr-1_family-277;rm2:ltr-1_family-278;rm2:rnd-1_family-137	edta,fastltr,pantera,rm2	True	11	31813	6388	rm2:rnd-1_family-137	3187	511.0	len_inconsistent	185-4712	repeat:TE:ClassII	DNA;DNA/DTA;DNA/DTC;DNA/DTM;DNA/DTT;DNA/hAT-Ac;LTR/Gypsy;MITE/DTM;Unknown	9.850000381469727	1.0	0.0	True	8.805364907466446
15	22	4	edta:TE_00000149;edta:TE_00000167;edta:TE_00000190;edta:TE_00000531;edta:TE_00001231;edta:TE_00001302;edta:TE_00001412;edta:TE_00001429;edta:TE_00001608;edta:TE_00001789;edta:TE_00001858;edta:TE_00002081;edta:TE_00002240;edta:TE_00002383;edta:TE_00002498;edta:TE_00003038;fastltr:CONS_17-4687_clus4_tsdl5_tsdc0.75_tsdmRVDRS;pantera:Unknown_504-fGobNig;rm2:ltr-1_family-299;rm2:ltr-1_family-300;rm2:rnd-2_family-317;rm2:rnd-5_family-257	edta,fastltr,pantera,rm2	True	2	39610	6352	rm2:rnd-2_family-317	3195	378.0	len_inconsistent	202-4687	repeat	DNA/DTC;DNA/DTH;DNA/DTM;DNA/DTT;LINE/Rex-Babar;LTR/Gypsy;LTR/Unknown;Unknown	14.449999809265137	0.9935003385240352	0.0	True	8.796410827943074
12	24	4	edta:TE_00000059;edta:TE_00000068;edta:TE_00000408;edta:TE_00000769;edta:TE_00001085;edta:TE_00001149;edta:TE_00002185;edta:TE_00002713;edta:TE_00002726;edta:TE_00002816;edta:TE_00003288;fastltr:CONS_146-5159_clus3_tsdl5_tsdc0.67_tsdmRWMWY;fastltr:CONS_61-7850_clus4_tsdl5_tsdc0.8_tsdmRWKRD;pantera:Pao_3-fGobNig;pantera:Unknown_444-fGobNig;pantera:Unknown_463-fGobNig;pantera:Unknown_491-fGobNig;rm2:ltr-1_family-363;rm2:ltr-1_family-364;rm2:ltr-1_family-379;rm2:ltr-1_family-380;rm2:ltr-1_family-482;rm2:ltr-1_family-483;rm2:rnd-1_family-616	edta,fastltr,pantera,rm2	True	10	19498	2932	rm2:rnd-1_family-616	1304	451.0	len_inconsistent	372-7850	repeat:TE:ClassI:LTR:BelPao	DNA;DNA/DTC;DNA/DTM;DNA/hAT-Ac;LINE/L2;LTR/Bel-Pao;LTR/Gypsy;LTR/Pao;LTR/Unknown;MITE/DTA;MITE/DTM;Unknown	11.399999618530273	1.0	0.0	True	8.46716396596909
2	42	4	edta:TE_00000170;edta:TE_00000340;edta:TE_00000446;edta:TE_00000489;edta:TE_00000724;edta:TE_00001104;edta:TE_00001348;edta:TE_00001488;edta:TE_00001506;edta:TE_00002460;edta:TE_00002490;edta:TE_00002595;edta:TE_00002674;edta:TE_00002972;fastltr:CONS_106-5217_clus11_tsdl0_tsdc0.0_tsdmnone;fastltr:CONS_107-5207_clus3_tsdl0_tsdc0.0_tsdmnone;fastltr:CONS_148-5283_clus3_tsdl5_tsdc0.75_tsdmMDSBB;fastltr:CONS_32-5198_clus7_tsdl0_tsdc0.0_tsdmnone;pantera:Gypsy_23-fGobNig;pantera:TcMar-Tc1_10-fGobNig;pantera:TcMar-Tc1_11-fGobNig;pantera:TcMar-Tc1_8-fGobNig;pantera:TcMar-Tc1_9-fGobNig;pantera:Unknown_260-fGobNig;pantera:Unknown_470-fGobNig;pantera:Unknown_471-fGobNig;pantera:Unknown_576-fGobNig;rm2:ltr-1_family-115;rm2:ltr-1_family-116;rm2:ltr-1_family-172;rm2:ltr-1_family-173;rm2:ltr-1_family-252;rm2:ltr-1_family-253;rm2:ltr-1_family-79;rm2:ltr-1_family-80;rm2:ltr-1_family-97;rm2:ltr-1_family-98;rm2:rnd-1_family-378;rm2:rnd-1_family-425;rm2:rnd-1_family-560;rm2:rnd-3_family-210;rm2:rnd-5_family-819	edta,fastltr,pantera,rm2	True	14	59048	2904	pantera:Unknown_470-fGobNig	757	406.0	len_inconsistent	141-6432	repeat:TE:ClassI:LTR:Gypsy	DNA;DNA/DTC;DNA/DTM;DNA/PIF-Harbinger;DNA/TcMar-Tc1;LINE/L2;LTR/Gypsy;LTR/Unknown;LTR/unknown;SINE;Unknown	9.025000095367432	0.9999687997254376	0.0	True	8.462965411753494
191	5	3	edta:TE_00002952;pantera:Unknown_571-fGobNig;pantera:Unknown_572-fGobNig;rm2:ltr-1_family-359;rm2:rnd-1_family-286	edta,pantera,rm2	True	4	88691	28310	rm2:rnd-1_family-286	14783	269.0	len_inconsistent	112-269	repeat:TE:ClassI:LINE:Jockey	LINE/L2;LTR/Unknown;Unknown	8.199999809265137	0.9403683433644141	0.0034686536485097636	True	8.392308212729517
35	14	4	edta:TE_00000243;edta:TE_00000420;edta:TE_00000663;edta:TE_00000677;edta:TE_00002022;fastltr:CONS_20-2960_clus4_tsdl0_tsdc0.0_tsdmnone;pantera:Unknown_565-fGobNig;pantera:Unknown_566-fGobNig;pantera:Unknown_567-fGobNig;rm2:ltr-1_family-336;rm2:ltr-1_family-337;rm2:ltr-1_family-410;rm2:ltr-1_family-411;rm2:rnd-2_family-27	edta,fastltr,pantera,rm2	True	7	8287	2119	rm2:rnd-2_family-27	1057	269.0	len_inconsistent	268-2960	repeat:TE:ClassII	DNA;DNA/DTC;DNA/DTM;LTR/Gypsy;LTR/Unknown;MITE/DTM;Unknown	11.349999904632568	0.9923839236557166	0.0	True	8.31851488036651
68	11	4	edta:TE_00000117;edta:TE_00000982;fastltr:CONS_71-6019_clus5_tsdl5_tsdc0.67_tsdmDWSAD;pantera:(TTATG)n;pantera:Unknown_578-fGobNig;rm2:(TTATG)n;rm2:ltr-1_family-249;rm2:ltr-1_family-250;rm2:rnd-1_family-20;rm2:rnd-3_family-78;rm2:rnd-5_family-6907	edta,fastltr,pantera,rm2	True	4	8929	1746	rm2:rnd-1_family-20	772	258.0	len_inconsistent	26-6019	repeat:TE:ClassI:LTR:Gypsy	DNA;DNA/Helitron;LTR/Gypsy;LTR/Unknown;Simple_repeat;Unknown	12.0	0.9987949992468745	0.0013827044762127958	True	8.240839238616426
0	70	3	edta:TE_00000121;edta:TE_00000512;edta:TE_00000535;edta:TE_00000853;edta:TE_00001059;edta:TE_00001578;edta:TE_00001599;edta:TE_00001912;edta:TE_00002015;edta:TE_00002077;edta:TE_00002226;edta:TE_00002348;edta:TE_00002934;edta:TE_00002957;edta:TE_00003019;edta:TE_00003171;pantera:Unknown_192-fGobNig;pantera:Unknown_206-fGobNig;pantera:Unknown_26-fGobNig;pantera:Unknown_285-fGobNig;pantera:Unknown_291-fGobNig;pantera:Unknown_292-fGobNig;pantera:Unknown_296-fGobNig;pantera:Unknown_300-fGobNig;pantera:Unknown_302-fGobNig;pantera:Unknown_304-fGobNig;pantera:Unknown_306-fGobNig;pantera:Unknown_307-fGobNig;pantera:Unknown_308-fGobNig;pantera:Unknown_319-fGobNig;pantera:Unknown_323-fGobNig;pantera:Unknown_327-fGobNig;pantera:Unknown_329-fGobNig;pantera:Unknown_337-fGobNig;pantera:Unknown_343-fGobNig;pantera:Unknown_346-fGobNig;pantera:Unknown_350-fGobNig;pantera:Unknown_351-fGobNig;pantera:Unknown_356-fGobNig;pantera:Unknown_365-fGobNig;pantera:Unknown_366-fGobNig;pantera:Unknown_375-fGobNig;pantera:Unknown_384-fGobNig;pantera:Unknown_387-fGobNig;pantera:Unknown_410-fGobNig;pantera:Unknown_428-fGobNig;pantera:Unknown_431-fGobNig;pantera:Unknown_441-fGobNig;pantera:Unknown_445-fGobNig;pantera:Unknown_479-fGobNig;pantera:Unknown_486-fGobNig;pantera:Unknown_487-fGobNig;pantera:hAT_1-fGobNig;rm2:ltr-1_family-351;rm2:ltr-1_family-449;rm2:ltr-1_family-472;rm2:rnd-1_family-379;rm2:rnd-1_family-43;rm2:rnd-1_family-536;rm2:rnd-1_family-543;rm2:rnd-2_family-46;rm2:rnd-4_family-134;rm2:rnd-4_family-140;rm2:rnd-4_family-552;rm2:rnd-4_family-5788;rm2:rnd-5_family-2013;rm2:rnd-5_family-4012;rm2:rnd-5_family-635;rm2:rnd-5_family-7574;rm2:rnd-5_family-7576	edta,pantera,rm2	True	19	459708	14623	rm2:ltr-1_family-351	4357	412.0	len_inconsistent	114-15036	repeat:TE:ClassII	DNA;DNA/Crypton-V;DNA/DTC;DNA/DTM;DNA/Merlin;DNA/TcMar-Tigger;DNA/hAT-Charlie;DNA/hAT-Tip100;DNA/hAT-hAT6;LINE/L2;LINE/RTE-BovB;LTR/Gypsy;LTR/Unknown;LTR/unknown;MITE/DTM;RC/Helitron;SINE/5S-Deu-L2;Satellite;Unknown	13.299999713897705	0.9983837863028368	3.687451602197721e-05	True	8.163420266297402
8	26	3	edta:TE_00000244;edta:TE_00000436;edta:TE_00000927;edta:TE_00001123;edta:TE_00001234;edta:TE_00001428;edta:TE_00002108;edta:TE_00002272;edta:TE_00003030;pantera:(ACATT)n;pantera:(GTTTG)n;pantera:(TGTAA)n;pantera:(TGTTTC)n;pantera:Unknown_370-fGobNig;pantera:Unknown_436-fGobNig;pantera:Unknown_440-fGobNig;pantera:Unknown_607-fGobNig;rm2:(ACATT)n;rm2:ltr-1_family-141;rm2:ltr-1_family-142;rm2:ltr-1_family-374;rm2:ltr-1_family-393;rm2:ltr-1_family-484;rm2:rnd-1_family-346;rm2:rnd-4_family-2420;rm2:rnd-4_family-912	edta,pantera,rm2	True	3	131933	13113	pantera:Unknown_440-fGobNig	7812	449.0	len_inconsistent	30-9606	repeat:TE:ClassI:LTR	DNA;DNA/DTC;DNA/DTH;DNA/DTM;DNA/Helitron;DNA/TcMar-Tc1;LTR/Unknown;LTR/unknown;MITE/DTC;RC/Helitron;SINE/MIR;Simple_repeat;Unknown	12.474999904632568	1.0	0.001092373864955281	True	8.117702061209314
59	12	3	edta:TE_00000351;edta:TE_00000458;edta:TE_00001251;edta:TE_00001317;edta:TE_00001386;edta:TE_00001450;edta:TE_00001907;edta:TE_00002346;edta:TE_00002622;pantera:Unknown_390-fGobNig;pantera:Unknown_415-fGobNig;rm2:rnd-1_family-608	edta,pantera,rm2	True	3	28060	10125	pantera:Unknown_390-fGobNig	5132	497.0	len_inconsistent	483-497	repeat:TE:ClassII	DNA;DNA/DTC;DNA/DTH;DNA/DTM;Unknown	5.299999952316284	0.9843906462801271	0.0030656825149278444	True	7.989785678166832
24	19	3	edta:TE_00000254;edta:TE_00000428;edta:TE_00000921;edta:TE_00001682;edta:TE_00002317;edta:TE_00002855;edta:TE_00002898;edta:TE_00003044;pantera:Unknown_334-fGobNig;pantera:Unknown_389-fGobNig;pantera:Unknown_391-fGobNig;pantera:Unknown_392-fGobNig;pantera:Unknown_393-fGobNig;pantera:Unknown_398-fGobNig;pantera:Unknown_401-fGobNig;pantera:Unknown_424-fGobNig;rm2:rnd-2_family-115;rm2:rnd-2_family-126;rm2:rnd-5_family-46	edta,pantera,rm2	True	9	56903	9721	rm2:rnd-2_family-126	4744	499.0	len_inconsistent	420-737	repeat:TE:ClassII	DNA;DNA/DTC;DNA/DTH;DNA/DTM;LINE/RTE-BovB;LTR/unknown;Unknown	11.0	0.9500119773229353	0.0	True	7.937722920453242
28	17	4	edta:TE_00000474;edta:TE_00001368;edta:TE_00001905;edta:TE_00001978;edta:TE_00002760;fastltr:CONS_68-6899_clus3_tsdl2_tsdc0.67_tsdmAA;pantera:Gypsy_15-fGobNig;pantera:Unknown_546-fGobNig;rm2:ltr-1_family-127;rm2:ltr-1_family-178;rm2:ltr-1_family-221;rm2:ltr-1_family-338;rm2:ltr-1_family-381;rm2:ltr-1_family-385;rm2:ltr-1_family-386;rm2:ltr-1_family-414;rm2:ltr-1_family-442	edta,fastltr,pantera,rm2	True	9	3782	766	pantera:Unknown_546-fGobNig	311	300.0	ok	300-6899	repeat:TE:ClassI:LTR	LTR/Gypsy;LTR/Unknown;LTR/unknown;Unknown	10.199999809265137	1.0	0.0	True	7.884228769632604
16	22	4	edta:TE_00000194;edta:TE_00000203;edta:TE_00000431;edta:TE_00000955;edta:TE_00002036;edta:TE_00002054;edta:TE_00003010;fastltr:CONS_108-7888_clus7_tsdl5_tsdc0.8_tsdmVBHHS;fastltr:CONS_119-7496_clus5_tsdl5_tsdc0.83_tsdmDBHWN;pantera:Pao_11-fGobNig;pantera:Unknown_97-fGobNig;rm2:ltr-1_family-184;rm2:ltr-1_family-185;rm2:ltr-1_family-55;rm2:ltr-1_family-56;rm2:rnd-1_family-332;rm2:rnd-3_family-975;rm2:rnd-4_family-1670;rm2:rnd-4_family-2571;rm2:rnd-4_family-916;rm2:rnd-4_family-990;rm2:rnd-5_family-683	edta,fastltr,pantera,rm2	True	9	9389	517	rm2:rnd-4_family-990	129	369.0	len_inconsistent	134-8701	repeat:TE:ClassII	DNA;DNA/DTC;DNA/Helitron;DNA/PIF-ISL2EU;DNA/TcMar-Tigger;LINE/Rex-Babar;LTR/Gypsy;LTR/Pao;LTR/Unknown;LTR/unknown;Unknown	10.049999713897705	1.0	0.0	True	7.713490543093942
4	37	3	edta:TE_00001144;edta:TE_00001160;edta:TE_00001195;edta:TE_00001611;edta:TE_00001675;edta:TE_00001831;edta:TE_00002456;edta:TE_00002461;pantera:(AAGG)n;pantera:(AAGGAAGG)n;pantera:(AGGA)n;pantera:(CCTT)n;pantera:(CTTC)n;pantera:(CTTCCTTC)n;pantera:(GAAG)n;pantera:(GAAGGAAA)n;pantera:(GGAA)n;pantera:(GGAAGGAA)n;pantera:(TCCT)n;pantera:(TTCC)n;pantera:Unknown_498-fGobNig;pantera:Unknown_499-fGobNig;rm2:(AAGG)n;rm2:(AAGGAAGG)n;rm2:(AGGA)n;rm2:(CCTT)n;rm2:(CTTC)n;rm2:(CTTCCTTC)n;rm2:(GAAG)n;rm2:(GAAGGAAA)n;rm2:(GGAA)n;rm2:(GGAAGGAA)n;rm2:(TCCT)n;rm2:(TTCC)n;rm2:rnd-1_family-306;rm2:rnd-1_family-526;rm2:rnd-5_family-2254	edta,pantera,rm2	True	2	21175	4821	rm2:rnd-1_family-306	1566	355.0	len_inconsistent	22-5516	repeat:tandem:simple	DNA;DNA/DTC;DNA/DTM;DNA/DTT;LTR/unknown;MITE/DTM;Simple_repeat;Unknown	8.800000190734863	1.0	0.0013718528082633957	True	7.683137131483007
57	12	3	edta:TE_00000024;edta:TE_00001202;edta:TE_00001845;edta:TE_00002283;edta:TE_00002753;pantera:Unknown_404-fGobNig;pantera:Unknown_406-fGobNig;pantera:Unknown_425-fGobNig;rm2:ltr-1_family-486;rm2:rnd-3_family-126;rm2:rnd-3_family-233;rm2:rnd-4_family-1700	edta,pantera,rm2	True	5	17417	4167	rm2:rnd-3_family-233	1400	488.0	len_inconsistent	463-6588	repeat:TE:ClassI:LTR	DNA/DTC;DNA/DTM;LTR/Gypsy;Unknown	13.050000190734863	0.9983888832947336	0.0	True	7.618212383752011
40	14	4	edta:TE_00000158;edta:TE_00000169;edta:TE_00001271;edta:TE_00001451;edta:TE_00001468;edta:TE_00001594;edta:TE_00002138;edta:TE_00002455;edta:TE_00002574;fastltr:CONS_10-4777_clus4_tsdl5_tsdc0.67_tsdmCYYGK;pantera:Gypsy_28-fGobNig;rm2:ltr-1_family-254;rm2:ltr-1_family-302;rm2:rnd-2_family-10	edta,fastltr,pantera,rm2	True	2	9395	404	rm2:rnd-2_family-10	387	373.0	len_inconsistent	373-4783	repeat:TE:ClassII:TIR:hAT	DNA/DTC;DNA/DTH;DNA/Helitron;DNA/hAT-Ac;LTR/Gypsy;MITE/DTA;MITE/DTH	15.700000286102295	0.9999329534026148	0.0	False	7.6063143185132205
115	8	4	edta:TE_00000089;edta:TE_00000385;fastltr:CONS_4-7367_clus68_tsdl4_tsdc0.94_tsdmNNNN;pantera:Gypsy_10-fGobNig;pantera:Gypsy_9-fGobNig;pantera:Unknown_466-fGobNig;rm2:ltr-1_family-35;rm2:ltr-1_family-36	edta,fastltr,pantera,rm2	True	6	993	394	rm2:ltr-1_family-35	177	423.0	ok	414-7367	repeat:TE:ClassI:LTR:Gypsy	LTR/Gypsy;LTR/Unknown;LTR/unknown;Unknown	6.549999952316284	1.0	0.0	True	7.595496221825574
105	8	3	edta:TE_00002265;edta:TE_00002491;pantera:Unknown_541-fGobNig;pantera:Unknown_548-fGobNig;pantera:Unknown_549-fGobNig;rm2:rnd-1_family-219;rm2:rnd-1_family-455;rm2:rnd-4_family-241	edta,pantera,rm2	True	6	19707	3882	rm2:rnd-1_family-455	1826	297.0	len_inconsistent	297-364	repeat:TE:ClassII	DNA;DNA/DTC;DNA/Helitron;DNA/hAT-Blackjack;DNA/hAT-Charlie;Unknown	9.349999904632568	0.9922508593167056	0.011759851454507943	True	7.581306390369049
51	13	3	edta:TE_00000023;edta:TE_00000109;edta:TE_00000140;edta:TE_00000464;edta:TE_00000573;edta:TE_00000742;edta:TE_00000945;edta:TE_00002088;pantera:Unknown_405-fGobNig;pantera:Unknown_407-fGobNig;pantera:Unknown_408-fGobNig;pantera:Unknown_465-fGobNig;rm2:rnd-2_family-167	edta,pantera,rm2	True	4	10845	3549	rm2:rnd-2_family-167	1819	476.0	ok	415-488	repeat:TE:ClassII	DNA;DNA/DTC;DNA/DTM;Unknown	10.0	0.986500909459886	0.0025004101722723546	True	7.53660690880748
14	23	4	edta:TE_00000150;edta:TE_00000159;edta:TE_00001330;edta:TE_00001346;edta:TE_00001492;edta:TE_00001510;edta:TE_00002784;edta:TE_00002797;fastltr:CONS_114-2905_clus5_tsdl5_tsdc0.75_tsdmHDMRK;fastltr:CONS_98-2965_clus4_tsdl0_tsdc0.0_tsdmnone;pantera:Pao_2-fGobNig;rm2:ltr-1_family-23;rm2:ltr-1_family-24;rm2:ltr-1_family-279;rm2:ltr-1_family-361;rm2:ltr-1_family-362;rm2:ltr-1_family-478;rm2:ltr-1_family-479;rm2:ltr-1_family-489;rm2:ltr-1_family-490;rm2:ltr-1_family-51;rm2:ltr-1_family-52;rm2:rnd-1_family-293	edta,fastltr,pantera,rm2	True	9	4870	334	rm2:rnd-1_family-293	223	199.0	ok	199-2965	repeat:TE:ClassI:LTR:BelPao	DNA/DTH;DNA/Helitron;LTR/Bel-Pao;LTR/Pao;LTR/Unknown;Unknown	12.525000095367432	1.0	0.0	True	7.523746466811565
248	4	3	edta:TE_00003031;edta:TE_00003220;pantera:Unknown_287-fGobNig;rm2:rnd-1_family-193	edta,pantera,rm2	True	2	35853	4207	pantera:Unknown_287-fGobNig	2126	722.0	len_inconsistent	722-722	repeat:TE:ClassI:LINE:Jockey	LINE/L2;LINE/RTE-BovB;Unknown	17.449999809265137	0.8910224888611303	0.005843398437580737	False	7.514995000878127
370	3	3	edta:TE_00003113;pantera:Unknown_524-fGobNig;rm2:rnd-1_family-95	edta,pantera,rm2	True	2	27994	3194	pantera:Unknown_524-fGobNig	3173	326.0	len_inconsistent	326-381	repeat:TE:ClassI:LINE:RTE	LINE/RTE-BovB;Unknown	5.900000095367432	0.949336247656466	0.012615190187017917	True	7.45367115945893
9	26	3	edta:OX637605.1:9853057..9866763;edta:TE_00000213;edta:TE_00000590;edta:TE_00000635;edta:TE_00000700;edta:TE_00000715;edta:TE_00000843;edta:TE_00000851;edta:TE_00000870;edta:TE_00001692;edta:TE_00001813;edta:TE_00001935;edta:TE_00002060;edta:TE_00002078;edta:TE_00002291;edta:TE_00002447;edta:TE_00002464;edta:TE_00002581;edta:TE_00002596;edta:TE_00002802;edta:TE_00002815;edta:TE_00003229;pantera:Unknown_474-fGobNig;rm2:ltr-1_family-196;rm2:ltr-1_family-360;rm2:rnd-1_family-448	edta,pantera,rm2	True	1	81402	2818	pantera:Unknown_474-fGobNig	2801	402.0	ok	232-13483	repeat:TE:ClassI:LINE:RTE	DNA/DTC;DNA/DTH;DNA/DTM;DNA/Helitron;LINE/L2;LINE/RTE-X;LTR/Unknown;LTR/unknown;MITE/DTC;Unknown	14.125	1.0	0.0	True	7.449940988773338
148	6	3	edta:TE_00003016;pantera:Unknown_526-fGobNig;pantera:Unknown_529-fGobNig;pantera:Unknown_537-fGobNig;rm2:rnd-3_family-299;rm2:rnd-4_family-1870	edta,pantera,rm2	True	4	48730	3133	pantera:Unknown_529-fGobNig	1920	319.0	len_inconsistent	65-1992	repeat:TE:ClassI:SINE:5S	SINE/5S;SINE/5S-Deu-L2;Unknown	10.575000286102295	0.9217189199881317	0.0011373751359905055	True	7.417679314869837
18	21	3	edta:TE_00000463;edta:TE_00000574;edta:TE_00000798;edta:TE_00000811;edta:TE_00001672;edta:TE_00001836;edta:TE_00002358;edta:TE_00002368;edta:TE_00002676;edta:TE_00002875;pantera:Unknown_153-fGobNig;pantera:Unknown_155-fGobNig;pantera:Unknown_156-fGobNig;pantera:Unknown_158-fGobNig;pantera:Unknown_159-fGobNig;pantera:Unknown_163-fGobNig;pantera:Unknown_170-fGobNig;pantera:Unknown_173-fGobNig;pantera:Unknown_174-fGobNig;pantera:Unknown_233-fGobNig;rm2:rnd-1_family-265	edta,pantera,rm2	True	10	38010	2497	rm2:rnd-1_family-265	1219	1087.0	len_inconsistent	896-1096	repeat:TE:ClassII	DNA;DNA/DTC;DNA/DTH;DNA/DTM;DNA/DTT;Unknown	11.399999618530273	0.9986404384585971	0.0053181790554914	True	7.396058980809945
91	9	3	edta:TE_00000419;edta:TE_00000423;edta:TE_00002035;edta:TE_00002730;edta:TE_00002780;pantera:Unknown_239-fGobNig;rm2:rnd-1_family-511;rm2:rnd-5_family-3486;rm2:rnd-5_family-4260	edta,pantera,rm2	True	4	8761	2250	pantera:Unknown_239-fGobNig	1110	870.0	ok	282-873	repeat:TE:ClassII:TIR:CACTA	DNA/DTC;DNA/DTM;DNA/TcMar-Tc1;LTR/unknown;Unknown	5.800000190734863	0.9990825287255887	0.0013106732491589847	True	7.351265046836952
65	11	3	edta:TE_00000647;edta:TE_00001532;edta:TE_00001657;edta:TE_00002148;edta:TE_00002696;pantera:Unknown_513-fGobNig;pantera:Unknown_514-fGobNig;pantera:Unknown_516-fGobNig;pantera:Unknown_538-fGobNig;pantera:Unknown_555-fGobNig;rm2:rnd-1_family-364	edta,pantera,rm2	True	5	14111	2260	rm2:rnd-1_family-364	1119	341.0	len_inconsistent	293-341	repeat:TE:ClassII	DNA;DNA/DTC;DNA/DTM;DNA/hAT-Charlie;SINE	19.600000381469727	0.9777385438947929	0.00104542626011201	True	7.331846983042194
208	5	3	edta:OX637604.1:23020625..23031642;edta:TE_00002906;edta:TE_00003007;pantera:Unknown_580-fGobNig;rm2:ltr-1_family-352	edta,pantera,rm2	True	1	43087	2357	pantera:Unknown_580-fGobNig	2357	247.0	len_inconsistent	247-10195	repeat:TE:ClassI:LINE:L1	LINE/L1;LTR/unknown;SINE/MIR;Unknown;unknown	14.700000286102295	0.9559072821043256	0.00699185718759787	True	7.328266864628649
6	34	3	edta:OX637595.1:9542476..9549719;edta:OX637608.1:30668154..30675391;edta:TE_00000382;edta:TE_00000990;edta:TE_00001370;edta:TE_00001540;edta:TE_00002617;edta:TE_00003047;edta:TE_00003194;pantera:Unknown_102-fGobNig;pantera:Unknown_117-fGobNig;pantera:Unknown_120-fGobNig;pantera:Unknown_127-fGobNig;pantera:Unknown_129-fGobNig;pantera:Unknown_145-fGobNig;pantera:Unknown_147-fGobNig;pantera:Unknown_179-fGobNig;pantera:Unknown_202-fGobNig;pantera:Unknown_227-fGobNig;pantera:Unknown_82-fGobNig;pantera:hAT_11-fGobNig;pantera:hAT_13-fGobNig;pantera:hAT_16-fGobNig;pantera:hAT_17-fGobNig;pantera:hAT_18-fGobNig;pantera:hAT_30-fGobNig;pantera:hAT_39-fGobNig;pantera:hAT_40-fGobNig;rm2:ltr-1_family-47;rm2:rnd-1_family-344;rm2:rnd-1_family-474;rm2:rnd-4_family-1201;rm2:rnd-4_family-1994;rm2:rnd-4_family-282	edta,pantera,rm2	True	12	29915	2070	pantera:hAT_17-fGobNig	717	1636.0	len_inconsistent	128-11819	repeat:TE:ClassI:LINE:Jockey	DNA;DNA/DTA;DNA/DTC;DNA/Helitron;DNA/hAT-Ac;LINE/L1;LINE/L2;LTR/Gypsy;Unknown	12.575000286102295	0.9958620281973222	0.00794479043931998	True	7.311832373654241
76	10	3	edta:TE_00001155;pantera:(CTAGC)n;pantera:(GCACTA)n;pantera:(GCTAG)n;pantera:(GTGCTA)n;pantera:(TAGCC)n;rm2:(CTAGC)n;rm2:(GCTAG)n;rm2:rnd-3_family-30;rm2:rnd-5_family-353	edta,pantera,rm2	True	1	13793	2127	rm2:rnd-3_family-30	1330	669.0	len_inconsistent	29-669	repeat:tandem:simple	DNA/Helitron;Simple_repeat;Unknown	3.450000047683716	0.9700149925037481	0.009418901660280971	True	7.297782482406478
29	17	4	edta:TE_00000565;edta:TE_00000578;edta:TE_00000809;edta:TE_00000826;edta:TE_00001240;edta:TE_00001259;fastltr:CONS_45-8594_clus7_tsdl4_tsdc0.67_tsdmVBHW;pantera:Unknown_324-fGobNig;pantera:Unknown_326-fGobNig;pantera:hAT_48-fGobNig;rm2:ltr-1_family-133;rm2:ltr-1_family-134;rm2:ltr-1_family-251;rm2:ltr-1_family-39;rm2:ltr-1_family-40;rm2:ltr-1_family-45;rm2:ltr-1_family-46	edta,fastltr,pantera,rm2	True	6	1366	197	rm2:ltr-1_family-45	75	645.0	ok	634-8594	repeat:TE:ClassI:LTR	LTR;LTR/ERV1;LTR/Gypsy;LTR/Unknown;MITE/DTM;Unknown	3.549999952316284	1.0	3.627657258942175e-05	True	7.2944662261615925
112	8	3	edta:TE_00000828;edta:TE_00001318;edta:TE_00001375;edta:TE_00001379;edta:TE_00002106;edta:TE_00002904;pantera:Unknown_443-fGobNig;rm2:rnd-1_family-605	edta,pantera,rm2	True	2	10906	1934	rm2:rnd-1_family-605	975	448.0	len_inconsistent	448-448	repeat:TE:ClassII:TIR:PIFHarbinger	DNA/DTC;DNA/DTH;DNA/DTM;Unknown;unknown	15.749999523162842	0.992537839734828	0.0	False	7.278994309481811
58	12	3	edta:TE_00000416;edta:TE_00000467;edta:TE_00000602;edta:TE_00000725;edta:TE_00001076;edta:TE_00001471;edta:TE_00002101;edta:TE_00002252;edta:TE_00002377;pantera:Unknown_368-fGobNig;pantera:Unknown_385-fGobNig;rm2:rnd-1_family-315	edta,pantera,rm2	True	3	11702	1919	rm2:rnd-1_family-315	992	534.0	len_inconsistent	507-534	repeat:TE:ClassII:TIR:PIFHarbinger	DNA/DTC;DNA/DTH;DNA/DTM;MITE/DTH;Unknown	13.25	0.980585794059492	0.0033255642089704963	False	7.2636607687949635
34	14	3	edta:TE_00000084;edta:TE_00000260;edta:TE_00000732;edta:TE_00001677;edta:TE_00002483;edta:TE_00002509;edta:TE_00002682;pantera:Unknown_517-fGobNig;pantera:Unknown_518-fGobNig;pantera:Unknown_519-fGobNig;pantera:Unknown_520-fGobNig;pantera:Unknown_521-fGobNig;pantera:Unknown_522-fGobNig;rm2:rnd-1_family-110	edta,pantera,rm2	True	5	12477	1828	rm2:rnd-1_family-110	919	338.0	len_inconsistent	327-338	repeat:TE:ClassII	DNA;DNA/DTA;DNA/DTM;DNA/hAT-Charlie;LTR/Bel-Pao;MITE/DTA;MITE/DTM	11.050000190734863	0.9768932978466005	0.0031553483153945938	True	7.238869489244412
19	21	3	edta:TE_00000116;edta:TE_00000184;edta:TE_00000274;edta:TE_00000551;edta:TE_00000846;edta:TE_00001182;edta:TE_00001649;edta:TE_00001784;edta:TE_00002154;edta:TE_00002169;edta:TE_00002270;edta:TE_00002908;pantera:TcMar-Tc1_3-fGobNig;pantera:TcMar-Tc1_4-fGobNig;pantera:Unknown_62-fGobNig;pantera:hAT_20-fGobNig;rm2:rnd-1_family-143;rm2:rnd-1_family-254;rm2:rnd-1_family-348;rm2:rnd-5_family-2147;rm2:rnd-5_family-6132	edta,pantera,rm2	True	8	25879	1688	rm2:rnd-1_family-254	724	1633.0	len_inconsistent	274-1633	repeat:TE:ClassII:TIR:Tc1Mariner	DNA;DNA/DTC;DNA/DTH;DNA/DTM;DNA/PIF-Harbinger;DNA/TcMar-Tc1;LTR/unknown;Unknown;unknown	8.399999618530273	0.9996332294150009	0.0	True	7.227005671704638
17	22	4	edta:TE_00000222;edta:TE_00000231;edta:TE_00000263;edta:TE_00001055;edta:TE_00001643;edta:TE_00002164;edta:TE_00002179;edta:TE_00002569;fastltr:CONS_26-8509_clus5_tsdl2_tsdc0.33_tsdmGG;fastltr:CONS_47-8240_clus3_tsdl4_tsdc0.5_tsdmCAAG;fastltr:CONS_50-7982_clus13_tsdl3_tsdc0.11_tsdmATA;fastltr:CONS_51-8054_clus7_tsdl4_tsdc0.8_tsdmYWTR;pantera:Gypsy_22-fGobNig;pantera:Gypsy_7-fGobNig;pantera:Unknown_139-fGobNig;rm2:ltr-1_family-428;rm2:ltr-1_family-72;rm2:rnd-4_family-1113;rm2:rnd-4_family-2147;rm2:rnd-5_family-350;rm2:rnd-5_family-4886;rm2:rnd-5_family-6072	edta,fastltr,pantera,rm2	True	9	2043	166	rm2:rnd-4_family-1113	47	1165.0	ok	421-8509	repeat:TE:ClassI:LTR:Gypsy	DNA/DTC;LTR/Gypsy;LTR/Unknown;MITE/DTC;Unknown	11.800000190734863	1.0	0.0	True	7.220108088040055
203	5	3	edta:TE_00000720;pantera:Unknown_525-fGobNig;rm2:ltr-1_family-186;rm2:ltr-1_family-199;rm2:rnd-5_family-1158	edta,pantera,rm2	True	3	6862	1669	pantera:Unknown_525-fGobNig	833	324.0	len_inconsistent	324-721	repeat:TE:ClassI:LTR	LTR/Unknown;LTR/unknown;Unknown	8.600000381469727	0.9855560445322522	0.011859505474867596	True	7.2080123812115
67	11	3	edta:TE_00000268;edta:TE_00000671;edta:TE_00001001;edta:TE_00001143;edta:TE_00001479;edta:TE_00001534;edta:TE_00001827;edta:TE_00002375;pantera:Unknown_8-fGobNig;rm2:rnd-1_family-587;rm2:rnd-5_family-3423	edta,pantera,rm2	True	3	14233	1556	rm2:rnd-1_family-587	1512	393.0	len_inconsistent	393-4152	repeat:TE:ClassII:TIR:CACTA	DNA;DNA/DTC;DNA/DTM;Unknown	16.600000381469727	0.9949347476312497	0.0011057307355015822	True	7.186944340284921
80	10	4	edta:TE_00001287;edta:TE_00001774;fastltr:CONS_15a-8247_clus42_tsdl4_tsdc0.83_tsdmNNNN;fastltr:CONS_15b-7853_clus6_tsdl2_tsdc0.29_tsdmAT;pantera:ERV1_1-fGobNig-int;pantera:ERV1_2-fGobNig-int;pantera:ERV1_3-fGobNig-int;rm2:ltr-1_family-516;rm2:rnd-1_family-337;rm2:rnd-4_family-495	edta,fastltr,pantera,rm2	True	6	2073	141	fastltr:CONS_15a-8247_clus42_tsdl4_tsdc0.83_tsdmNNNN	44	8247.0	ok	773-8307	repeat:TE:ClassI:LTR:ERV	LTR/ERV1;LTR/Gypsy;Unknown	7.375	0.9999458562828861	0.0077645199574095485	False	7.1491649689382655
71	11	3	edta:TE_00000348;edta:TE_00000479;edta:TE_00001215;edta:TE_00001944;edta:TE_00002639;pantera:(AATGTA)n;pantera:(CATTTA)n;pantera:Unknown_420-fGobNig;rm2:rnd-1_family-570;rm2:rnd-4_family-2735;rm2:rnd-4_family-51	edta,pantera,rm2	True	3	7140	1361	rm2:rnd-4_family-2735	579	484.0	len_inconsistent	58-569	repeat:TE:ClassII:TIR:CACTA	DNA/DTC;DNA/DTM;Simple_repeat;Unknown	14.899999618530273	0.994582340176608	0.0012539899680802553	False	7.128440465379943
11	25	4	edta:TE_00000081;edta:TE_00000648;edta:TE_00001099;edta:TE_00001111;edta:TE_00001131;edta:TE_00001647;edta:TE_00002065;edta:TE_00002882;edta:TE_00002894;fastltr:CONS_129-4576_clus4_tsdl5_tsdc0.75_tsdmRDWWB;fastltr:CONS_3-4593_clus4_tsdl0_tsdc0.0_tsdmnone;fastltr:CONS_67-4478_clus7_tsdl5_tsdc0.67_tsdmBRVHD;fastltr:CONS_94-4617_clus5_tsdl5_tsdc0.67_tsdmSYTYK;pantera:Copia_7-fGobNig;rm2:ltr-1_family-10;rm2:ltr-1_family-297;rm2:ltr-1_family-298;rm2:ltr-1_family-3;rm2:ltr-1_family-347;rm2:ltr-1_family-348;rm2:ltr-1_family-4;rm2:ltr-1_family-433;rm2:ltr-1_family-49;rm2:ltr-1_family-50;rm2:ltr-1_family-9	edta,fastltr,pantera,rm2	True	9	3526	131	rm2:ltr-1_family-297	22	204.0	ok	204-4617	repeat:TE:ClassI:LTR:Copia	DNA/DTC;LTR/Copia;LTR/Unknown	8.649999618530273	1.0	0.0	True	7.117271295655764
89	9	3	edta:TE_00000306;edta:TE_00002662;pantera:hAT_43-fGobNig;rm2:rnd-1_family-177;rm2:rnd-1_family-300;rm2:rnd-1_family-358;rm2:rnd-1_family-578;rm2:rnd-4_family-295;rm2:rnd-5_family-4768	edta,pantera,rm2	True	3	13491	1290	rm2:rnd-1_family-578	745	466.0	len_inconsistent	142-1610	repeat:TE:ClassII	DNA;DNA/DTC;DNA/Helitron;DNA/TcMar-Tc2;Unknown	8.100000381469727	0.9946958152619857	0.001703847525458652	True	7.105285525561235
124	7	3	edta:TE_00000424;edta:TE_00000801;edta:TE_00002467;edta:TE_00002588;pantera:Unknown_226-fGobNig;pantera:Unknown_244-fGobNig;rm2:rnd-1_family-2	edta,pantera,rm2	True	3	29644	1419	rm2:rnd-1_family-2	743	735.0	len_inconsistent	735-913	repeat:TE:ClassII	DNA;DNA/DTC;DNA/DTM;Unknown	18.600000381469727	0.9478911891084257	0.0025230225810521003	True	7.0998735845659
13	23	3	edta:TE_00000552;edta:TE_00000555;edta:TE_00000781;edta:TE_00002842;edta:TE_00002867;pantera:(AAGTC)n;pantera:(AAGTCC)n;pantera:(ACTTG)n;pantera:(AGTCA)n;pantera:(CAAGT)n;pantera:(CAAGTCA)n;pantera:(CAAGTCC)n;pantera:(GACTC)n;pantera:(GACTT)n;pantera:(GACTTG)n;pantera:(GTCAA)n;pantera:(TCAAG)n;pantera:(TGACT)n;pantera:(TGACTTG)n;rm2:(GACTT)n;rm2:(GTCAA)n;rm2:(TCAAG)n;rm2:rnd-1_family-179	edta,pantera,rm2	True	1	7078	1216	pantera:(GACTT)n	237	52.0	len_inconsistent	26-1189	repeat:tandem:simple	DNA/DTA;DNA/DTC;DNA/DTM;DNA/hAT-Ac;MITE/DTA;Simple_repeat	12.399999618530273	1.0	0.0	False	7.084933574936716
46	13	3	edta:TE_00000297;edta:TE_00000417;edta:TE_00000705;edta:TE_00000722;edta:TE_00000817;edta:TE_00001309;edta:TE_00001750;edta:TE_00002611;edta:TE_00002796;edta:TE_00002922;pantera:Unknown_388-fGobNig;pantera:Unknown_413-fGobNig;rm2:rnd-2_family-97	edta,pantera,rm2	True	3	21646	1341	rm2:rnd-2_family-97	731	496.0	len_inconsistent	485-499	repeat:TE:ClassII:TIR:CACTA	DNA/DTC;DNA/DTH;DNA/DTM;Unknown;unknown	19.849998474121094	0.9547230398715547	0.0033045246568378242	True	7.082151817723153
75	11	4	edta:TE_00000337;edta:TE_00000443;edta:TE_00001018;edta:TE_00002666;fastltr:CONS_12-7041_clus10_tsdl4_tsdc0.5_tsdmGGAG;fastltr:CONS_44-7246_clus4_tsdl0_tsdc0.0_tsdmnone;pantera:Gypsy_14-fGobNig;rm2:ltr-1_family-151;rm2:ltr-1_family-152;rm2:ltr-1_family-37;rm2:ltr-1_family-38	edta,fastltr,pantera,rm2	True	5	1365	119	rm2:ltr-1_family-37	41	816.0	ok	816-7246	repeat:TE:ClassI:LTR:Gypsy	LTR/Gypsy;LTR/Unknown	7.3999998569488525	0.999846989518782	0.0	True	7.075393950911313
45	13	3	edta:TE_00003217;pantera:(AAAATGTGAC)n;pantera:(AAATGACAAA)n;pantera:(CATTTTTTCGTCA)n;pantera:(GTCATTTTTT)n;pantera:(TTTTGTCACA)n;pantera:Unknown_581-fGobNig;rm2:(AAAATGTGAC)n;rm2:(AAATGACAAA)n;rm2:(CATTTTTTCGTCA)n;rm2:(GTCATTTTTT)n;rm2:(TTTTGTCACA)n;rm2:rnd-5_family-2378	edta,pantera,rm2	True	2	47174	1172	pantera:Unknown_581-fGobNig	1008	241.0	len_inconsistent	42-5008	repeat:tandem:simple	SINE/5S-Deu-L2;SINE/MIR;Simple_repeat;Unknown	6.149999618530273	1.0	0.020728299067489415	False	7.0689276116820725
31	16	4	edta:OX637603.1:13925321..13932398;edta:OX637614.1:1951980..1959030;edta:TE_00000580;edta:TE_00000593;edta:TE_00001248;edta:TE_00002197;fastltr:CONS_21-7125_clus4_tsdl0_tsdc0.0_tsdmnone;fastltr:CONS_42-6961_clus8_tsdl5_tsdc0.75_tsdmDWDAY;fastltr:CONS_69-7050_clus3_tsdl0_tsdc0.0_tsdmnone;pantera:Pao_16-fGobNig;rm2:ltr-1_family-197;rm2:ltr-1_family-198;rm2:ltr-1_family-328;rm2:ltr-1_family-329;rm2:ltr-1_family-61;rm2:ltr-1_family-62	edta,fastltr,pantera,rm2	True	5	1201	115	rm2:ltr-1_family-328	59	547.0	ok	492-7125	repeat:TE:ClassI:LTR:BelPao	DNA/DTC;LTR/Gypsy;LTR/Pao;LTR/Unknown	15.625	1.0	0.0	True	7.060697840353612
44	13	3	edta:TE_00000622;edta:TE_00000716;edta:TE_00000907;edta:TE_00000959;edta:TE_00001951;edta:TE_00002094;edta:TE_00002827;pantera:Unknown_199-fGobNig;pantera:Unknown_209-fGobNig;pantera:Unknown_210-fGobNig;pantera:Unknown_212-fGobNig;pantera:Unknown_216-fGobNig;rm2:rnd-2_family-392	edta,pantera,rm2	True	6	11115	1151	rm2:rnd-2_family-392	538	937.0	len_inconsistent	937-985	repeat:TE:ClassII:TIR:hAT	DNA;DNA/DTA;DNA/DTC;DNA/DTM;DNA/hAT-Ac	8.100000381469727	0.9983495782534351	0.007800474072395199	True	7.059424901883228
50	13	3	edta:TE_00002943;edta:TE_00002988;edta:TE_00003011;edta:TE_00003017;edta:TE_00003168;pantera:Unknown_231-fGobNig;pantera:Unknown_472-fGobNig;pantera:Unknown_592-fGobNig;pantera:hAT_55-fGobNig;rm2:rnd-1_family-129;rm2:rnd-1_family-7;rm2:rnd-2_family-145;rm2:rnd-3_family-966	edta,pantera,rm2	True	6	45020	1167	rm2:rnd-1_family-7	339	762.0	len_inconsistent	216-899	repeat:TE:ClassI:LINE:RTE	DNA/TcMar-Tc1;LINE/L2;LINE/Rex-Babar;LTR/Ngaro;SINE/tRNA-V-RTE;Unknown	10.199999809265137	0.9916781416512004	0.00556504490605543	True	7.058748997696571
135	7	3	edta:TE_00000919;edta:TE_00000961;edta:TE_00001983;pantera:Unknown_490-fGobNig;pantera:Unknown_497-fGobNig;rm2:rnd-1_family-168;rm2:rnd-3_family-118	edta,pantera,rm2	True	4	13639	1155	rm2:rnd-3_family-118	431	173.0	len_inconsistent	173-375	repeat:TE:ClassII:TIR:hAT	DNA;DNA/DTC;DNA/DTM;DNA/hAT-Ac;MITE/DTA;Unknown	17.899999618530273	0.9941350427812791	0.0008266302101548341	True	7.056717027009443
74	11	4	edta:TE_00002016;edta:TE_00002034;edta:TE_00002468;fastltr:CONS_144-6166_clus6_tsdl5_tsdc0.8_tsdmVDNWV;fastltr:CONS_92-5904_clus7_tsdl5_tsdc0.86_tsdmVDWND;pantera:Pao_18-fGobNig;rm2:ltr-1_family-103;rm2:ltr-1_family-104;rm2:ltr-1_family-217;rm2:ltr-1_family-218;rm2:rnd-5_family-2396	edta,fastltr,pantera,rm2	True	7	888	105	rm2:ltr-1_family-217	37	460.0	len_inconsistent	452-6204	repeat:TE:ClassI:LTR:BelPao	DNA/DTM;LTR/Gypsy;LTR/Pao;LTR/Unknown;MITE/DTM	11.049999237060547	0.9999583792895345	0.00038021368008820956	True	7.021147678359473
99	8	3	edta:TE_00003012;pantera:PiggyBac_3-fGobNig;pantera:RTE_1-fGobNig;pantera:RTE_3-fGobNig;rm2:ltr-1_family-445;rm2:ltr-1_family-446;rm2:rnd-5_family-5396;rm2:rnd-5_family-5787	edta,pantera,rm2	True	4	58476	1003	rm2:ltr-1_family-445	626	225.0	len_inconsistent	225-4035	repeat:TE:ClassI:LINE:RTE	DNA/PiggyBac;LINE/RTE;LINE/RTE-BovB	7.099999904632568	0.9895524371464862	0.007471798740372976	False	6.990853370166905
195	5	3	edta:TE_00001922;edta:TE_00002146;pantera:Unknown_468-fGobNig;pantera:Unknown_484-fGobNig;rm2:rnd-2_family-33	edta,pantera,rm2	True	3	2886	957	rm2:rnd-2_family-33	473	433.0	ok	380-433	repeat:TE:ClassII:TIR:hAT	DNA;DNA/hAT-Charlie;MITE/DTA	6.800000190734863	0.99576220502042	0.00840723842723125	True	6.976674142797264
178	6	4	edta:TE_00001560;edta:TE_00002010;fastltr:CONS_31-5125_clus14_tsdl5_tsdc0.83_tsdmNHDHN;pantera:Pao_20-fGobNig;rm2:ltr-1_family-87;rm2:ltr-1_family-88	edta,fastltr,pantera,rm2	True	4	301	92	rm2:ltr-1_family-87	46	446.0	ok	446-5193	repeat:TE:ClassI:LTR:BelPao	LTR/Gypsy;LTR/Pao;MITE/DTA	4.0	0.9999581414817915	0.00401841774801172	False	6.963745968827347
123	7	3	edta:TE_00000525;edta:TE_00001156;edta:TE_00001630;edta:TE_00002046;edta:TE_00002212;pantera:Unknown_590-fGobNig;rm2:rnd-1_family-131	edta,pantera,rm2	True	2	4290	959	rm2:rnd-1_family-131	480	223.0	len_inconsistent	222-223	repeat:TE:ClassII	DNA;DNA/DTC;MITE/DTA;Unknown	13.399999618530273	0.9734759671746777	0.0	True	6.955294574345341
10	25	4	edta:TE_00000272;edta:TE_00000549;edta:TE_00001460;edta:TE_00001478;edta:TE_00002021;edta:TE_00002039;edta:TE_00002403;edta:TE_00002415;edta:TE_00002636;fastltr:CONS_19-6974_clus4_tsdl0_tsdc0.0_tsdmnone;fastltr:CONS_62-4745_clus3_tsdl5_tsdc0.5_tsdmGTCAG;fastltr:CONS_73-7418_clus10_tsdl5_tsdc0.5_tsdmMVHBB;pantera:Pao_10-fGobNig;pantera:Pao_9-fGobNig;rm2:ltr-1_family-209;rm2:ltr-1_family-210;rm2:ltr-1_family-259;rm2:ltr-1_family-260;rm2:ltr-1_family-372;rm2:ltr-1_family-408;rm2:ltr-1_family-409;rm2:ltr-1_family-532;rm2:ltr-1_family-75;rm2:ltr-1_family-76;rm2:rnd-4_family-660	edta,fastltr,pantera,rm2	True	6	1933	90	rm2:ltr-1_family-259	20	562.0	ok	210-7592	repeat:TE:ClassI:LTR:BelPao	DNA/DTC;DNA/DTM;LTR/Gypsy;LTR/Pao;LTR/Unknown;MITE/DTM	12.600000381469727	1.0	0.0	True	6.954242509439325
154	6	4	edta:TE_00001524;edta:TE_00001877;fastltr:CONS_1-7475_clus13_tsdl5_tsdc0.8_tsdmVKNDN;pantera:Pao_12-fGobNig;rm2:ltr-1_family-161;rm2:ltr-1_family-162	edta,fastltr,pantera,rm2	True	4	867	87	rm2:ltr-1_family-161	50	425.0	ok	425-7475	repeat:TE:ClassI:LTR:BelPao	LTR/Gypsy;LTR/Pao;LTR/Unknown	9.5	1.0	0.0010105462324901365	True	6.939519252618618
23	19	3	edta:TE_00000143;edta:TE_00000440;edta:TE_00000523;edta:TE_00000701;edta:TE_00000852;edta:TE_00001360;edta:TE_00001680;edta:TE_00001921;edta:TE_00001925;edta:TE_00002058;edta:TE_00002100;edta:TE_00002359;edta:TE_00002688;edta:TE_00002769;edta:TE_00002878;fastltr:CONS_115-7793_clus3_tsdl3_tsdc1.0_tsdmVAR;rm2:ltr-1_family-434;rm2:ltr-1_family-435;rm2:rnd-2_family-39	edta,fastltr,rm2	True	2	12628	848	rm2:rnd-2_family-39	794	544.0	len_inconsistent	544-7793	repeat:TE:ClassII:TIR:CACTA	DNA/DTC;DNA/DTM;LTR/Gypsy;LTR/Unknown;MITE/DTA;Unknown	12.800000190734863	0.9977754708586682	0.0011823071216617211	True	6.926171323115382
27	17	4	edta:TE_00000805;edta:TE_00000822;edta:TE_00001087;edta:TE_00001924;edta:TE_00001943;edta:TE_00002115;edta:TE_00002195;edta:TE_00002210;fastltr:CONS_128-6061_clus4_tsdl0_tsdc0.0_tsdmnone;fastltr:CONS_131-5363_clus3_tsdl2_tsdc0.33_tsdmGT;pantera:Gypsy_20-fGobNig;rm2:ltr-1_family-247;rm2:ltr-1_family-248;rm2:ltr-1_family-430;rm2:ltr-1_family-431;rm2:ltr-1_family-77;rm2:ltr-1_family-78	edta,fastltr,pantera,rm2	True	3	774	82	rm2:ltr-1_family-247	27	434.0	ok	434-6061	repeat:TE:ClassI:LTR:Gypsy	LTR/Gypsy;LTR/Unknown	11.074999809265137	1.0	0.0	True	6.913813852383717
25	19	3	edta:TE_00000630;edta:TE_00000774;edta:TE_00000878;edta:TE_00001801;edta:TE_00001842;edta:TE_00001911;edta:TE_00002492;edta:TE_00002597;pantera:(GGTGA)n;pantera:Unknown_41-fGobNig;rm2:ltr-1_family-189;rm2:ltr-1_family-190;rm2:ltr-1_family-191;rm2:ltr-1_family-265;rm2:ltr-1_family-266;rm2:ltr-1_family-459;rm2:rnd-1_family-436;rm2:rnd-1_family-547;rm2:rnd-4_family-619	edta,pantera,rm2	True	4	7732	816	rm2:rnd-1_family-436	733	320.0	len_inconsistent	47-2061	repeat:TE:ClassI:LTR	DNA/DTC;DNA/DTH;DNA/DTM;DNA/PIF-Harbinger;LTR;LTR/Unknown;LTR/unknown;Simple_repeat;Unknown	12.5	1.0	0.0	True	6.911690158753862
249	4	3	edta:TE_00002029;pantera:Unknown_426-fGobNig;rm2:rnd-1_family-63;rm2:rnd-5_family-584	edta,pantera,rm2	True	3	5500	832	rm2:rnd-1_family-63	415	465.0	ok	465-486	repeat:TE:ClassI:LTR	LTR/unknown;Unknown	6.574999809265137	0.9756136991071207	0.0	True	6.895737025397845
49	13	4	edta:TE_00000251;edta:TE_00000262;edta:TE_00000969;edta:TE_00001483;fastltr:CONS_112-7143_clus3_tsdl0_tsdc0.0_tsdmnone;fastltr:CONS_53-7671_clus6_tsdl0_tsdc0.0_tsdmnone;fastltr:CONS_60-7495_clus4_tsdl4_tsdc0.8_tsdmNDKR;pantera:Pao_14-fGobNig;rm2:ltr-1_family-111;rm2:ltr-1_family-112;rm2:ltr-1_family-477;rm2:ltr-1_family-69;rm2:ltr-1_family-70	edta,fastltr,pantera,rm2	True	4	742	78	rm2:ltr-1_family-111	38	305.0	ok	264-7671	repeat:TE:ClassI:LTR:BelPao	DNA/DTC;DNA/DTH;LTR/Gypsy;LTR/Pao;LTR/Unknown	15.899999618530273	0.9997916145703093	0.0	True	6.89188621726079
53	12	3	edta:AGT0000000020000_836;edta:TE_00000678;edta:TE_00002301;edta:TE_00002501;edta:TE_00002601;edta:TE_00002685;edta:TE_00002799;edta:TE_00002822;pantera:Unknown_249-fGobNig;pantera:Unknown_250-fGobNig;pantera:Unknown_254-fGobNig;rm2:rnd-1_family-606	edta,pantera,rm2	True	2	28819	809	rm2:rnd-1_family-606	409	845.0	len_inconsistent	844-853	repeat:TE:ClassII:TIR:CACTA	DNA/DTC;DNA/DTH;DNA/DTM;Simple_repeat;Unknown	10.099999904632568	0.977872340425532	0.010968063526030664	False	6.8858208620378045
151	6	3	edta:TE_00000093;pantera:(TGCTTG)n;rm2:ltr-1_family-29;rm2:ltr-1_family-30;rm2:rnd-3_family-1123;rm2:rnd-4_family-1501	edta,pantera,rm2	True	1	6566	834	rm2:ltr-1_family-29	539	853.0	len_inconsistent	42-5806	repeat:TE:ClassI:LTR	LTR/Unknown;LTR/unknown;RC/Helitron;SINE/ID;Simple_repeat	12.575000286102295	0.9637959937562425	0.17792323799469847	True	6.884962044393982
122	7	3	edta:TE_00002937;edta:TE_00002938;edta:TE_00003159;pantera:Unknown_488-fGobNig;rm2:rnd-1_family-559;rm2:rnd-4_family-1276;rm2:rnd-5_family-6008	edta,pantera,rm2	True	3	14471	773	pantera:Unknown_488-fGobNig	740	375.0	ok	375-5001	repeat:TE:ClassI:LINE:Jockey	LINE/L2;Unknown	12.399999618530273	0.993515106853353	0.0070375829034635224	True	6.881694600771678
77	10	3	edta:TE_00000320;edta:TE_00000695;edta:TE_00001372;edta:TE_00002355;edta:TE_00002877;pantera:Unknown_207-fGobNig;pantera:hAT_32-fGobNig;pantera:hAT_35-fGobNig;rm2:rnd-1_family-116;rm2:rnd-1_family-554	edta,pantera,rm2	True	5	9101	754	rm2:rnd-1_family-116	476	486.0	len_inconsistent	486-1287	repeat:TE:ClassII:TIR:hAT	DNA/DTA;DNA/hAT-Ac;MITE/DTA;MITE/DTM;Unknown	9.299999713897705	0.9953056568686139	0.000978363123236124	True	6.872677002738388
109	8	3	edta:TE_00000553;edta:TE_00000554;edta:TE_00000972;edta:TE_00002376;edta:TE_00002488;pantera:Unknown_185-fGobNig;pantera:Unknown_194-fGobNig;rm2:rnd-3_family-1047	edta,pantera,rm2	True	3	3676	739	rm2:rnd-3_family-1047	371	1016.0	len_inconsistent	996-1024	repeat:TE:ClassII:TIR:hAT	DNA;DNA/DTA;DNA/hAT-Charlie	7.900000095367432	0.9997481339011769	0.0	True	6.868392572296003
48	13	4	edta:TE_00001424;edta:TE_00001814;edta:TE_00001833;edta:TE_00002397;edta:TE_00002409;fastltr:CONS_120-7723_clus3_tsdl5_tsdc0.67_tsdmYTKAK;fastltr:CONS_58-7690_clus6_tsdl5_tsdc0.67_tsdmMKMWM;pantera:Pao_4-fGobNig;pantera:Pao_5-fGobNig;rm2:ltr-1_family-147;rm2:ltr-1_family-148;rm2:ltr-1_family-232;rm2:rnd-5_family-1389	edta,fastltr,pantera,rm2	True	5	651	70	rm2:rnd-5_family-1389	28	562.0	ok	452-7725	repeat:TE:ClassI:LTR:BelPao	DNA/DTC;LTR/Bel-Pao;LTR/Gypsy;LTR/Pao;MITE/DTH;Unknown	9.600000381469727	1.0	0.0	True	6.845098040014257
30	17	4	edta:TE_00000820;edta:TE_00000838;edta:TE_00001627;edta:TE_00002496;edta:TE_00002716;fastltr:CONS_139-9108_clus3_tsdl0_tsdc0.0_tsdmnone;fastltr:CONS_93-8875_clus5_tsdl0_tsdc0.0_tsdmnone;pantera:Gypsy_17-fGobNig;rm2:ltr-1_family-460;rm2:ltr-1_family-461;rm2:ltr-1_family-496;rm2:ltr-1_family-497;rm2:ltr-1_family-537;rm2:ltr-1_family-538;rm2:ltr-1_family-554;rm2:ltr-1_family-555;rm2:rnd-5_family-352	edta,fastltr,pantera,rm2	True	4	1066	70	rm2:ltr-1_family-496	16	586.0	ok	532-9407	repeat:TE:ClassI:LTR:Gypsy	LTR;LTR/Gypsy;LTR/Unknown	9.175000190734863	0.9996702613179056	0.0	True	6.844768301332163
33	15	4	edta:TE_00000034;edta:TE_00000545;edta:TE_00000557;edta:TE_00001090;edta:TE_00001949;edta:TE_00001970;fastltr:CONS_39-7531_clus5_tsdl5_tsdc0.8_tsdmYARVB;fastltr:CONS_81-6171_clus3_tsdl5_tsdc0.75_tsdmDVSMK;pantera:Pao_19-fGobNig;rm2:ltr-1_family-17;rm2:ltr-1_family-174;rm2:ltr-1_family-175;rm2:ltr-1_family-18;rm2:ltr-1_family-67;rm2:ltr-1_family-68	edta,fastltr,pantera,rm2	True	5	486	68	rm2:ltr-1_family-17	18	402.0	ok	391-7531	repeat:TE:ClassI:LTR:BelPao	DNA/DTC;DNA/Helitron;LTR/Bel-Pao;LTR/Gypsy;LTR/Pao;LTR/Unknown	15.625	1.0	0.0	True	6.832508912706237
284	4	3	edta:TE_00002586;pantera:TcMar-Tc1_12-fGobNig;pantera:TcMar-Tc1_2-fGobNig;rm2:rnd-1_family-610	edta,pantera,rm2	True	3	3613	661	rm2:rnd-1_family-610	312	1599.0	ok	1585-1628	repeat:TE:ClassII:TIR:Tc1Mariner	DNA/DTC;DNA/TcMar-Tc1	1.600000023841858	0.999554350501305	0.0014701080559795278	False	6.819755809986945
52	13	4	edta:TE_00001047;edta:TE_00001064;edta:TE_00001303;edta:TE_00001320;edta:TE_00001448;fastltr:CONS_101-4359_clus5_tsdl4_tsdc0.67_tsdmRGYW;fastltr:CONS_83-4262_clus4_tsdl3_tsdc0.5_tsdmCAG;pantera:Gypsy_1-fGobNig;rm2:ltr-1_family-155;rm2:ltr-1_family-156;rm2:ltr-1_family-269;rm2:ltr-1_family-270;rm2:ltr-1_family-48	edta,fastltr,pantera,rm2	True	4	532	65	rm2:ltr-1_family-155	26	172.0	ok	172-4359	repeat:TE:ClassI:LTR:Gypsy	LTR/Gypsy;LTR/Unknown	9.300000190734863	1.0	0.0	True	6.812913356642856
72	11	4	edta:TE_00000308;edta:TE_00000319;edta:TE_00000991;edta:TE_00001009;fastltr:CONS_137-5385_clus2_tsdl3_tsdc0.5_tsdmTTC;fastltr:CONS_66-5242_clus5_tsdl5_tsdc0.83_tsdmVWDWS;pantera:Gypsy_21-fGobNig;rm2:ltr-1_family-289;rm2:ltr-1_family-290;rm2:ltr-1_family-404;rm2:ltr-1_family-405	edta,fastltr,pantera,rm2	True	3	1395	65	rm2:ltr-1_family-404	27	556.0	len_inconsistent	445-5385	repeat:TE:ClassI:LTR:Gypsy	DNA/DTA;DNA/DTC;LTR/Gypsy;LTR/Unknown	15.399999618530273	0.9997533401849948	0.0	True	6.812666696827851
351	3	3	edta:TE_00001569;pantera:Unknown_357-fGobNig;rm2:rnd-3_family-82	edta,pantera,rm2	True	2	2472	672	rm2:rnd-3_family-82	341	556.0	len_inconsistent	555-556	repeat:TE:ClassII	DNA;DNA/DTC;Unknown	4.300000190734863	0.9829343328972029	0.012499326544905986	True	6.810303605951029
79	10	3	edta:TE_00000589;edta:TE_00001976;edta:TE_00003278;pantera:Unknown_29-fGobNig;rm2:ltr-1_family-207;rm2:rnd-1_family-580;rm2:rnd-2_family-212;rm2:rnd-5_family-1075;rm2:rnd-5_family-8511;rm2:rnd-5_family-9147	edta,pantera,rm2	True	2	10812	638	rm2:rnd-2_family-212	584	481.0	len_inconsistent+weak_3p	124-2686	repeat:TE:ClassI:LTR:Gypsy	DNA/Academ-1;LTR/Gypsy;LTR/Unknown;SINE/5S-Deu-L2;Unknown	6.599999904632568	0.9902660609993511	0.0	True	6.795086739720514
64	12	4	edta:TE_00000460;edta:TE_00000471;edta:TE_00001816;edta:TE_00002613;edta:TE_00002626;fastltr:CONS_133-7665_clus7_tsdl0_tsdc0.0_tsdmnone;fastltr:CONS_78-7390_clus5_tsdl5_tsdc0.8_tsdmVDHNV;pantera:Pao_6-fGobNig;rm2:ltr-1_family-239;rm2:ltr-1_family-240;rm2:ltr-1_family-314;rm2:ltr-1_family-315	edta,fastltr,pantera,rm2	True	7	755	62	rm2:ltr-1_family-239	15	657.0	ok	657-7665	repeat:TE:ClassI:LTR	DNA/DTC;LTR/Gypsy;LTR/Pao;LTR/Unknown	17.100000381469727	1.0	0.0	True	6.792391689498254
376	3	3	edta:TE_00002133;pantera:(ATATCG)n;rm2:rnd-1_family-117	edta,pantera,rm2	True	1	3004	727	rm2:rnd-1_family-117	670	251.0	ok	40-251	repeat:TE:ClassII	DNA/DTM;Simple_repeat;Unknown	13.199999809265137	0.9170188732526945	0.04134557326046688	False	6.778553284111733
177	6	4	edta:TE_00000685;edta:TE_00001204;fastltr:CONS_27-7040_clus9_tsdl4_tsdc0.67_tsdmNHBD;pantera:Gypsy_12-fGobNig;rm2:ltr-1_family-334;rm2:ltr-1_family-335	edta,fastltr,pantera,rm2	True	4	522	57	rm2:ltr-1_family-334	33	295.0	ok	295-7041	repeat:TE:ClassI:LTR:Gypsy	DNA/DTC;LTR/Gypsy;LTR/Unknown	10.200000047683716	1.0	0.0	True	6.7558748556724915
62	12	4	edta:TE_00000536;edta:TE_00001016;edta:TE_00001306;edta:TE_00002318;edta:TE_00002332;fastltr:CONS_116-7112_clus2_tsdl4_tsdc1.0_tsdmMTAW;fastltr:CONS_22-7479_clus5_tsdl3_tsdc0.67_tsdmRMY;pantera:Pao_13-fGobNig;rm2:ltr-1_family-168;rm2:ltr-1_family-169;rm2:ltr-1_family-53;rm2:ltr-1_family-54	edta,fastltr,pantera,rm2	True	3	580	54	rm2:ltr-1_family-168	21	443.0	ok	443-7479	repeat:TE:ClassI:LTR:BelPao	DNA/DTC;DNA/Helitron;LTR/Gypsy;LTR/Pao	15.399999618530273	0.9997402428729139	0.0	False	6.732134002695883
183	5	3	edta:TE_00001684;edta:TE_00002665;pantera:Unknown_232-fGobNig;pantera:Unknown_237-fGobNig;rm2:rnd-2_family-447	edta,pantera,rm2	True	3	10960	529	rm2:rnd-2_family-447	276	901.0	len_inconsistent	879-901	repeat:TE:ClassII	DNA;DNA/DTC;DNA/DTH;Unknown	10.800000190734863	0.9911025278477084	0.01592094807034516	True	6.7145581998828945
39	14	3	edta:TE_00002936;edta:TE_00002939;edta:TE_00002966;edta:TE_00002982;edta:TE_00002991;edta:TE_00003146;edta:TE_00003314;pantera:L2_1-fGobNig;rm2:rnd-1_family-515;rm2:rnd-4_family-2794;rm2:rnd-4_family-292;rm2:rnd-4_family-363;rm2:rnd-5_family-1473;rm2:rnd-5_family-2952	edta,pantera,rm2	True	7	6531	514	rm2:rnd-1_family-515	201	247.0	len_inconsistent	247-3551	repeat:TE:ClassI:LINE:Jockey	LINE/L2	16.5	1.0	0.00042459840067935747	False	6.710963118995275
61	12	4	edta:TE_00000045;edta:TE_00001217;edta:TE_00001237;edta:TE_00001728;edta:TE_00001746;fastltr:CONS_37-3018_clus6_tsdl4_tsdc0.75_tsdmDYWK;fastltr:CONS_87-3032_clus3_tsdl5_tsdc0.5_tsdmTTTAA;pantera:Pao_1-fGobNig;rm2:ltr-1_family-322;rm2:ltr-1_family-323;rm2:ltr-1_family-387;rm2:ltr-1_family-388	edta,fastltr,pantera,rm2	True	4	528	49	rm2:ltr-1_family-322	16	306.0	len_inconsistent	306-3064	repeat:TE:ClassI:LTR:BelPao	LTR/Bel-Pao;LTR/Pao;LTR/Unknown	19.300000190734863	1.0	0.0	True	6.690196080028514
173	6	3	edta:TE_00001554;edta:TE_00002160;pantera:Unknown_223-fGobNig;pantera:Unknown_225-fGobNig;rm2:rnd-1_family-132;rm2:rnd-1_family-385	edta,pantera,rm2	True	2	4504	500	rm2:rnd-1_family-132	191	801.0	ok	769-925	repeat:TE:ClassII	DNA;DNA/hAT-Tip100;MITE/DTA;MITE/DTC	12.375	0.985655737704918	0.002422591899902659	True	6.684625742040937
43	14	4	edta:TE_00001529;edta:TE_00001548;edta:TE_00001850;edta:TE_00001870;edta:TE_00001947;edta:TE_00001968;fastltr:CONS_132-4501_clus3_tsdl5_tsdc0.75_tsdmVDHKH;fastltr:CONS_136-4614_clus4_tsdl5_tsdc0.75_tsdmGVWRY;pantera:Gypsy_30-fGobNig;rm2:ltr-1_family-343;rm2:ltr-1_family-344;rm2:ltr-1_family-365;rm2:ltr-1_family-366;rm2:ltr-1_family-407	edta,fastltr,pantera,rm2	True	2	562	47	rm2:ltr-1_family-343	15	192.0	ok	192-4614	repeat:TE:ClassI:LTR:Gypsy	DNA/DTC;LTR/Gypsy;LTR/Unknown	8.75	1.0	0.0	True	6.672097857935718
129	7	3	edta:OX637616.1:3415525..3417709;edta:TE_00001785;edta:TE_00002660;edta:TE_00002759;pantera:Unknown_183-fGobNig;pantera:Unknown_623-fGobNig;rm2:rnd-1_family-126	edta,pantera,rm2	True	2	6396	516	rm2:rnd-1_family-126	268	1071.0	len_inconsistent	108-1071	repeat:TE:ClassII	DNA;DNA/DTC;DNA/DTH;Unknown	11.224999904632568	0.958061657676736	0.0	True	6.670711359303947
82	10	4	edta:TE_00001376;edta:TE_00001393;edta:TE_00002757;edta:TE_00002770;fastltr:CONS_55-7057_clus3_tsdl4_tsdc0.5_tsdmATKW;pantera:Gypsy_13-fGobNig;rm2:ltr-1_family-263;rm2:ltr-1_family-264;rm2:ltr-1_family-443;rm2:ltr-1_family-444	edta,fastltr,pantera,rm2	True	2	609	45	rm2:ltr-1_family-263	18	890.0	ok	866-7057	repeat:TE:ClassI:LTR:Gypsy	DNA/DTH;DNA/DTM;LTR/Gypsy;LTR/Unknown	15.549999713897705	1.0	0.0	True	6.653212513775344
87	9	4	edta:TE_00002248;edta:TE_00002262;edta:TE_00002593;fastltr:CONS_122-7129_clus12_tsdl4_tsdc0.8_tsdmWWNR;fastltr:CONS_123-6857_clus6_tsdl4_tsdc0.5_tsdmTMMR;pantera:Gypsy_11-fGobNig;rm2:ltr-1_family-320;rm2:ltr-1_family-321;rm2:rnd-5_family-7956	edta,fastltr,pantera,rm2	True	3	1110	45	rm2:ltr-1_family-320	19	983.0	ok	983-7149	repeat:TE:ClassI:LTR:Gypsy	DNA/DTM;LTR/Gypsy;LTR/Unknown	11.124999523162842	0.9992001796087896	0.0	True	6.652412693384133
125	7	3	edta:TE_00000588;edta:TE_00001005;edta:TE_00002787;fastltr:CONS_64-13703_clus9_tsdl0_tsdc0.0_tsdmnone;rm2:ltr-1_family-65;rm2:ltr-1_family-66;rm2:rnd-1_family-200	edta,fastltr,rm2	True	3	7563	426	rm2:rnd-1_family-200	395	427.0	ok	427-13703	repeat:TE:ClassI:LTR	DNA/DTM;LTR/ERV1;LTR/Gypsy;LTR/Unknown;Unknown	16.700000286102295	0.9825619473529816	0.0028663800286638005	True	6.6119715464557
150	6	3	edta:TE_00000468;edta:TE_00001550;edta:TE_00002528;pantera:Unknown_290-fGobNig;rm2:rnd-1_family-252;rm2:rnd-4_family-952	edta,pantera,rm2	True	2	6716	401	rm2:rnd-1_family-252	200	720.0	ok	720-1547	repeat:TE:ClassII	DNA;DNA/DTM;DNA/Helitron;DNA/hAT-Tip100	8.649999618530273	0.9975367671191231	0.005223691970679923	True	6.600681139739305
83	10	4	edta:TE_00001107;edta:TE_00001536;edta:TE_00001556;fastltr:CONS_105-5150_clus4_tsdl4_tsdc0.75_tsdmATAC;fastltr:CONS_149-5363_clus3_tsdl0_tsdc0.0_tsdmnone;pantera:Gypsy_24-fGobNig;rm2:ltr-1_family-287;rm2:ltr-1_family-288;rm2:ltr-1_family-355;rm2:ltr-1_family-356	edta,fastltr,pantera,rm2	True	3	611	37	rm2:ltr-1_family-355	12	288.0	ok	272-5363	repeat:TE:ClassI:LTR:Gypsy	DNA/DTC;LTR/Gypsy;LTR/Unknown	19.449999809265137	1.0	0.0	True	6.568201724066995
132	7	3	edta:TE_00000126;edta:TE_00000409;edta:TE_00001585;edta:TE_00001673;pantera:Unknown_213-fGobNig;pantera:Unknown_217-fGobNig;rm2:rnd-3_family-63	edta,pantera,rm2	True	3	7351	373	rm2:rnd-3_family-63	189	963.0	len_inconsistent	941-963	repeat:TE:ClassII:TIR:hAT	DNA/DTA;DNA/hAT-Ac;LTR/unknown;MITE/DTA;Unknown	9.200000762939453	0.9910811865729898	0.006026867868973132	True	6.562790018381678
103	8	3	edta:TE_00000357;edta:TE_00001679;edta:TE_00002004;edta:TE_00002005;edta:TE_00002289;pantera:(GTACTCT)n;rm2:(GTACTCT)n;rm2:rnd-3_family-131	edta,pantera,rm2	True	1	3392	362	rm2:rnd-3_family-131	360	473.0	ok	473-1339	repeat:TE:ClassII:TIR:hAT	DNA/DTA;DNA/DTC;DNA/DTH;DNA/hAT-Ac;Simple_repeat	11.699999809265137	1.0	0.007125445340333771	False	6.558708570533166
205	5	3	edta:TE_00000470;edta:TE_00002217;pantera:Unknown_266-fGobNig;rm2:rnd-1_family-404;rm2:rnd-3_family-787	edta,pantera,rm2	True	3	5584	363	rm2:rnd-1_family-404	133	522.0	len_inconsistent	284-798	repeat:TE:ClassII:TIR:hAT	DNA/DTA;DNA/DTC;DNA/hAT-Ac;Unknown	15.600000381469727	0.997149025478234	0.007060077261222859	True	6.5570556505143465
176	6	4	edta:TE_00000617;edta:TE_00000632;fastltr:CONS_49-6970_clus7_tsdl5_tsdc0.8_tsdmBVVAB;pantera:Pao_15-fGobNig;rm2:ltr-1_family-211;rm2:ltr-1_family-212	edta,fastltr,pantera,rm2	True	3	141	36	rm2:ltr-1_family-211	15	578.0	ok	578-6970	repeat:TE:ClassI:LTR:BelPao	LTR/Gypsy;LTR/Pao	8.175000190734863	1.0	0.0	False	6.556302500767288
172	6	4	edta:TE_00000558;edta:TE_00001427;fastltr:CONS_104-5124_clus4_tsdl0_tsdc0.0_tsdmnone;pantera:Gypsy_25-fGobNig;rm2:ltr-1_family-11;rm2:ltr-1_family-12	edta,fastltr,pantera,rm2	True	4	516	35	rm2:ltr-1_family-11	20	346.0	ok	346-5124	repeat:TE:ClassI:LTR:Gypsy	LTR/Gypsy;LTR/Unknown;LTR/unknown	21.625	1.0	0.0	True	6.544068044350276
161	6	3	edta:TE_00001097;edta:TE_00001178;pantera:Unknown_399-fGobNig;rm2:ltr-1_family-176;rm2:ltr-1_family-462;rm2:ltr-1_family-91	edta,pantera,rm2	True	4	1259	347	pantera:Unknown_399-fGobNig	151	492.0	ok	475-497	repeat:TE:ClassI:LTR	LTR/Gypsy;LTR/Unknown;LTR/unknown;Unknown	11.150000095367432	0.996036551800066	0.0022753128555176336	True	6.536366026590939
269	4	3	edta:TE_00001794;pantera:Unknown_315-fGobNig;rm2:ltr-1_family-121;rm2:ltr-1_family-447	edta,pantera,rm2	True	3	2200	341	pantera:Unknown_315-fGobNig	173	654.0	ok	654-656	repeat:TE:ClassI:LTR	LTR/Unknown;LTR/unknown;Unknown	8.449999809265137	0.9932916034931095	0.002015907031111036	True	6.526045982485607
90	9	3	edta:TE_00001203;pantera:(ACTGAGG)n;pantera:(CAGAGCT)n;pantera:(CTCAGTC)n;rm2:rnd-1_family-372;rm2:rnd-1_family-386;rm2:rnd-1_family-433;rm2:rnd-1_family-520;rm2:rnd-4_family-1572	edta,pantera,rm2	True	4	3608	335	pantera:(CTCAGTC)n	104	48.0	len_inconsistent	38-2681	repeat:TE:ClassI:LTR	LTR/unknown;Simple_repeat;Unknown	12.300000190734863	1.0	0.0	True	6.525044807036846
126	7	3	edta:TE_00002352;pantera:Unknown_151-fGobNig;rm2:rnd-1_family-229;rm2:rnd-1_family-522;rm2:rnd-4_family-4920;rm2:rnd-4_family-5635;rm2:rnd-4_family-70	edta,pantera,rm2	True	5	9893	349	rm2:rnd-1_family-522	120	628.0	len_inconsistent	198-1100	repeat:TE:ClassII:Helitron	DNA/Helitron;DNA/PIF-ISL2EU;LTR/ERV1;Unknown	13.0	0.9789793414197494	0.007111610171474022	True	6.521804768378929
285	4	3	edta:TE_00000977;pantera:Unknown_289-fGobNig;rm2:rnd-3_family-248;rm2:rnd-5_family-1725	edta,pantera,rm2	True	2	1672	336	rm2:rnd-3_family-248	197	509.0	ok	229-721	repeat:TE:ClassII	DNA;DNA/Helitron;Unknown	12.125	0.9943082911181959	0.016108055885850178	True	6.52064756850804
32	15	4	edta:TE_00001366;edta:TE_00001385;edta:TE_00001829;edta:TE_00001849;edta:TE_00002536;fastltr:CONS_77-6958_clus3_tsdl5_tsdc0.5_tsdmGTGAA;fastltr:CONS_82-6942_clus3_tsdl0_tsdc0.0_tsdmnone;pantera:Pao_17-fGobNig;rm2:ltr-1_family-230;rm2:ltr-1_family-243;rm2:ltr-1_family-244;rm2:ltr-1_family-273;rm2:ltr-1_family-274;rm2:ltr-1_family-467;rm2:rnd-5_family-3246	edta,fastltr,pantera,rm2	True	1	582	33	rm2:ltr-1_family-273	7	481.0	ok	450-6958	repeat:TE:ClassI:LTR:BelPao	DNA/DTT;LTR;LTR/Bel-Pao;LTR/Gypsy;LTR/Pao;MITE/DTC	11.5	1.0	0.0	False	6.518513939877888
134	7	3	edta:TE_00000541;pantera:Unknown_165-fGobNig;pantera:Unknown_177-fGobNig;rm2:rnd-1_family-327;rm2:rnd-1_family-506;rm2:rnd-4_family-3183;rm2:rnd-4_family-3593	edta,pantera,rm2	True	4	2545	322	rm2:rnd-1_family-327	170	294.0	ok	294-1060	repeat:TE:ClassII:TIR:hAT	DNA;DNA/DTA;DNA/hAT-Ac;Unknown	7.099999904632568	0.9986352275716917	0.005352209944751381	True	6.506491099267523
179	6	4	edta:TE_00000426;edta:TE_00000438;fastltr:CONS_5-4376_clus6_tsdl5_tsdc0.8_tsdmBNRDM;pantera:Gypsy_31-fGobNig;rm2:ltr-1_family-81;rm2:ltr-1_family-82	edta,fastltr,pantera,rm2	True	3	2892	32	rm2:ltr-1_family-81	18	140.0	ok	140-4376	repeat:TE:ClassI:LTR:Gypsy	DNA/Helitron;LTR/Gypsy;LTR/Unknown	11.674999713897705	1.0	0.0	True	6.505149978319906
63	12	4	edta:TE_00000575;edta:TE_00001373;edta:TE_00001519;edta:TE_00001538;fastltr:CONS_103-7327_clus3_tsdl3_tsdc0.25_tsdmGTA;fastltr:CONS_35-7951_clus27_tsdl4_tsdc0.8_tsdmNNNN;pantera:Gypsy_4-fGobNig;pantera:Gypsy_5-fGobNig;pantera:Gypsy_8-fGobNig;rm2:ltr-1_family-13;rm2:ltr-1_family-14;rm2:rnd-1_family-61	edta,fastltr,pantera,rm2	True	1	1716	32	pantera:Gypsy_4-fGobNig	26	8054.0	ok	6951-14004	repeat:TE:ClassI:LTR:Gypsy	DNA/DTM;LTR;LTR/Gypsy	4.450000047683716	1.0	0.0	False	6.505149978319906
169	6	4	edta:TE_00001995;edta:TE_00002587;fastltr:CONS_117-6270_clus4_tsdl2_tsdc0.25_tsdmGC;pantera:Gypsy_16-fGobNig;rm2:ltr-1_family-109;rm2:ltr-1_family-110	edta,fastltr,pantera,rm2	True	1	330	32	rm2:ltr-1_family-109	20	355.0	ok	355-6285	repeat:TE:ClassI:LTR:Gypsy	LTR/Gypsy;LTR/Unknown;MITE/DTC	15.524999618530273	0.999816883354697	0.0	True	6.504966861674603
202	5	3	edta:TE_00001241;pantera:(TTAATCTAGA)n;rm2:(TTAATCTAGA)n;rm2:rnd-4_family-977;rm2:rnd-5_family-477	edta,pantera,rm2	True	1	3117	315	pantera:(TTAATCTAGA)n	146	54.0	len_inconsistent	54-1285	repeat:TE:ClassII:TIR:hAT	DNA/DTC;DNA/hAT;DNA/hAT-hATm;Simple_repeat	5.800000190734863	1.0	0.0035794922627898013	False	6.498310553789601
139	7	4	edta:TE_00002609;edta:TE_00002619;edta:TE_00002632;fastltr:CONS_99-8378_clus4_tsdl4_tsdc0.75_tsdmYSWK;pantera:Gypsy_27-fGobNig;rm2:ltr-1_family-305;rm2:ltr-1_family-306	edta,fastltr,pantera,rm2	True	1	275	31	rm2:ltr-1_family-305	16	967.0	ok	967-8412	repeat:TE:ClassI:LTR:Gypsy	DNA/DTC;LTR/Gypsy;LTR/Unknown	11.25	1.0	0.0	True	6.491361693834273
42	14	4	edta:TE_00000087;edta:TE_00000096;edta:TE_00000207;edta:TE_00000646;edta:TE_00001820;edta:TE_00001875;edta:TE_00002183;fastltr:CONS_11-8363_clus4_tsdl3_tsdc0.8_tsdmRWW;pantera:Gypsy_2-fGobNig;rm2:ltr-1_family-214;rm2:ltr-1_family-25;rm2:ltr-1_family-26;rm2:ltr-1_family-514;rm2:ltr-1_family-58	edta,fastltr,pantera,rm2	True	2	730	30	rm2:ltr-1_family-25	15	989.0	ok	989-8363	repeat:TE:ClassI:LTR:Gypsy	DNA/DTC;LTR/Gypsy;MITE/DTC	13.649999618530273	1.0	0.0	False	6.477121254719663
146	6	3	edta:TE_00000014;edta:TE_00001161;edta:TE_00001224;edta:TE_00002835;pantera:Unknown_455-fGobNig;rm2:rnd-5_family-4272	edta,pantera,rm2	True	2	7993	369	rm2:rnd-5_family-4272	212	549.0	len_inconsistent+weak_3p	434-549	repeat:TE:ClassII	DNA/DTM;LTR/unknown;MITE/DTM;Unknown	1.9999999403953552	0.9093415345926911	0.018898266010921056	True	6.476367900751752
222	5	3	edta:TE_00001808;pantera:Unknown_172-fGobNig;rm2:ltr-1_family-159;rm2:rnd-4_family-1409;rm2:rnd-5_family-5314	edta,pantera,rm2	True	3	3967	291	pantera:Unknown_172-fGobNig	128	1047.0	len_inconsistent	377-1095	repeat:TE:ClassI:LTR	LTR/Unknown;LTR/unknown;Unknown	7.5	0.9940490589772123	0.007982969664715274	True	6.45794204796312
243	5	4	edta:TE_00002096;fastltr:CONS_95-4618_clus4_tsdl4_tsdc0.33_tsdmACAG;pantera:Copia_6-fGobNig;rm2:ltr-1_family-193;rm2:ltr-1_family-194	edta,fastltr,pantera,rm2	True	1	95	28	rm2:ltr-1_family-193	16	133.0	ok	133-4632	repeat:TE:ClassI:LTR:Copia	LTR/Copia;LTR/Unknown	6.699999809265137	1.0	0.0	True	6.447158031342219
170	6	4	edta:TE_00002495;edta:TE_00002507;fastltr:CONS_79-5131_clus4_tsdl0_tsdc0.0_tsdmnone;pantera:Pao_21-fGobNig;rm2:ltr-1_family-464;rm2:ltr-1_family-465	edta,fastltr,pantera,rm2	True	1	170	27	rm2:ltr-1_family-464	15	895.0	ok	895-5142	repeat:TE:ClassI:LTR:BelPao	LTR/Bel-Pao;LTR/Pao;LTR/Unknown	17.80000114440918	1.0	0.0	True	6.431363764158988
265	4	3	edta:TE_00000610;pantera:Unknown_190-fGobNig;rm2:rnd-1_family-198;rm2:rnd-1_family-238	edta,pantera,rm2	True	1	2868	272	rm2:rnd-1_family-198	265	213.0	ok	213-1004	repeat:TE:ClassII	DNA;DNA/DTC;Unknown	12.050000190734863	0.9853718541174906	0.025266797433425314	True	6.419940758151689
144	7	4	edta:TE_00001739;edta:TE_00001757;edta:TE_00002752;fastltr:CONS_97-4854_clus3_tsdl4_tsdc0.33_tsdmGTAC;pantera:Gypsy_26-fGobNig;rm2:ltr-1_family-145;rm2:ltr-1_family-146	edta,fastltr,pantera,rm2	True	1	143	26	rm2:ltr-1_family-145	17	163.0	ok	163-4863	repeat:TE:ClassI:LTR:Gypsy	LTR/Gypsy;LTR/Unknown	4.350000023841858	1.0	0.0	True	6.414973347970818
225	5	4	edta:TE_00001592;fastltr:CONS_52-7584_clus3_tsdl3_tsdc0.67_tsdmRTW;pantera:Pao_8-fGobNig;rm2:ltr-1_family-375;rm2:ltr-1_family-376	edta,fastltr,pantera,rm2	True	1	245	25	rm2:ltr-1_family-375	17	382.0	ok	382-7605	repeat:TE:ClassI:LTR:BelPao	LTR/Gypsy;LTR/Pao;LTR/Unknown	7.550000190734863	0.999970767926569	0.001081506243240586	True	6.397910776598606
47	13	3	edta:TE_00001625;edta:TE_00002932;edta:TE_00002946;edta:TE_00002996;edta:TE_00003028;edta:TE_00003061;edta:TE_00003071;edta:TE_00003198;pantera:Rex-Babar_1-fGobNig;rm2:rnd-1_family-260;rm2:rnd-1_family-602;rm2:rnd-4_family-1358;rm2:rnd-4_family-3749	edta,pantera,rm2	True	4	13740	249	rm2:rnd-4_family-1358	64	3217.0	len_inconsistent	373-3217	repeat:TE:ClassI:LINE:RTE	DNA/DTC;LINE/Rex-Babar	6.900000095367432	0.9984146918943403	0.015236833388539251	False	6.394614038990077
21	20	2	edta:TE_00000022;edta:TE_00000038;edta:TE_00000082;edta:TE_00000086;edta:TE_00000404;edta:TE_00000518;edta:TE_00000795;edta:TE_00000935;edta:TE_00000949;edta:TE_00001003;edta:TE_00001249;edta:TE_00001281;edta:TE_00001364;edta:TE_00001549;edta:TE_00002263;edta:TE_00002390;edta:TE_00002449;edta:TE_00002534;edta:TE_00002794;rm2:rnd-1_family-120	edta,rm2	True	1	25759	3005	rm2:rnd-1_family-120	3005	352.0	len_inconsistent	352-352	repeat:TE:ClassII:TIR:Mutator	DNA/DTC;DNA/DTH;DNA/DTM;DNA/DTT;DNA/Helitron;MITE/DTM;Unknown	18.300000190734863	0.911996106740206	0.0014154144449830344	False	6.389840583078964
92	9	3	edta:TE_00000570;edta:TE_00002818;pantera:(AGAGTCCG)n;pantera:(CTCAGG)n;pantera:Unknown_70-fGobNig;pantera:hAT_28-fGobNig;rm2:(AGAGTCCG)n;rm2:(CTCAGG)n;rm2:rnd-1_family-71	edta,pantera,rm2	True	3	6984	240	rm2:rnd-1_family-71	205	947.0	len_inconsistent	35-1962	repeat:TE:ClassII:TIR:CACTA	DNA/DTC;Simple_repeat;Unknown	11.199999809265137	1.0	0.0035288928098809	False	6.380211241711606
96	9	4	edta:TE_00001084;edta:TE_00001890;edta:TE_00001909;edta:TE_00002393;fastltr:CONS_16-9122_clus6_tsdl4_tsdc0.71_tsdmHVHR;pantera:Gypsy_19-fGobNig;rm2:ltr-1_family-330;rm2:ltr-1_family-331;rm2:rnd-5_family-5566	edta,fastltr,pantera,rm2	True	4	661	23	rm2:ltr-1_family-331	7	6313.0	len_inconsistent	848-9126	repeat:TE:ClassI:LTR:Gypsy	DNA/DTC;LTR/Gypsy;LTR/Unknown	10.600000381469727	1.0	0.0	True	6.361727836017593
78	10	3	edta:TE_00000246;pantera:(CAGTA)n;pantera:(CTGTA)n;pantera:(CTGTAGATA)n;pantera:(TGCAGTACAG)n;rm2:(CAGTA)n;rm2:(CTGTA)n;rm2:(CTGTAGATA)n;rm2:(TGCAGTACAG)n;rm2:rnd-5_family-2252	edta,pantera,rm2	True	1	2795	224	rm2:rnd-5_family-2252	131	482.0	ok	48-3038	repeat:tandem:simple	DNA/Helitron;Simple_repeat;Unknown	4.0	1.0	0.00229573447832764	True	6.350248018334163
197	5	4	edta:TE_00000317;edta:TE_00002112;fastltr:CONS_113-9250_clus6_tsdl3_tsdc0.67_tsdmMHR;pantera:Gypsy_18-fGobNig;rm2:rnd-5_family-3181	edta,fastltr,pantera,rm2	True	2	738	22	rm2:rnd-5_family-3181	8	7818.0	len_inconsistent	7818-9255	repeat:TE:ClassI:LTR:Gypsy	DNA/DTH;LTR/Gypsy	19.700000762939453	0.9996459226632841	0.0009118125313435558	False	6.34206860348549
158	6	3	edta:AGT0000000006200_905;edta:TE_00000854;edta:TE_00002728;pantera:Unknown_132-fGobNig;rm2:rnd-1_family-160;rm2:rnd-1_family-227	edta,pantera,rm2	True	2	8419	348	rm2:rnd-1_family-160	217	665.0	ok	428-1183	repeat:TE:ClassII:Helitron	DNA/DTC;DNA/Helitron;Simple_repeat;Unknown	6.325000047683716	0.7877504878124323	0.010842516885886954	True	6.329329731759013
272	4	3	edta:TE_00002159;pantera:Unknown_135-fGobNig;rm2:rnd-3_family-618;rm2:rnd-5_family-2734	edta,pantera,rm2	True	1	3540	244	pantera:Unknown_135-fGobNig	110	1181.0	ok	633-1231	repeat:TE:ClassI:LTR	LTR/unknown;Unknown	8.75	0.9415255192098246	0.01622618840498833	True	6.3289153455485545
156	6	3	edta:TE_00000179;edta:TE_00000998;pantera:hAT_29-fGobNig;rm2:rnd-1_family-360;rm2:rnd-3_family-69;rm2:rnd-5_family-2498	edta,pantera,rm2	True	1	3283	222	rm2:rnd-3_family-69	151	363.0	len_inconsistent	196-1395	repeat:TE:ClassII	DNA;DNA/DTM;DNA/hAT-Tip100;LTR/Gypsy;Unknown	11.449999809265137	0.9779563682506629	0.004412973807406413	True	6.3243093427013015
37	14	3	edta:TE_00001712;edta:TE_00002940;edta:TE_00002960;edta:TE_00002963;edta:TE_00003003;edta:TE_00003023;edta:TE_00003109;edta:TE_00003163;edta:TE_00003212;pantera:L2_2-fGobNig;rm2:rnd-1_family-345;rm2:rnd-1_family-532;rm2:rnd-4_family-1088;rm2:rnd-5_family-8210	edta,pantera,rm2	True	4	11542	208	rm2:rnd-1_family-532	90	185.0	len_inconsistent	185-3472	repeat:TE:ClassI:LINE:Jockey	DNA/DTC;LINE/L2	17.375	0.9999529787934358	0.0	False	6.318016313756198
270	4	3	edta:TE_00002440;pantera:Unknown_500-fGobNig;rm2:rnd-4_family-281;rm2:rnd-5_family-1995	edta,pantera,rm2	True	3	2165	219	pantera:Unknown_500-fGobNig	93	352.0	ok	352-968	repeat:TE:ClassII:TIR:CACTA	DNA/DTC;Unknown	10.674999713897705	0.9552772084996225	0.015449087636788797	True	6.295721323339741
117	8	3	edta:TE_00001786;pantera:(AGAGT)n;pantera:(AGTAG)n;pantera:(TAGGG)n;rm2:(AGAGT)n;rm2:(AGTAG)n;rm2:(TAGGG)n;rm2:rnd-1_family-173	edta,pantera,rm2	True	1	1779	190	rm2:rnd-1_family-173	149	105.0	len_inconsistent	25-2324	repeat:tandem:simple	LTR/unknown;Simple_repeat;Unknown	6.799999952316284	1.0	0.012819935111751982	True	6.278753600952829
167	6	4	edta:TE_00000030;edta:TE_00000039;fastltr:CONS_127-8012_clus3_tsdl4_tsdc0.5_tsdmKAWR;pantera:Gypsy_6-fGobNig;rm2:ltr-1_family-19;rm2:ltr-1_family-20	edta,fastltr,pantera,rm2	True	1	362	19	rm2:ltr-1_family-19	10	741.0	ok	741-8012	repeat:TE:ClassI:LTR:Gypsy	DNA/DTC;LTR/Gypsy;LTR/Unknown	13.599999904632568	1.0	0.0	True	6.278753600952829
380	3	3	edta:TE_00001239;pantera:Unknown_286-fGobNig;rm2:rnd-4_family-456	edta,pantera,rm2	True	2	2895	203	rm2:rnd-4_family-456	106	726.0	len_inconsistent	723-726	repeat:TE:ClassII	DNA;DNA/DTC;Unknown	17.0	0.9686001326888447	0.00738744354070556	True	6.276096170602058
118	8	3	edta:TE_00000447;edta:TE_00000681;edta:TE_00001464;edta:TE_00002737;edta:TE_00002749;pantera:Unknown_148-fGobNig;rm2:rnd-1_family-398;rm2:rnd-5_family-5883	edta,pantera,rm2	True	3	1323	187	rm2:rnd-5_family-5883	121	251.0	len_inconsistent	251-1104	repeat:TE:ClassII	DNA;DNA/DTC;DNA/DTH;DNA/PIF-Harbinger;Unknown	14.625	1.0	0.0	True	6.2718416065364995
116	8	4	edta:TE_00000056;edta:TE_00001807;edta:TE_00001826;fastltr:CONS_57-7640_clus3_tsdl5_tsdc0.5_tsdmRSYWT;pantera:Pao_7-fGobNig;rm2:ltr-1_family-370;rm2:ltr-1_family-391;rm2:ltr-1_family-392	edta,fastltr,pantera,rm2	True	1	1669	18	rm2:ltr-1_family-391	10	464.0	ok	464-7640	repeat:TE:ClassI:LTR:BelPao	DNA/DTC;LTR/Gypsy;LTR/Pao	16.600000381469727	1.0	0.004590984974958264	False	6.2552725051033065
282	4	3	edta:TE_00000287;pantera:Unknown_495-fGobNig;rm2:ltr-1_family-163;rm2:ltr-1_family-285	edta,pantera,rm2	True	3	577	180	pantera:Unknown_495-fGobNig	90	358.0	ok	358-358	repeat:TE:ClassI:LTR	LTR/Gypsy;LTR/Unknown;Unknown	9.700000286102295	0.9970515463917525	0.00106544901065449	True	6.252324051495059
262	4	3	edta:TE_00002948;edta:TE_00002983;pantera:(ACTACAG)n;rm2:rnd-1_family-212	edta,pantera,rm2	True	1	2603	173	rm2:rnd-1_family-212	170	780.0	len_inconsistent	35-780	repeat:TE:ClassI:LINE:RTE	LINE/Rex-Babar;Simple_repeat	5.199999809265137	0.9964601769911504	0.007249363559219299	False	6.234506280119946
163	6	3	edta:TE_00001315;edta:TE_00001552;edta:TE_00001859;pantera:Unknown_280-fGobNig;rm2:rnd-1_family-246;rm2:rnd-1_family-412	edta,pantera,rm2	True	3	3996	176	rm2:rnd-1_family-412	95	1136.0	len_inconsistent+weak_5p	752-1283	repeat:TE:ClassII:TIR:hAT	DNA/DTA;DNA/DTC;DNA/DTM;Unknown	8.350000381469727	0.985377513950079	0.007239819004524887	True	6.230890181764229
221	5	3	edta:TE_00000779;pantera:hAT_9-fGobNig;rm2:rnd-3_family-161;rm2:rnd-5_family-1105;rm2:rnd-5_family-7842	edta,pantera,rm2	True	3	3187	170	rm2:rnd-5_family-7842	140	327.0	len_inconsistent	327-2174	repeat:TE:ClassII	DNA;DNA/DTM;Unknown	15.199999809265137	0.9897297173379794	0.0012150111184979712	True	6.220178638716254
192	5	3	edta:TE_00000719;edta:TE_00002869;edta:TE_00002883;pantera:Unknown_96-fGobNig;rm2:rnd-1_family-37	edta,pantera,rm2	True	1	4125	415	rm2:rnd-1_family-37	312	939.0	len_inconsistent	939-1335	repeat:TE:ClassI:LINE:Jockey	DNA/DTH;LINE/L2;LTR/Copia;Unknown	9.349999904632568	0.6005640644231339	0.015141244602938359	True	6.218612161135226
20	21	3	edta:AGT0000000465300_4699;edta:TE_00000135;edta:TE_00002929;edta:TE_00002944;edta:TE_00002947;edta:TE_00002956;edta:TE_00002961;edta:TE_00002993;edta:TE_00003002;edta:TE_00003013;edta:TE_00003026;edta:TE_00003077;edta:TE_00003081;edta:TE_00003195;pantera:L2_12-fGobNig;pantera:L2_5-fGobNig;rm2:rnd-1_family-101;rm2:rnd-1_family-169;rm2:rnd-1_family-368;rm2:rnd-4_family-3325;rm2:rnd-5_family-3354	edta,pantera,rm2	True	5	46834	159	rm2:rnd-5_family-3354	76	205.0	len_inconsistent+weak_5p	205-5525	repeat:TE:ClassI:LINE:Jockey	LINE/L2;LINE/Rex-Babar;LTR/unknown;Simple_repeat;Unknown	12.199999809265137	0.9996536814709093	0.0030687683079927467	True	6.20105080579136
149	6	3	edta:TE_00001344;edta:TE_00001645;edta:TE_00001695;edta:TE_00001714;pantera:Unknown_133-fGobNig;rm2:rnd-4_family-877	edta,pantera,rm2	True	2	2508	162	pantera:Unknown_133-fGobNig	85	1182.0	len_inconsistent	1182-1204	repeat:TE:ClassII:TIR:hAT	DNA/DTA;DNA/DTM;DNA/hAT-Tip100;Unknown	10.950000286102295	0.9590978593272171	0.0	True	6.168612873869848
256	4	4	edta:TE_00002204;fastltr:CONS_23-7957_clus7_tsdl2_tsdc0.14_tsdmGT;pantera:Gypsy_3-fGobNig;rm2:rnd-5_family-5929	edta,fastltr,pantera,rm2	True	2	613	14	pantera:Gypsy_3-fGobNig	7	8133.0	len_inconsistent	7096-8133	repeat:TE:ClassI:LTR:Gypsy	LTR/Gypsy	16.0	0.999612292028387	0.0040203630969438495	False	6.145740327706625
102	8	3	edta:TE_00002959;edta:TE_00002971;edta:TE_00002985;edta:TE_00003101;pantera:Dong-R4_1-fGobNig;rm2:rnd-1_family-12;rm2:rnd-1_family-571;rm2:rnd-4_family-1332	edta,pantera,rm2	True	4	15653	138	rm2:rnd-1_family-571	80	1568.0	ok	1568-3494	repeat:TE:ClassI:LINE:R2	LINE/Dong-R4	3.299999952316284	0.9993335499981487	0.024157299868459606	False	6.139212636399385
174	6	3	edta:TE_00000144;edta:TE_00000603;edta:TE_00001568;edta:TE_00001938;pantera:(ATCATG)n;rm2:rnd-3_family-479	edta,pantera,rm2	True	1	2042	126	rm2:rnd-3_family-479	71	692.0	len_inconsistent	32-692	repeat:TE:ClassII:TIR:Mutator	DNA/DTM;LTR/unknown;MITE/DTM;Simple_repeat;Unknown	12.450000286102295	0.9964868163159647	0.007636551902666321	True	6.096857361433528
228	5	3	edta:TE_00002954;edta:TE_00003152;pantera:L2_4-fGobNig;rm2:rnd-4_family-789;rm2:rnd-5_family-4240	edta,pantera,rm2	True	2	2526	119	rm2:rnd-5_family-4240	95	162.0	len_inconsistent	162-3431	repeat:TE:ClassI:LINE:Jockey	LINE/L2	19.0	0.9974333589997434	0.017801488651780148	False	6.072980320392275
298	4	3	edta:TE_00003166;pantera:(ATTACA)n;pantera:(GTAATT)n;rm2:rnd-1_family-347	edta,pantera,rm2	True	1	758	122	pantera:(GTAATT)n	45	41.0	len_inconsistent	41-743	repeat:TE:ClassI:LINE:Jockey	LINE/L2;Simple_repeat	14.349999904632568	0.9776044995526013	0.0	False	6.06396433022735
229	5	3	edta:TE_00002951;edta:TE_00002962;pantera:Unknown_320-fGobNig;rm2:rnd-1_family-576;rm2:rnd-4_family-146	edta,pantera,rm2	True	1	2732	120	rm2:rnd-4_family-146	59	671.0	len_inconsistent	317-671	repeat:TE:ClassI:LINE:Jockey	DNA/hAT-Ac;LINE/L2;Unknown	13.0	0.9688198232653636	0.006469216212647978	True	6.048001069312988
113	8	3	edta:TE_00000566;edta:TE_00002779;pantera:Unknown_107-fGobNig;pantera:Unknown_111-fGobNig;pantera:Unknown_112-fGobNig;pantera:Unknown_123-fGobNig;rm2:rnd-1_family-394;rm2:rnd-4_family-494	edta,pantera,rm2	True	3	4989	112	rm2:rnd-4_family-494	53	1265.0	len_inconsistent	241-1284	repeat:TE:ClassII:TIR:hAT	DNA;DNA/DTA;DNA/DTC;DNA/hAT-Tip100;Unknown	7.150000095367432	0.9981053836835263	0.0	True	6.0473234063537085
266	4	2	edta:TE_00000845;edta:TE_00001908;rm2:rnd-1_family-99;rm2:rnd-5_family-8727	edta,rm2	True	1	7468	1107	rm2:rnd-1_family-99	1100	322.0	len_inconsistent	322-844	repeat	DNA/DTC;DNA/PIF-ISL2EU;Unknown	12.150000095367432	0.9808936668874509	0.0007387782136852295	False	6.025041287766174
193	5	3	edta:TE_00002612;pantera:(GCTGCTGGT)n;rm2:(GCTGCTGGT)n;rm2:rnd-3_family-1248;rm2:rnd-5_family-10956	edta,pantera,rm2	True	1	4875	103	rm2:rnd-3_family-1248	87	686.0	len_inconsistent	108-1967	repeat:TE:ClassII:Helitron	DNA/Helitron;Simple_repeat;Unknown	12.100000381469727	1.0	0.014210278369579738	True	6.012837224705172
111	8	3	edta:TE_00000600;edta:TE_00001960;pantera:Unknown_47-fGobNig;rm2:ltr-1_family-143;rm2:ltr-1_family-144;rm2:ltr-1_family-165;rm2:ltr-1_family-227;rm2:ltr-1_family-228	edta,pantera,rm2	True	5	403	101	rm2:ltr-1_family-143	32	312.0	len_inconsistent	301-1832	repeat:TE:ClassI:LTR	LTR;LTR/Unknown;LTR/unknown	8.849999904632568	1.0	0.0	True	6.004321373782643
466	3	3	edta:TE_00000932;pantera:Unknown_59-fGobNig;rm2:rnd-1_family-266	edta,pantera,rm2	True	1	1556	102	rm2:rnd-1_family-266	99	178.0	len_inconsistent	178-1582	repeat:TE:ClassII	DNA;DNA/DTH;DNA/MULE-MuDR	12.0	0.98845414984122	0.07741303282704556	True	5.997054321603138
574	2	2	edta:TE_00000494;rm2:rnd-3_family-1268	edta,rm2	True	1	3182	1297	rm2:rnd-3_family-1268	1297	86.0	ok	86-86	repeat:TE:ClassII:Helitron	DNA/Helitron;Unknown	7.249999761581421	0.8799048351167397	0.022932716856416617	True	5.99284481120082
303	4	3	edta:TE_00000280;pantera:Unknown_196-fGobNig;pantera:Unknown_460-fGobNig;rm2:rnd-5_family-17738	edta,pantera,rm2	True	3	220	97	pantera:Unknown_460-fGobNig	46	428.0	ok	427-993	repeat:TE:ClassII	DNA;DNA/DTA;Unknown	0.0	0.9992341859396539	0.0	True	5.9860059202058995
211	5	3	edta:TE_00000582;pantera:Unknown_294-fGobNig;rm2:ltr-1_family-1;rm2:ltr-1_family-139;rm2:ltr-1_family-2	edta,pantera,rm2	True	4	710	96	pantera:Unknown_294-fGobNig	45	715.0	ok	577-715	repeat:TE:ClassI:LTR	LTR/Unknown;LTR/unknown;Unknown	12.5	1.0	0.0	True	5.982271233039569
268	4	3	edta:TE_00002227;pantera:Unknown_335-fGobNig;pantera:Unknown_338-fGobNig;rm2:rnd-5_family-453	edta,pantera,rm2	True	3	583	96	rm2:rnd-5_family-453	48	617.0	ok	613-617	repeat:TE:ClassII:TIR:hAT	DNA/DTA;Unknown	4.9750001430511475	0.9846566802320548	0.01153797118694488	True	5.966927913271624
133	7	3	edta:TE_00001462;pantera:(CCTCACGTCT)n;pantera:(CTCCTCATGT)n;rm2:(CCTCACGTCT)n;rm2:(CTCCTCATGT)n;rm2:rnd-3_family-1755;rm2:rnd-4_family-751	edta,pantera,rm2	True	2	3315	103	rm2:rnd-4_family-751	67	352.0	len_inconsistent+weak_3p	352-22310	repeat:TE:ClassII:Helitron	DNA/Helitron;DNA/hAT-hAT5;Simple_repeat;Unknown	6.900000095367432	0.9508317526167115	0.13197176470588234	False	5.963668977321883
55	12	3	edta:TE_00001454;pantera:(CATGAGGTC)n;pantera:(CCACATGGA)n;pantera:(GAGCTG)n;pantera:(GTCCATGAGG)n;pantera:Unknown_84-fGobNig;rm2:(CATGAGGTC)n;rm2:(CCACATGGA)n;rm2:(GAGCTG)n;rm2:(GTCCATGAGG)n;rm2:rnd-1_family-503;rm2:rnd-4_family-1911	edta,pantera,rm2	True	2	1675	90	rm2:rnd-4_family-1911	33	1385.0	ok	42-2179	repeat:tandem:simple	DNA;DNA/Helitron;DNA/hAT-Ac;Simple_repeat;Unknown	8.199999809265137	1.0	0.009202453987730062	True	5.954242509439325
106	8	3	edta:TE_00000792;edta:TE_00000808;pantera:Unknown_32-fGobNig;rm2:ltr-1_family-205;rm2:ltr-1_family-206;rm2:ltr-1_family-245;rm2:ltr-1_family-246;rm2:ltr-1_family-528	edta,pantera,rm2	True	5	1152	89	rm2:ltr-1_family-245	50	760.0	ok	463-2429	repeat:TE:ClassI:LTR	LTR;LTR/Gypsy;LTR/Unknown;LTR/unknown	10.825000286102295	1.0	0.0	True	5.949390006644913
165	6	3	edta:TE_00002964;edta:TE_00003145;pantera:L2_3-fGobNig;rm2:rnd-1_family-308;rm2:rnd-1_family-416;rm2:rnd-5_family-5963	edta,pantera,rm2	True	4	7301	89	rm2:rnd-1_family-416	54	472.0	len_inconsistent+weak_5p	472-3490	repeat:TE:ClassI:LINE:Jockey	LINE/L2	16.15000009536743	0.9936230292250505	0.007872559095580678	False	5.9430130358699635
436	3	3	edta:TE_00001604;pantera:Unknown_281-fGobNig;rm2:ltr-1_family-188	edta,pantera,rm2	True	2	592	87	pantera:Unknown_281-fGobNig	44	751.0	ok	751-762	repeat:TE:ClassI:LTR	LTR/Unknown;LTR/unknown;Unknown	16.899999618530273	1.0	0.0	True	5.939519252618618
413	3	3	edta:TE_00003130;pantera:Unknown_610-fGobNig;rm2:rnd-4_family-1469	edta,pantera,rm2	True	2	9070	107	pantera:Unknown_610-fGobNig	84	137.0	ok	137-4300	repeat:TE:ClassI:LINE:R2	DNA/TcMar-Tc1;LINE/R2-Hero;Unknown	9.149999618530273	0.8992269828848074	0.005191529301343345	True	5.928610760570017
232	5	2	edta:TE_00000381;edta:TE_00000497;edta:TE_00001266;edta:TE_00001636;rm2:rnd-2_family-183	edta,rm2	True	1	6624	810	rm2:rnd-2_family-183	810	160.0	len_inconsistent	160-160	repeat:TE:ClassII:TIR:PIFHarbinger	DNA/DTH;DNA/DTM;DNA/hAT-Charlie	21.150001525878906	1.0	0.0009220839096357768	False	5.90848501887865
273	4	3	edta:TE_00000115;edta:TE_00000418;pantera:Unknown_167-fGobNig;rm2:rnd-4_family-974	edta,pantera,rm2	True	2	1937	76	pantera:Unknown_167-fGobNig	39	1057.0	ok	1057-1064	repeat:TE:ClassII	DNA;DNA/DTA;DNA/DTH	10.25	0.996523915461624	0.006562847608453838	True	5.877337507742415
140	7	3	edta:TE_00000514;edta:TE_00001212;pantera:hAT_7-fGobNig;rm2:ltr-1_family-31;rm2:ltr-1_family-32;rm2:ltr-1_family-59;rm2:ltr-1_family-60	edta,pantera,rm2	True	5	402	70	rm2:ltr-1_family-59	30	329.0	ok	329-2378	repeat:TE:ClassI:LTR	LTR;LTR/Pao;LTR/Unknown;LTR/unknown	5.599999904632568	1.0	0.0	True	5.845098040014257
342	3	2	edta:TE_00000670;edta:TE_00002843;rm2:rnd-1_family-78	edta,rm2	True	1	3973	742	rm2:rnd-1_family-78	742	240.0	ok	240-240	repeat:TE:ClassII:TIR:hAT	DNA/DTA;DNA/DTM;DNA/hAT-Ac	16.200000762939453	0.9683587244803553	0.020432472054242257	False	5.8387626297593815
157	6	2	edta:TE_00000490;edta:TE_00000621;edta:TE_00001074;edta:TE_00002475;edta:TE_00002905;rm2:rnd-1_family-613	edta,rm2	True	1	14463	696	rm2:rnd-1_family-613	696	290.0	len_inconsistent	290-290	repeat:TE:ClassII:TIR:Tc1Mariner	DNA/DTA;DNA/DTC;DNA/DTT;DNA/TcMar-Mariner;unknown	18.300000190734863	0.9889288550474143	0.035128696220862336	True	5.831538094657977
201	5	2	edta:TE_00000392;edta:TE_00001079;edta:TE_00001142;edta:TE_00002426;rm2:rnd-2_family-92	edta,rm2	True	1	6628	690	rm2:rnd-2_family-92	690	244.0	len_inconsistent+weak_5p	244-244	repeat:TE:ClassII:TIR:Mutator	DNA/DTH;DNA/DTM;MITE/DTM;Unknown	15.199999809265137	0.9775958427296794	0.012591629749493771	False	5.816444933466935
95	9	2	edta:TE_00000099;edta:TE_00000219;edta:TE_00001146;edta:TE_00001299;edta:TE_00001832;edta:TE_00001916;edta:TE_00001941;rm2:ltr-1_family-42;rm2:rnd-1_family-307	edta,rm2	True	1	9845	637	rm2:rnd-1_family-307	635	316.0	len_inconsistent	316-6346	repeat:TE:ClassII:TIR:hAT	DNA/DTA;DNA/DTC;DNA/DTT;LTR/Gypsy;MITE/DTA;Unknown	16.600000381469727	0.9996438021575412	0.0	False	5.803783234492892
260	4	2	edta:TE_00000665;edta:TE_00000989;rm2:rnd-1_family-541;rm2:rnd-1_family-77	edta,rm2	True	2	16078	636	rm2:rnd-1_family-541	484	520.0	len_inconsistent+weak_5p	519-520	repeat:TE:ClassII:TIR:Tc1Mariner	DNA/Helitron;DNA/TcMar-Tc1;MITE/DTM	11.449999809265137	0.9934770052802588	0.0	False	5.796934120928672
475	3	3	edta:TE_00002465;pantera:Unknown_243-fGobNig;rm2:rnd-4_family-410	edta,pantera,rm2	True	1	3045	61	rm2:rnd-4_family-410	39	550.0	len_inconsistent+weak_5p	550-866	repeat:TE:ClassII	DNA;DNA/DTC;DNA/TcMar-Tc1	10.300000190734863	0.9957932593166934	0.009841701230085893	True	5.7811230943274605
187	5	3	edta:TE_00001577;edta:TE_00001685;pantera:(CATTAGCTC)n;rm2:(CATTAGCTC)n;rm2:rnd-3_family-85	edta,pantera,rm2	True	1	1978	60	rm2:rnd-3_family-85	58	527.0	len_inconsistent+weak_3p	527-2963	repeat:TE:ClassII:TIR:PIFHarbinger	DNA/DTH;DNA/hAT-Ac;Simple_repeat	10.699999809265137	1.0	0.0031621470322720554	False	5.778151250383644
364	3	2	edta:TE_00000804;edta:TE_00002327;rm2:rnd-1_family-282	edta,rm2	True	1	2790	577	rm2:rnd-1_family-282	577	196.0	len_inconsistent	196-196	repeat:TE:ClassII:TIR:CACTA	DNA/DTC;MITE/DTA;Unknown	16.100000381469727	0.9920793427443149	0.003159253337442931	True	5.753255155900046
128	7	2	edta:TE_00000078;edta:TE_00000874;edta:TE_00001809;edta:TE_00002308;edta:TE_00002555;edta:TE_00002832;rm2:rnd-1_family-53	edta,rm2	True	1	12320	603	rm2:rnd-1_family-53	603	646.0	len_inconsistent+weak_3p	646-646	repeat:TE:ClassII:TIR:CACTA	DNA/DTC;DNA/DTM;DNA/DTT;DNA/hAT-Ac	17.700000762939453	0.9700444673700745	0.003506821194885173	False	5.750361779510226
36	14	3	edta:TE_00000293;edta:TE_00000303;edta:TE_00001466;edta:TE_00002194;edta:TE_00002209;edta:TE_00002976;edta:TE_00002997;pantera:Unknown_54-fGobNig;pantera:Unknown_616-fGobNig;rm2:rnd-1_family-330;rm2:rnd-4_family-1052;rm2:rnd-4_family-662;rm2:rnd-4_family-797;rm2:rnd-5_family-2400	edta,pantera,rm2	True	1	22560	70	rm2:rnd-4_family-1052	32	855.0	len_inconsistent	120-13253	repeat:TE:ClassI:LINE:Jockey	DNA;DNA/DTM;LINE/L2;LTR/Gypsy;LTR/Pao;LTR/unknown;SINE	12.050000190734863	0.868440502586844	0.0	True	5.713538542601101
159	6	3	edta:TE_00000152;edta:TE_00000729;edta:TE_00002689;edta:TE_00002736;pantera:Unknown_34-fGobNig;rm2:rnd-5_family-2656	edta,pantera,rm2	True	2	2193	50	rm2:rnd-5_family-2656	26	2386.0	ok	2384-2386	repeat:TE:ClassII	DNA;DNA/DTC;Unknown	13.550000190734863	0.997038058021804	0.0	True	5.696008062357823
550	2	2	edta:TE_00000442;rm2:rnd-1_family-409	edta,rm2	True	1	3689	543	rm2:rnd-1_family-409	543	225.0	len_inconsistent+weak_3p	225-225	repeat:TE:ClassII:TIR:hAT	MITE/DTA;Unknown	20.25	0.960374703756854	0.005827436874364011	False	5.695174533345702
681	2	2	edta:TE_00002433;rm2:rnd-2_family-477	edta,rm2	True	1	6952	497	rm2:rnd-2_family-477	497	544.0	len_inconsistent	544-544	repeat:TE:ClassII:Helitron	DNA/Helitron;DNA/TcMar-Tc2	11.5	0.9947833699806786	0.02385821898250349	False	5.6911397587140105
263	4	3	edta:TE_00002175;edta:TE_00002293;pantera:Unknown_557-fGobNig;rm2:rnd-5_family-1378	edta,pantera,rm2	True	1	969	117	pantera:Unknown_557-fGobNig	110	292.0	ok	292-2533	repeat:TE:ClassII:TIR:CACTA	DNA/DTC;DNA/DTM;LTR/Ngaro;Unknown	10.724999904632568	0.611600796133068	0.0009001386213476876	False	5.67978665787923
499	2	2	edta:TE_00003188;rm2:rnd-2_family-209	edta,rm2	True	1	10553	524	rm2:rnd-2_family-209	524	862.0	len_inconsistent	862-862	repeat:TE:ClassI:SINE:5S	SINE/5S-Deu-L2;Unknown	8.699999809265137	0.9588109138926237	0.01000249656346535	True	5.67814220087635
94	9	3	edta:TE_00001722;edta:TE_00001741;edta:TE_00002663;fastltr:CONS_29-7284_clus6_tsdl5_tsdc0.67_tsdmVWRDB;fastltr:CONS_84-7299_clus3_tsdl5_tsdc0.67_tsdmKYWMA;rm2:ltr-1_family-307;rm2:ltr-1_family-308;rm2:ltr-1_family-499;rm2:ltr-1_family-525	edta,fastltr,rm2	True	3	560	47	rm2:ltr-1_family-525	20	473.0	ok	473-7299	repeat:TE:ClassI:LTR	DNA/DTC;LTR/Gypsy;LTR/Pao;LTR/Unknown	7.0	0.9987329836761153	0.0	True	5.670830841611833
359	3	3	edta:TE_00000112;pantera:Unknown_7-fGobNig;rm2:rnd-4_family-39	edta,pantera,rm2	True	2	1578	56	pantera:Unknown_7-fGobNig	28	4158.0	ok	4158-4212	repeat:TE:ClassII:TIR:CACTA	DNA/DTC;Unknown	4.400000095367432	0.916068182227262	0.009129419074989096	True	5.6642562092334625
88	9	3	edta:TE_00001389;edta:TE_00001406;edta:TE_00001887;fastltr:CONS_150-6818_clus3_tsdl5_tsdc0.5_tsdmGAACG;rm2:ltr-1_family-107;rm2:ltr-1_family-108;rm2:ltr-1_family-136;rm2:ltr-1_family-412;rm2:rnd-5_family-3199	edta,fastltr,rm2	True	3	557	46	rm2:ltr-1_family-107	17	523.0	ok	523-6818	repeat:TE:ClassI:LTR:BelPao	DNA/DTM;LTR/Gypsy;LTR/Pao;LTR/Unknown;Unknown	15.600000381469727	1.0	0.0	True	5.662757831681574
275	4	2	edta:TE_00000872;edta:TE_00001513;edta:TE_00002541;rm2:rnd-1_family-103	edta,rm2	True	1	3137	484	rm2:rnd-1_family-103	484	235.0	len_inconsistent	235-235	repeat:TE:ClassII:TIR:hAT	DNA/DTC;DNA/hAT-Ac;MITE/DTH	15.099999904632568	0.9689379079713174	0.009480709292292522	False	5.6537832696157295
279	4	2	edta:TE_00000151;edta:TE_00000860;edta:TE_00002157;rm2:rnd-2_family-157	edta,rm2	True	1	4479	457	rm2:rnd-2_family-157	457	283.0	len_inconsistent	283-283	repeat:TE:ClassII:TIR:hAT	DNA/DTC;DNA/hAT-Charlie;MITE/DTA	17.699999809265137	0.9916263011439761	0.005594958026963444	False	5.651542501213827
121	8	3	edta:TE_00000834;edta:TE_00000948;edta:TE_00000957;edta:TE_00000967;edta:TE_00000976;fastltr:CONS_2-7006_clus7_tsdl0_tsdc0.0_tsdmnone;rm2:ltr-1_family-119;rm2:ltr-1_family-120	edta,fastltr,rm2	True	2	1486	43	rm2:ltr-1_family-119	36	528.0	ok	528-8967	repeat:TE:ClassI:LTR:Gypsy	LTR/ERV;LTR/ERV1;LTR/Gypsy;LTR/Unknown;MITE/DTA	11.800000190734863	0.9982835262532459	0.0	True	5.631751981832832
355	3	2	edta:TE_00001590;edta:TE_00002220;rm2:rnd-1_family-253	edta,rm2	True	1	2919	474	rm2:rnd-1_family-253	474	201.0	len_inconsistent	201-201	repeat:TE:ClassII:TIR:Mutator	DNA/DTM;Unknown	12.5	0.9524195786283006	0.03067432279548317	False	5.628197920302386
712	2	2	edta:TE_00002264;rm2:rnd-1_family-530	edta,rm2	True	1	10717	437	rm2:rnd-1_family-530	437	469.0	len_inconsistent+weak_5p	469-469	repeat:TE:ClassII:TIR:Tc1Mariner	DNA/Helitron;DNA/TcMar-Tc1	14.400000095367432	0.9870961126174788	0.0027321296700379095	False	5.627577549587901
474	3	3	edta:TE_00002856;pantera:(TCTGC)n;rm2:rnd-4_family-254	edta,pantera,rm2	True	1	1512	48	rm2:rnd-4_family-254	39	1039.0	ok	85-1039	repeat:TE:ClassII	DNA/DTC;DNA/hAT-Charlie;Simple_repeat	11.699999809265137	0.9400262898455471	0.0465088122870436	False	5.621267527221135
417	3	2	edta:TE_00002017;edta:TE_00002531;rm2:rnd-1_family-205	edta,rm2	True	1	4152	598	rm2:rnd-1_family-205	598	252.0	len_inconsistent	252-252	repeat:TE:ClassII	DNA/DTC;DNA/DTT;Unknown	20.150001525878906	0.8396149710179138	0.0014671496034111228	False	5.616316155006325
100	8	2	edta:TE_00000040;edta:TE_00000942;edta:TE_00001689;edta:TE_00002178;edta:TE_00002285;edta:TE_00002863;rm2:rnd-1_family-16;rm2:rnd-1_family-463	edta,rm2	True	1	18800	418	rm2:rnd-1_family-16	418	698.0	ok	698-1401	repeat:TE:ClassII:TIR:hAT	DNA/DTC;DNA/DTM;DNA/Helitron;DNA/PIF-Harbinger;DNA/hAT-Charlie	13.599999904632568	0.9939489871077573	0.001802836766495672	False	5.615125268882792
259	4	2	edta:TE_00000031;edta:TE_00000247;edta:TE_00002421;rm2:rnd-1_family-40	edta,rm2	True	1	4501	427	rm2:rnd-1_family-40	427	455.0	len_inconsistent	455-455	repeat:TE:ClassII:TIR:CACTA	DNA/DTC;Unknown	15.0	0.9767981438515081	0.0027921624648950504	False	5.607226018876532
216	5	2	edta:TE_00000092;rm2:rnd-1_family-440;rm2:rnd-1_family-445;rm2:rnd-1_family-568;rm2:rnd-5_family-1713	edta,rm2	True	3	4169	415	rm2:rnd-1_family-568	167	150.0	ok	150-519	repeat:TE:ClassII:Helitron	DNA/Helitron;DNA/hAT-Charlie;Unknown	8.199999809265137	0.9833425874514159	0.0011089280763713946	True	5.601390684163508
119	8	3	edta:TE_00000548;edta:TE_00001475;edta:TE_00001971;fastltr:CONS_33-4771_clus4_tsdl5_tsdc0.75_tsdmVHRDH;rm2:ltr-1_family-101;rm2:ltr-1_family-102;rm2:ltr-1_family-223;rm2:ltr-1_family-224	edta,fastltr,rm2	True	2	299	40	rm2:ltr-1_family-101	15	185.0	ok	185-4771	repeat:TE:ClassI:LTR:Gypsy	DNA/DTA;DNA/DTM;LTR/Gypsy;LTR/Unknown	11.900000095367432	0.9987269255251432	0.0	False	5.600786916853106
120	8	3	edta:TE_00001409;edta:TE_00001453;edta:TE_00001470;fastltr:CONS_130-4605_clus2_tsdl0_tsdc0.0_tsdmnone;fastltr:CONS_151-4766_clus3_tsdl2_tsdc0.5_tsdmAC;rm2:ltr-1_family-341;rm2:ltr-1_family-342;rm2:ltr-1_family-523	edta,fastltr,rm2	True	2	195	40	rm2:ltr-1_family-341	21	145.0	ok	145-4766	repeat:TE:ClassI:LTR:Gypsy	LTR/Gypsy;LTR/Unknown;MITE/DTC	5.450000047683716	0.9981464318813716	0.0	True	5.600206423209334
155	6	2	edta:TE_00000368;edta:TE_00000721;edta:TE_00001072;edta:TE_00002053;edta:TE_00002918;rm2:rnd-1_family-607	edta,rm2	True	1	9237	397	rm2:rnd-1_family-607	397	372.0	len_inconsistent	372-372	repeat:TE:ClassII:TIR:CACTA	DNA/DTC;DNA/DTM;DNA/TcMar-Tc1;unknown	11.699999809265137	0.9854211204163152	0.001795301729248175	False	5.58421162717943
236	5	3	edta:TE_00001778;edta:TE_00001795;fastltr:CONS_86-3124_clus4_tsdl5_tsdc0.67_tsdmRRYRY;rm2:ltr-1_family-470;rm2:ltr-1_family-471	edta,fastltr,rm2	True	1	278	37	rm2:ltr-1_family-470	29	330.0	ok	330-3124	repeat:TE:ClassI:LTR:BelPao	DNA/DTA;LTR/Bel-Pao;LTR/Pao;LTR/Unknown	11.899999618530273	0.9997377163839832	0.0	True	5.567939440450978
93	9	3	edta:TE_00000844;edta:TE_00001170;edta:TE_00001190;fastltr:CONS_135-4701_clus3_tsdl5_tsdc0.67_tsdmRAAAR;rm2:ltr-1_family-215;rm2:ltr-1_family-216;rm2:ltr-1_family-258;rm2:ltr-1_family-316;rm2:rnd-4_family-2773	edta,fastltr,rm2	True	2	483	37	rm2:rnd-4_family-2773	20	577.0	len_inconsistent	186-4701	repeat:TE:ClassI:LTR:Gypsy	LTR/Gypsy;LTR/Unknown;LTR/unknown;MITE/DTC;Unknown	11.5	0.9994233937397035	0.0	True	5.567625117806698
223	5	3	edta:TE_00002664;edta:TE_00002677;fastltr:CONS_65-7287_clus3_tsdl0_tsdc0.0_tsdmnone;rm2:ltr-1_family-474;rm2:ltr-1_family-475	edta,fastltr,rm2	True	1	564	36	rm2:ltr-1_family-474	30	429.0	len_inconsistent	429-7287	repeat:TE:ClassI:LTR:BelPao	DNA/DTC;LTR/Gypsy;LTR/Pao;LTR/Unknown	12.199999809265137	0.9993867288114804	0.02045050385299348	True	5.555689229578768
143	7	3	edta:TE_00000598;edta:TE_00000612;edta:TE_00002042;fastltr:CONS_96-4677_clus4_tsdl2_tsdc0.4_tsdmMM;rm2:ltr-1_family-312;rm2:ltr-1_family-313;rm2:ltr-1_family-423	edta,fastltr,rm2	True	1	444	34	rm2:ltr-1_family-312	24	768.0	ok	768-4677	repeat:TE:ClassI:LTR:BelPao	DNA/DTC;LTR/Bel-Pao;LTR/Gypsy;LTR/Pao;LTR/Unknown	8.125	1.0	0.0	True	5.531478917042255
41	14	3	edta:CATOHO010000138.1:28552..31986;edta:OX637597.1:20055292..20049164;edta:TE_00000013;edta:TE_00001066;edta:TE_00001083;edta:TE_00001205;edta:TE_00001535;fastltr:CONS_145-4486_clus3_tsdl4_tsdc0.5_tsdmMKWY;fastltr:CONS_63-4707_clus4_tsdl5_tsdc0.5_tsdmTCGTT;rm2:ltr-1_family-100;rm2:ltr-1_family-368;rm2:ltr-1_family-524;rm2:ltr-1_family-552;rm2:ltr-1_family-99	edta,fastltr,rm2	True	1	295	33	rm2:ltr-1_family-99	13	198.0	ok	176-4707	repeat:TE:ClassI:LTR:Gypsy	DNA/DTC;DNA/DTM;LTR/Gypsy;LTR/Unknown	13.150000095367432	1.0	0.0	True	5.518513939877888
735	2	2	edta:TE_00003022;rm2:rnd-3_family-8	edta,rm2	True	1	3661	320	rm2:rnd-3_family-8	320	158.0	weak_5p+weak_3p	158-158	repeat:TE:ClassI:SINE:tRNA	SINE/tRNA	19.299999237060547	0.994023420588577	0.003511275725758039	False	5.499173398908483
283	4	2	edta:TE_00002251;rm2:rnd-1_family-206;rm2:rnd-1_family-289;rm2:rnd-1_family-93	edta,rm2	True	3	2253	369	rm2:rnd-1_family-289	194	591.0	len_inconsistent	252-591	repeat:TE:ClassII:TIR:CACTA	DNA/DTC;Unknown	7.1499998569488525	0.9224371434944711	0.0043550768511732155	True	5.489463509653532
220	5	3	edta:TE_00000027;edta:TE_00000816;pantera:Unknown_275-fGobNig;pantera:Unknown_278-fGobNig;rm2:rnd-3_family-100	edta,pantera,rm2	True	3	2114	43	rm2:rnd-3_family-100	21	757.0	len_inconsistent	757-777	repeat:TE:ClassI:LTR:Gypsy	DNA/DTM;LTR/Gypsy;Unknown	15.899999618530273	0.8534147740585436	0.0036075036075036075	True	5.48688322963813
722	2	2	edta:TE_00000136;rm2:rnd-4_family-1943	edta,rm2	True	1	1661	306	rm2:rnd-4_family-1943	306	133.0	len_inconsistent	133-133	repeat:TE:ClassII:TIR:CACTA	DNA/DTC;DNA/TcMar-Tc1	17.84999990463257	0.9955038160287527	0.0012046822327466756	False	5.481225242510333
412	3	2	edta:TE_00000898;rm2:rnd-2_family-105;rm2:rnd-5_family-4484	edta,rm2	True	2	2342	362	rm2:rnd-2_family-105	350	344.0	len_inconsistent	183-344	repeat:TE:ClassII:Helitron	DNA/Helitron;Unknown	14.0	0.9154295246038365	0.0023696754641122095	True	5.474138095137002
667	2	2	edta:TE_00000675;rm2:rnd-1_family-70	edta,rm2	True	1	3189	320	rm2:rnd-1_family-70	320	346.0	len_inconsistent	346-346	repeat:TE:ClassII:TIR:hAT	DNA/Helitron;DNA/hAT-Ac	13.849999904632568	0.9655513483958298	0.0	False	5.470701326715736
434	3	2	edta:TE_00001060;rm2:rnd-1_family-153;rm2:rnd-1_family-586	edta,rm2	True	2	1884	327	rm2:rnd-1_family-586	172	291.0	len_inconsistent	291-492	repeat:TE:ClassII:TIR:CACTA	DNA/DTC;Unknown	7.400000095367432	0.9500694838621283	0.002469591562653156	True	5.464617236522415
136	7	3	edta:TE_00002201;edta:TE_00002215;edta:TE_00002485;fastltr:CONS_9-7202_clus4_tsdl0_tsdc0.0_tsdmnone;rm2:ltr-1_family-456;rm2:ltr-1_family-457;rm2:rnd-5_family-3840	edta,fastltr,rm2	True	3	769	29	rm2:rnd-5_family-3840	14	1138.0	ok	844-7202	repeat:TE:ClassI:LTR:Gypsy	DNA/DTC;LTR/Gypsy;LTR/Unknown;Unknown	7.75	1.0	0.0	True	5.462397997898956
215	5	2	edta:TE_00000186;edta:TE_00000485;edta:TE_00001565;edta:TE_00001889;rm2:rnd-2_family-440	edta,rm2	True	1	3306	347	rm2:rnd-2_family-440	347	480.0	ok	480-480	repeat:TE:ClassII:TIR:CACTA	DNA/DTC;DNA/DTH;LTR/Gypsy;MITE/DTM;Unknown	13.0	0.9219785380106789	0.0018497785133622159	False	5.462308012801552
877	2	2	pantera:hAT_6-fGobNig;rm2:rnd-1_family-92	pantera,rm2	True	2	11114	657	rm2:rnd-1_family-92	645	316.0	len_inconsistent	316-2742	repeat:TE:ClassII	DNA;Unknown	15.750000476837158	0.6423590183255495	0.012111386508261377	True	5.45992438788533
226	5	3	edta:TE_00001582;edta:TE_00002445;fastltr:CONS_38-6906_clus5_tsdl4_tsdc0.33_tsdmAACA;rm2:ltr-1_family-73;rm2:ltr-1_family-74	edta,fastltr,rm2	True	2	374	29	rm2:ltr-1_family-73	19	937.0	ok	937-6906	repeat:TE:ClassI:LTR:Gypsy	DNA/DTC;LTR/Gypsy;LTR/Unknown	12.5	0.9955046077770285	0.004172405411974399	True	5.457902605675984
294	4	3	edta:TE_00000074;edta:TE_00002876;fastltr:CONS_102-15717_clus3_tsdl4_tsdc0.67_tsdmMWCR;rm2:rnd-4_family-4510	edta,fastltr,rm2	True	1	1922	28	rm2:rnd-4_family-4510	28	3462.0	len_inconsistent	3462-15717	repeat:TE:ClassI:LTR:Gypsy	LINE/L2;LTR/Gypsy	22.899999618530273	0.9999384577512462	0.0012620571531596501	False	5.447096489093465
684	2	2	edta:TE_00000345;rm2:rnd-1_family-430	edta,rm2	True	1	1470	292	rm2:rnd-1_family-430	292	263.0	ok	263-263	repeat:TE:ClassII:TIR:hAT	DNA/DTM;DNA/hAT	15.749999523162842	0.9793581774496357	0.002562111801242236	False	5.444741028898054
758	2	2	edta:TE_00003067;rm2:rnd-5_family-2965	edta,rm2	True	1	1972	276	rm2:rnd-5_family-2965	276	84.0	len_inconsistent	84-84	repeat:TE:ClassI:LINE:RTE	LINE/Rex-Babar	15.5	0.9924905872319181	0.001882150766413838	False	5.4333996692971365
235	5	3	edta:TE_00001895;edta:TE_00001914;fastltr:CONS_89-5512_clus6_tsdl5_tsdc0.67_tsdmMCMWS;rm2:ltr-1_family-15;rm2:ltr-1_family-16	edta,fastltr,rm2	True	3	446	27	rm2:ltr-1_family-15	15	342.0	ok	342-5512	repeat:TE:ClassI:LTR:Gypsy	DNA/DTA;LTR/Gypsy;LTR/Unknown	15.5	1.0	0.0	True	5.431363764158988
180	6	3	edta:TE_00000547;edta:TE_00001233;edta:TE_00001665;fastltr:CONS_85-6796_clus4_tsdl2_tsdc0.67_tsdmGG;rm2:ltr-1_family-166;rm2:ltr-1_family-167	edta,fastltr,rm2	True	2	364	27	rm2:ltr-1_family-166	17	952.0	ok	952-6796	repeat:TE:ClassI:LTR:Gypsy	DNA/DTM;LTR/Gypsy;LTR/Unknown	16.524999618530273	0.9991379985894523	0.0	True	5.43050176274844
395	3	2	edta:TE_00000542;rm2:rnd-3_family-2217;rm2:rnd-5_family-745	edta,rm2	True	2	3150	281	rm2:rnd-3_family-2217	191	162.0	ok	162-482	repeat:TE:ClassII:TIR:CACTA	DNA/DTC;DNA/hAT-Ac;Unknown	12.699999809265137	0.9734304171018873	0.0040969891186402865	True	5.4221367370069675
233	5	2	edta:TE_00002124;rm2:rnd-1_family-320;rm2:rnd-1_family-321;rm2:rnd-1_family-328;rm2:rnd-4_family-1379	edta,rm2	True	3	2287	261	rm2:rnd-1_family-321	215	206.0	ok	206-1182	repeat:TE:ClassII:TIR:Tc1Mariner	DNA/DTM;DNA/TcMar-Tc1	7.75	0.999009083402147	0.0023121387283236996	False	5.415649590740427
390	3	2	edta:TE_00003021;rm2:rnd-1_family-125;rm2:rnd-1_family-551	edta,rm2	True	1	4901	264	rm2:rnd-1_family-125	230	292.0	len_inconsistent	168-292	repeat:TE:ClassI:LINE:RTE	LINE/Rex-Babar	10.300000190734863	0.9895874784454172	0.02444793634342455	False	5.411191405315249
110	8	3	edta:TE_00000406;edta:TE_00001761;edta:TE_00001779;fastltr:CONS_90-6748_clus3_tsdl5_tsdc0.5_tsdmTGATA;rm2:ltr-1_family-117;rm2:ltr-1_family-118;rm2:ltr-1_family-219;rm2:ltr-1_family-220	edta,fastltr,rm2	True	2	221	25	rm2:ltr-1_family-219	10	521.0	ok	521-6748	repeat:TE:ClassI:LTR	LTR/Gypsy;LTR/Pao;LTR/Unknown;MITE/DTC	12.650000095367432	0.9988062230437461	0.0	True	5.396746231715784
347	3	2	edta:TE_00002860;rm2:rnd-1_family-611;rm2:rnd-4_family-1820	edta,rm2	True	1	6975	486	rm2:rnd-1_family-611	465	404.0	len_inconsistent	404-450	repeat:TE:ClassI:LTR	LTR/unknown;Unknown	15.199999809265137	0.7017364255620743	0.03039492895866325	True	5.388372694824367
311	4	3	edta:TE_00002037;fastltr:CONS_8-6032_clus3_tsdl5_tsdc0.33_tsdmTTTTG;rm2:ltr-1_family-424;rm2:ltr-1_family-425	edta,fastltr,rm2	True	1	371	25	rm2:ltr-1_family-424	18	781.0	ok	781-6032	repeat:TE:ClassI:LTR:Gypsy	LTR/Gypsy;LTR/Unknown	10.0	0.9896593243147531	0.0	True	5.387599332986791
593	2	2	edta:TE_00000576;rm2:rnd-1_family-102	edta,rm2	True	1	1500	246	rm2:rnd-1_family-102	246	159.0	len_inconsistent	159-159	repeat:TE:ClassII:TIR:Tc1Mariner	DNA/DTC;DNA/TcMar-Tc1	11.849999904632568	0.9913204869261423	0.007323907782448096	False	5.382255594029521
200	5	3	edta:TE_00002406;edta:TE_00002418;fastltr:CONS_140-7016_clus3_tsdl5_tsdc0.67_tsdmAWRMR;rm2:ltr-1_family-43;rm2:ltr-1_family-44	edta,fastltr,rm2	True	1	183	24	rm2:ltr-1_family-43	18	549.0	ok	549-7016	repeat:TE:ClassI:LTR:BelPao	LTR/Gypsy;LTR/Pao	14.925000190734863	0.9994993563152624	0.0	False	5.379710598026869
166	6	3	edta:TE_00000864;edta:TE_00001557;fastltr:CONS_18-6057_clus3_tsdl0_tsdc0.0_tsdmnone;rm2:ltr-1_family-235;rm2:ltr-1_family-236;rm2:rnd-5_family-800	edta,fastltr,rm2	True	2	283	24	rm2:rnd-5_family-800	12	762.0	ok	662-6057	repeat:TE:ClassI:LTR:Gypsy	LTR/Gypsy;LTR/Unknown;Unknown	10.25	0.99778522039758	0.0	True	5.377996462109186
415	3	2	edta:TE_00001127;edta:TE_00001742;rm2:rnd-3_family-333	edta,rm2	True	1	1428	238	rm2:rnd-3_family-333	238	169.0	ok	169-169	repeat:TE:ClassII:TIR:hAT	DNA/DTC;DNA/DTM;DNA/hAT-Tip100	15.399999618530273	0.9959058883270211	0.0	False	5.372482845383534
114	8	2	edta:TE_00000785;edta:TE_00001069;edta:TE_00001235;edta:TE_00002139;edta:TE_00002280;edta:TE_00002783;edta:TE_00002924;rm2:rnd-2_family-146	edta,rm2	True	1	17828	242	rm2:rnd-2_family-146	242	409.0	len_inconsistent	409-409	repeat:TE:ClassII:TIR:hAT	DNA/DTC;DNA/DTM;DNA/hAT-hAT5;unknown	18.90000057220459	0.9864890048453224	0.0027487886693999255	True	5.370304370825753
353	3	2	edta:TE_00002126;edta:TE_00002221;rm2:rnd-5_family-2529	edta,rm2	True	1	1824	241	rm2:rnd-5_family-2529	241	276.0	len_inconsistent	276-276	repeat:TE:ClassII:TIR:CACTA	DNA/DTC;DNA/hAT-Charlie	14.600000381469727	0.9882722692364134	0.0022562735410654013	False	5.370289311811282
488	2	2	edta:TE_00002559;rm2:rnd-1_family-400	edta,rm2	True	1	948	233	rm2:rnd-1_family-400	233	194.0	len_inconsistent	194-194	repeat:TE:ClassII:TIR:Academ	DNA/Academ-1;MITE/DTM	10.574999809265137	0.993669085218381	0.01107656037233502	False	5.3610250062444
418	3	2	edta:TE_00000071;edta:TE_00002311;rm2:rnd-2_family-485	edta,rm2	True	1	2018	232	rm2:rnd-2_family-485	232	296.0	ok	296-296	repeat:TE:ClassII:TIR:hAT	DNA/DTH;DNA/DTT;DNA/hAT-Charlie	22.299999237060547	0.992928452579035	0.0	False	5.358416437469934
400	3	2	edta:TE_00000304;edta:TE_00002542;rm2:rnd-5_family-123	edta,rm2	True	1	3921	231	rm2:rnd-5_family-123	231	722.0	len_inconsistent	722-722	repeat:TE:ClassII:TIR:CACTA	DNA/DTC;DNA/DTH;DNA/TcMar-Tc1	12.899999618530273	0.9910754000927477	0.006703702652142503	False	5.354687379984893
843	2	2	edta:TE_00002040;rm2:rnd-1_family-228	edta,rm2	True	1	993	227	rm2:rnd-1_family-228	227	162.0	len_inconsistent	162-162	repeat:TE:ClassII:TIR:Mutator	DNA/MULE-MuDR;MITE/DTM	13.09999942779541	0.9893320402473027	0.1037412090043669	False	5.345357897440425
288	4	2	edta:TE_00001469;edta:TE_00001854;rm2:rnd-1_family-17;rm2:rnd-2_family-152	edta,rm2	True	1	8243	223	rm2:rnd-2_family-152	136	486.0	weak_3p	122-486	repeat:TE:ClassII:TIR:Tc1Mariner	DNA/Helitron;DNA/TcMar-Tc1;DNA/TcMar-Tc2	14.0	0.993237257740423	0.0031860272079765	False	5.341542120788584
387	3	2	edta:TE_00000069;edta:TE_00002309;rm2:rnd-3_family-74	edta,rm2	True	1	2845	241	rm2:rnd-3_family-74	241	224.0	len_inconsistent	224-224	repeat:TE:ClassII:TIR:CACTA	DNA/DTC;DNA/DTH;DNA/hAT-Ac	16.5	0.95515852163251	0.002869028833739779	False	5.337175564207378
378	3	2	edta:TE_00003083;rm2:rnd-1_family-533;rm2:rnd-2_family-177	edta,rm2	True	2	4929	222	rm2:rnd-2_family-177	189	333.0	len_inconsistent	178-333	repeat:TE:ClassI:PLE	LINE/Penelope;Unknown	12.899999618530273	0.9858653190780694	0.006347077537271537	True	5.332218293528708
277	4	2	edta:TE_00000286;edta:TE_00001158;edta:TE_00001640;rm2:rnd-4_family-3016	edta,rm2	True	1	2551	220	rm2:rnd-4_family-3016	220	397.0	len_inconsistent	397-397	repeat:TE:ClassII:TIR:CACTA	DNA/DTC;DNA/DTM;DNA/hAT-Ac	16.050000190734863	0.9876045336842552	0.012077089612429426	False	5.330027214506462
219	5	3	edta:TE_00000472;edta:TE_00000483;fastltr:CONS_147-7222_clus3_tsdl5_tsdc0.67_tsdmRKYRY;rm2:ltr-1_family-125;rm2:ltr-1_family-126	edta,fastltr,rm2	True	1	176	20	rm2:ltr-1_family-125	16	317.0	ok	317-7222	repeat:TE:ClassI:LTR	LTR/Gypsy;LTR/Pao;LTR/Unknown	7.5249998569488525	0.9999722307072839	0.002324980625161457	True	5.301002226371265
182	5	3	edta:TE_00002888;edta:TE_00002900;fastltr:CONS_7-7743_clus4_tsdl0_tsdc0.0_tsdmnone;rm2:ltr-1_family-63;rm2:ltr-1_family-64	edta,fastltr,rm2	True	2	453	20	rm2:ltr-1_family-63	15	857.0	ok	857-7743	repeat:TE:ClassI:LTR	LTR/Gypsy;LTR/Pao;LTR/Unknown;unknown	12.199999809265137	0.9982836983123033	0.07306995518545593	True	5.299313693976284
189	5	3	edta:TE_00002038;edta:TE_00002056;fastltr:CONS_72-4614_clus4_tsdl5_tsdc0.8_tsdmDBVHY;rm2:ltr-1_family-5;rm2:ltr-1_family-6	edta,fastltr,rm2	True	1	177	20	rm2:ltr-1_family-5	12	190.0	ok	190-4614	repeat:TE:ClassI:LTR:Gypsy	LTR/Gypsy;LTR/Unknown	4.699999809265137	0.9879190576864996	0.0023023791250959325	True	5.288949053350481
625	2	2	edta:TE_00000079;rm2:rnd-1_family-196	edta,rm2	True	1	2859	199	rm2:rnd-1_family-196	199	489.0	len_inconsistent	489-489	repeat:TE:ClassII:TIR:Tc1Mariner	DNA/DTC;DNA/TcMar-Tc1	12.099999904632568	0.9803958015787452	0.007032530947992572	False	5.279248877988452
224	5	3	edta:TE_00000837;edta:TE_00000855;fastltr:CONS_134-4704_clus3_tsdl5_tsdc0.33_tsdmGTTTG;rm2:ltr-1_family-241;rm2:ltr-1_family-242	edta,fastltr,rm2	True	1	199	19	rm2:ltr-1_family-241	13	798.0	ok	798-4704	repeat:TE:ClassI:LTR	LTR/Gypsy;LTR/Pao;LTR/Unknown;MITE/DTC	11.800000190734863	0.9993951961292552	0.0	True	5.278148797082084
950	2	2	pantera:Unknown_536-fGobNig;rm2:rnd-1_family-456	pantera,rm2	True	2	406	189	pantera:Unknown_536-fGobNig	95	311.0	ok	261-311	repeat:TE:ClassII	DNA;Unknown	2.850000023841858	0.9945617133406217	0.12468813948924957	True	5.271023517513866
199	5	2	edta:TE_00000430;edta:TE_00001390;rm2:rnd-1_family-189;rm2:rnd-3_family-648;rm2:rnd-5_family-4673	edta,rm2	True	2	4752	317	rm2:rnd-5_family-4673	119	330.0	len_inconsistent	330-444	repeat:TE:ClassII:Helitron	DNA/DTC;DNA/Helitron;Unknown	13.600000381469727	0.7559194428759646	0.002258610954263128	True	5.256978705093716
252	4	3	edta:TE_00001426;fastltr:CONS_54-7385_clus4_tsdl5_tsdc0.8_tsdmMVSBH;rm2:ltr-1_family-33;rm2:ltr-1_family-34	edta,fastltr,rm2	True	1	157	18	rm2:ltr-1_family-33	10	418.0	ok	418-7385	repeat:TE:ClassI:LTR:BelPao	LTR/Gypsy;LTR/Pao	3.625	1.0	0.0	False	5.2552725051033065
304	4	2	edta:TE_00001206;edta:TE_00002186;edta:TE_00002545;rm2:rnd-2_family-211	edta,rm2	True	1	1908	179	rm2:rnd-2_family-211	179	295.0	ok	295-295	repeat:TE:ClassII:TIR:Mutator	DNA/DTM;MITE/DTC;Unknown	16.800000190734863	0.9848627556512379	0.0012446178686759957	False	5.2377157866311315
470	3	2	pantera:Unknown_211-fGobNig;rm2:rnd-5_family-5154;rm2:rnd-5_family-5155	pantera,rm2	True	2	1362	172	pantera:Unknown_211-fGobNig	86	957.0	len_inconsistent	404-957	repeat:TE:ClassII:TIR:hAT	DNA/hAT-Ac;Unknown	16.700000762939453	0.9952939580931714	0.015364354697102721	True	5.23082240500072
218	5	3	edta:TE_00000492;edta:TE_00001641;fastltr:CONS_34-7550_clus4_tsdl0_tsdc0.0_tsdmnone;rm2:ltr-1_family-129;rm2:ltr-1_family-130	edta,fastltr,rm2	True	1	274	17	rm2:ltr-1_family-129	10	768.0	ok	768-7550	repeat:TE:ClassI:LTR:BelPao	DNA/DTH;LTR/Gypsy;LTR/Pao	10.300000190734863	0.9999749367152059	0.0	False	5.23042385809348
403	3	2	edta:TE_00000292;edta:TE_00001759;rm2:rnd-1_family-220	edta,rm2	True	1	2885	177	rm2:rnd-1_family-220	177	482.0	len_inconsistent	482-482	repeat:TE:ClassII:TIR:hAT	DNA/DTC;DNA/Helitron;DNA/hAT-Ac	8.5	0.9777356434069802	0.016301141515447877	False	5.225708909768787
596	2	2	edta:TE_00001525;rm2:rnd-1_family-291	edta,rm2	True	1	3073	230	rm2:rnd-1_family-291	230	317.0	ok	317-317	repeat:TE:ClassII:Helitron	DNA/Helitron;Unknown	13.549999713897705	0.8557831548981991	0.017265919920787177	True	5.217510990915792
241	5	3	edta:TE_00001724;edta:TE_00001743;fastltr:CONS_40-4725_clus3_tsdl0_tsdc0.0_tsdmnone;rm2:ltr-1_family-396;rm2:ltr-1_family-397	edta,fastltr,rm2	True	1	105	16	rm2:ltr-1_family-396	10	206.0	ok	206-4725	repeat:TE:ClassI:LTR:Gypsy	DNA/DTM;LTR/Gypsy;LTR/Unknown	12.700000762939453	1.0	0.0	True	5.204119982655925
350	3	2	edta:TE_00001388;edta:TE_00002725;rm2:rnd-3_family-269	edta,rm2	True	1	3585	177	rm2:rnd-3_family-269	177	776.0	len_inconsistent	776-776	repeat:TE:ClassII:TIR:hAT	DNA/DTH;DNA/hAT-Charlie	10.0	0.944270312136607	0.011037546434294273	False	5.192243578498414
514	2	2	edta:TE_00002219;rm2:rnd-4_family-3629	edta,rm2	True	1	826	164	rm2:rnd-4_family-3629	164	189.0	ok	189-189	repeat:TE:ClassII:TIR:Academ	DNA/Academ-1;DNA/DTM	11.25	0.9762629336579428	0.00414637857577602	False	5.191106781705641
81	10	3	edta:TE_00000033;edta:TE_00000224;edta:TE_00000383;edta:TE_00000768;edta:TE_00001767;edta:TE_00002479;edta:TE_00002836;edta:TE_00002873;pantera:TcMar-Tc1_19-fGobNig;rm2:rnd-5_family-211	edta,pantera,rm2	True	1	9680	16	pantera:TcMar-Tc1_19-fGobNig	16	1535.0	len_inconsistent	1535-3324	repeat:TE:ClassII:TIR:Tc1Mariner	DNA/DTC;DNA/DTM;DNA/TcMar-Tc1;MITE/DTC	9.950000286102295	0.9832483980019173	0.0010120319352299562	False	5.187368380657842
238	5	3	edta:TE_00001758;edta:TE_00001776;fastltr:CONS_46-8666_clus5_tsdl3_tsdc1.0_tsdmWSA;rm2:ltr-1_family-500;rm2:ltr-1_family-501	edta,fastltr,rm2	True	2	103	15	rm2:ltr-1_family-500	10	952.0	ok	952-8666	repeat:TE:ClassI:LTR	LTR/Gypsy;LTR/Pao;LTR/Unknown	7.425000190734863	1.0	0.0	True	5.176091259055681
473	3	2	pantera:Unknown_178-fGobNig;pantera:Unknown_188-fGobNig;rm2:rnd-1_family-351	pantera,rm2	True	3	735	150	rm2:rnd-1_family-351	82	1015.0	ok	1010-1039	repeat:TE:ClassII	DNA;DNA/hAT-Ac	4.699999809265137	0.9987557622486027	0.01181005996818015	False	5.174847021304284
386	3	2	edta:TE_00002434;rm2:rnd-3_family-897;rm2:rnd-4_family-745	edta,rm2	True	1	2232	232	rm2:rnd-3_family-897	138	291.0	len_inconsistent	291-477	repeat:TE:ClassII:TIR:PIFHarbinger	DNA/DTH;Unknown	10.800000190734863	0.8080880516320331	0.00220773674753644	True	5.173576036522933
723	2	2	edta:TE_00002847;rm2:rnd-4_family-2825	edta,rm2	True	1	1018	159	rm2:rnd-4_family-2825	159	418.0	ok	418-418	repeat:TE:ClassII:Helitron	DNA/Helitron;Unknown	12.200000405311584	0.9666416648656895	0.0005975006674209583	True	5.168038789186141
348	3	2	edta:TE_00001134;edta:TE_00002069;rm2:rnd-1_family-261	edta,rm2	True	1	1316	186	rm2:rnd-1_family-261	186	358.0	ok	358-358	repeat:TE:ClassII:Helitron	DNA/DTC;DNA/Helitron;Unknown	15.699999809265137	0.8894975310864003	0.0	True	5.159010475304317
612	2	2	edta:TE_00002132;rm2:rnd-3_family-515	edta,rm2	True	1	3558	148	rm2:rnd-3_family-515	148	423.0	len_inconsistent+weak_5p	423-423	repeat:TE:ClassII	DNA;DNA/DTC	15.849999904632568	0.9857123562553061	0.0031328287190271063	True	5.155974071650263
730	2	2	edta:TE_00000209;rm2:rnd-1_family-391	edta,rm2	True	1	675	146	rm2:rnd-1_family-391	146	242.0	ok	242-242	repeat:TE:ClassII:TIR:hAT	DNA/hAT-Tip100;MITE/DTA	9.700000286102295	0.99073347377697	0.011345642805017419	False	5.155086329561407
212	5	2	edta:TE_00000197;edta:TE_00001768;edta:TE_00002275;edta:TE_00002457;rm2:rnd-2_family-627	edta,rm2	True	1	3613	155	rm2:rnd-2_family-627	155	419.0	ok	419-419	repeat:TE:ClassII:TIR:CACTA	DNA/DTC;DNA/DTH;Unknown	19.600000381469727	0.9610596872007661	0.0007674832688647388	False	5.151391385371058
397	3	3	edta:TE_00003149;pantera:L1-Tx1_2-fGobNig;rm2:rnd-5_family-2380	edta,pantera,rm2	True	2	488	14	pantera:L1-Tx1_2-fGobNig	7	5648.0	ok	5648-5680	repeat:TE:ClassI:LINE:L1	LINE/L1-Tx1	7.75	0.993733976198676	0.02487825701998482	False	5.1398620118769145
204	5	2	edta:TE_00001572;edta:TE_00001593;rm2:ltr-1_family-357;rm2:ltr-1_family-358;rm2:rnd-3_family-81	edta,rm2	True	3	1456	138	rm2:rnd-3_family-81	90	621.0	ok	492-705	repeat:TE:ClassI:LTR	DNA/DTM;LTR/Unknown;LTR/unknown;Unknown	14.600000381469727	0.9984605234220365	0.026022478198013337	True	5.138339609823273
569	2	2	edta:TE_00003027;rm2:rnd-1_family-230	edta,rm2	True	1	6413	222	rm2:rnd-1_family-230	222	403.0	len_inconsistent+weak_5p	403-403	repeat:TE:ClassI:LINE:RTE	LINE/Rex-Babar	12.549999713897705	0.7858216200754966	0.015361187319466769	False	5.132174594526136
828	2	2	edta:TE_00001102;rm2:rnd-3_family-211	edta,rm2	True	1	3084	141	rm2:rnd-3_family-211	141	560.0	len_inconsistent	560-560	repeat:TE:ClassII:TIR:hAT	DNA/DTT;DNA/hAT-Ac	13.425000190734863	0.9764120216691398	0.015257469802924348	False	5.12563113432452
322	3	2	edta:TE_00000984;rm2:rnd-1_family-462;rm2:rnd-3_family-332	edta,rm2	True	1	6021	197	rm2:rnd-1_family-462	171	258.0	ok	257-258	repeat:TE:ClassII:Helitron	DNA/Helitron;Unknown	14.300000190734863	0.8246126542638448	0.008021882886035845	True	5.1190788804254375
97	9	3	edta:OX637596.1:13373520..13377473;edta:OX637599.1:7822854..7831473;edta:OX637603.1:6312532..6303962;edta:OX637607.1:33701050..33692439;edta:OX637614.1:1072213..1080826;edta:OX637615.1:5832774..5824115;edta:TE_00000277;fastltr:CONS_30-8615_clus6_tsdl4_tsdc0.67_tsdmCTWS;rm2:rnd-5_family-5911	edta,fastltr,rm2	True	2	241	13	rm2:rnd-5_family-5911	7	2241.0	len_inconsistent+weak_5p	2241-8615	repeat:TE:ClassI:LTR:Gypsy	LTR/Gypsy;MITE/DTA	10.800000190734863	1.0	0.0	False	5.113943352306837
240	5	3	edta:TE_00002369;fastltr:CONS_125-3723_clus3_tsdl3_tsdc0.67_tsdmMAC;rm2:ltr-1_family-105;rm2:ltr-1_family-106;rm2:rnd-5_family-7164	edta,fastltr,rm2	True	1	165	13	rm2:ltr-1_family-105	10	564.0	ok	564-3815	repeat:TE:ClassI:LTR:BelPao	LTR/Pao;MITE/DTM	10.100000381469727	1.0	0.0	False	5.113943352306837
289	4	3	edta:TE_00001353;pantera:Unknown_33-fGobNig;rm2:rnd-5_family-2862;rm2:rnd-5_family-9739	edta,pantera,rm2	True	1	1505	13	rm2:rnd-5_family-2862	8	1902.0	ok	1643-2392	repeat:TE:ClassII	DNA;DNA/DTM;Unknown	15.625	0.9992316396809209	0.011134239532836926	True	5.113174991987758
130	7	2	edta:TE_00000881;edta:TE_00000900;edta:TE_00001704;edta:TE_00002191;edta:TE_00002205;edta:TE_00002614;rm2:rnd-1_family-422	edta,rm2	True	1	1750	155	rm2:rnd-1_family-422	155	343.0	len_inconsistent	343-343	repeat:TE:ClassII:TIR:CACTA	DNA/DTC;MITE/DTC;Unknown	16.875	0.9226794463334315	0.0	True	5.113011144503723
291	4	3	edta:TE_00000504;edta:TE_00000516;fastltr:CONS_121-9471_clus4_tsdl4_tsdc0.5_tsdmCATA;rm2:rnd-5_family-6912	edta,fastltr,rm2	True	1	381	13	rm2:rnd-5_family-6912	13	1586.0	ok	1586-9471	repeat:TE:ClassI:LTR:Gypsy	LTR/Gypsy;Unknown	9.125	0.9974571277948336	0.007970148765199745	True	5.11140048010167
306	4	3	edta:TE_00003100;pantera:L1-Tx1_3-fGobNig;rm2:rnd-5_family-1143;rm2:rnd-5_family-6934	edta,pantera,rm2	True	1	791	13	rm2:rnd-5_family-6934	8	1003.0	ok	1003-5413	repeat:TE:ClassI:LINE:L1	LINE/L1-Tx1	18.65000057220459	0.9961839409572236	0.002226445832202009	False	5.1101272932640605
360	3	2	edta:TE_00003035;rm2:rnd-1_family-432;rm2:rnd-4_family-93	edta,rm2	True	2	1873	135	rm2:rnd-1_family-432	78	138.0	len_inconsistent	138-580	repeat:TE:ClassI:LINE:Jockey	LINE/L2	13.800000190734863	0.9772334054764961	0.00794773354886509	False	5.1075671739715025
621	2	2	edta:TE_00002130;rm2:rnd-1_family-406	edta,rm2	True	1	827	127	rm2:rnd-1_family-406	127	302.0	ok	302-302	repeat:TE:ClassI:LTR	LTR/unknown;Unknown	12.500000476837158	0.9926113630301414	0.009042411309682582	True	5.096415083986098
231	5	2	edta:TE_00002458;rm2:rnd-1_family-524;rm2:rnd-5_family-19536;rm2:rnd-5_family-4554;rm2:rnd-5_family-4902	edta,rm2	True	3	1168	119	rm2:rnd-5_family-4902	71	151.0	len_inconsistent	142-477	repeat:TE:ClassII:TIR:CACTA	DNA/DTC;Unknown	12.75	0.9895840358489011	0.07907260524710188	True	5.0651309972414325
399	3	2	edta:TE_00001077;edta:TE_00001106;rm2:rnd-1_family-407	edta,rm2	True	1	1150	120	rm2:rnd-1_family-407	120	203.0	len_inconsistent	203-203	repeat:TE:ClassII:TIR:CACTA	DNA/DTC;DNA/DTM;Unknown	7.099999904632568	0.9823141833314067	0.00034678071899202405	False	5.061495429379032
385	3	2	edta:TE_00003053;edta:TE_00003058;rm2:rnd-1_family-517	edta,rm2	True	1	1061	181	rm2:rnd-1_family-517	181	403.0	ok	403-403	repeat:TE:ClassI:LINE:Jockey	LINE/L2;Unknown	8.399999618530273	0.802932771411252	0.004936062119331466	True	5.060611346280437
584	2	2	edta:TE_00000264;rm2:rnd-4_family-2407	edta,rm2	True	1	1249	122	rm2:rnd-4_family-2407	122	510.0	len_inconsistent	510-510	repeat:TE:ClassII	DNA/DTC;Unknown	11.099999904632568	0.9604273679884939	0.006859589191083082	False	5.046787198663242
633	2	2	edta:TE_00003179;rm2:rnd-2_family-210	edta,rm2	True	1	1959	122	rm2:rnd-2_family-210	122	246.0	len_inconsistent	246-246	repeat:TE:ClassI:LINE:RTE	LINE/Rex-Babar	13.25	0.9504852336942753	0.01143411066192265	False	5.0368450643690235
297	4	2	edta:TE_00000867;edta:TE_00001566;edta:TE_00001591;rm2:rnd-3_family-180	edta,rm2	True	1	1492	105	rm2:rnd-3_family-180	105	413.0	weak_3p	413-413	repeat:TE:ClassII:TIR:hAT	DNA/DTC;MITE/DTA;Unknown	12.775000095367432	0.9982005561917225	0.0	False	5.019389855261661
669	2	2	edta:TE_00002995;rm2:rnd-1_family-250	edta,rm2	True	1	549	104	rm2:rnd-1_family-250	104	354.0	len_inconsistent	354-354	repeat:TE:ClassI:LINE:RTE	LINE/Rex-Babar	7.025000095367432	0.9994516040581299	0.0	False	5.016484943356911
545	2	2	edta:TE_00001693;rm2:rnd-1_family-594	edta,rm2	True	1	1989	154	rm2:rnd-1_family-594	154	549.0	len_inconsistent	549-549	repeat:TE:ClassII	DNA/DTC;Unknown	6.700000047683716	0.8288082500613844	0.014895944166251236	True	5.016328970897848
230	5	2	edta:TE_00001017;edta:TE_00001278;edta:TE_00001707;edta:TE_00002099;rm2:rnd-2_family-38	edta,rm2	True	1	3989	106	rm2:rnd-2_family-38	106	308.0	len_inconsistent+weak_3p	308-308	repeat:TE:ClassII:TIR:CACTA	DNA/DTC;DNA/DTH;DNA/hAT-Charlie	17.399999618530273	0.9881458027646922	0.0028596815540326615	False	5.013451668029463
533	2	2	edta:TE_00002998;rm2:rnd-1_family-497	edta,rm2	True	1	533	103	rm2:rnd-1_family-497	103	260.0	ok	260-260	repeat:TE:ClassI:LINE:RTE	LINE/Rex-Babar	6.75	0.9872917318086389	0.006409970071916737	False	5.0001289565138105
756	2	2	edta:TE_00000049;rm2:rnd-3_family-28	edta,rm2	True	1	535	101	rm2:rnd-3_family-28	101	386.0	ok	386-386	repeat:TE:ClassII:TIR:CACTA	DNA/DTC;Unknown	9.049999713897705	0.9907537975474359	0.016079474213593837	True	4.995075171330079
396	3	2	edta:TE_00003048;rm2:rnd-4_family-3379;rm2:rnd-5_family-6798	edta,rm2	True	2	839	101	rm2:rnd-4_family-3379	68	427.0	len_inconsistent	257-427	repeat:TE:ClassI:LINE:Jockey	LINE/L2	10.199999809265137	0.9845406945917285	0.0017475111205253124	False	4.988862068374372
198	5	2	edta:TE_00003001;edta:TE_00003184;edta:TE_00003210;edta:TE_00003246;rm2:rnd-1_family-426	edta,rm2	True	1	1494	98	rm2:rnd-1_family-426	98	541.0	len_inconsistent	541-541	repeat:TE:ClassI:LINE:Jockey	LINE/L2	18.649999618530273	0.994694843914416	0.0034650368160161703	False	4.985920919606911
327	3	2	edta:TE_00001221;rm2:rnd-1_family-180;rm2:rnd-5_family-1791	edta,rm2	True	1	4044	115	rm2:rnd-1_family-180	112	621.0	len_inconsistent	621-2145	repeat:TE:ClassI:LTR	DNA/CMC-EnSpm;LTR/unknown;Unknown	10.899999618530273	0.9149956572636985	0.005260481120609972	True	4.975693497617311
1140	2	2	pantera:Unknown_434-fGobNig;rm2:rnd-5_family-3365	pantera,rm2	True	2	3437	207	rm2:rnd-5_family-3365	201	83.0	len_inconsistent	83-5490	repeat:TE:ClassII	DNA;Unknown	14.650000095367432	0.644722171415113	0.0020486279583805055	True	4.960692516872031
664	2	2	edta:TE_00000110;rm2:rnd-4_family-409	edta,rm2	True	1	1663	92	rm2:rnd-4_family-409	92	640.0	len_inconsistent	640-640	repeat:TE:ClassII	DNA/DTM;DNA/TcMar-Tc1	10.75	0.9950064151602586	0.008065633414250692	False	4.958794242505814
422	3	2	edta:TE_00000402;edta:TE_00001163;rm2:rnd-3_family-262	edta,rm2	True	1	1330	90	rm2:rnd-3_family-262	90	288.0	len_inconsistent+weak_5p	288-288	repeat:TE:ClassII:TIR:CACTA	DNA/DTC;DNA/hAT-Charlie	20.899999618530273	0.9950375648027502	0.0029663718776856756	False	4.9492800742420755
699	2	2	edta:TE_00001121;rm2:rnd-3_family-133	edta,rm2	True	1	3131	104	rm2:rnd-3_family-133	104	370.0	len_inconsistent+weak_5p	370-370	repeat:TE:ClassII:Helitron	DNA/Helitron;Unknown	14.550000190734863	0.9265867900419593	0.0021852711675217347	True	4.94362012934074
186	5	2	edta:TE_00003055;edta:TE_00003214;rm2:rnd-5_family-1465;rm2:rnd-5_family-3355;rm2:rnd-5_family-7837	edta,rm2	True	3	1518	91	rm2:rnd-5_family-1465	52	1098.0	len_inconsistent	175-1098	repeat:TE:ClassI:LINE:Jockey	LINE/L2	13.600000381469727	0.982095046854083	0.01494868362338242	False	4.941136439175176
532	2	2	edta:TE_00001439;rm2:rnd-3_family-204	edta,rm2	True	1	993	88	rm2:rnd-3_family-204	88	906.0	ok	906-906	repeat:TE:ClassII:TIR:PIFHarbinger	DNA/DTH;DNA/PIF-Harbinger	7.950000286102295	0.99432754873396	0.00814868147470275	False	4.938810220884129
295	4	2	edta:TE_00001327;edta:TE_00002354;edta:TE_00002502;rm2:rnd-4_family-988	edta,rm2	True	1	1348	92	rm2:rnd-4_family-988	92	684.0	len_inconsistent	684-684	repeat:TE:ClassII	DNA/DTC;MITE/DTC;Unknown	14.349999904632568	0.970014880952381	0.0	False	4.933802708297937
371	3	2	edta:TE_00000983;edta:TE_00001222;rm2:rnd-4_family-258	edta,rm2	True	1	2018	87	rm2:rnd-4_family-258	87	753.0	ok	753-753	repeat:TE:ClassII	DNA;DNA/DTC;DNA/DTM	11.399999618530273	0.9926663941948071	0.003831435770170686	True	4.9321856468134255
234	5	2	edta:TE_00001587;edta:TE_00002105;edta:TE_00002305;edta:TE_00002535;rm2:rnd-4_family-2477	edta,rm2	True	1	341	85	rm2:rnd-4_family-2477	85	180.0	ok	180-180	repeat:TE:ClassII:TIR:Mutator	MITE/DTM;Unknown	10.899999618530273	0.9983100971694128	0.0	True	4.927729022883706
286	4	3	edta:TE_00002578;pantera:(TGCTGCTGA)n;rm2:(TGCTGCTGA)n;rm2:rnd-5_family-2071	edta,pantera,rm2	True	1	177	8	rm2:rnd-5_family-2071	6	2543.0	ok	1214-2543	repeat:TE:ClassI:LTR:Gypsy	LTR/Gypsy;Simple_repeat;Unknown	7.75	1.0	0.08573537553054068	True	4.903089986991944
300	4	2	edta:TE_00000450;edta:TE_00001609;rm2:ltr-1_family-468;rm2:rnd-5_family-6679	edta,rm2	True	1	1650	83	rm2:ltr-1_family-468	81	428.0	ok	428-3068	repeat:TE:ClassI:LTR	LTR/Unknown;LTR/unknown;Unknown	16.5	0.9831673688242053	0.0	True	4.902245461200279
209	5	2	edta:TE_00000073;edta:TE_00001391;rm2:ltr-1_family-349;rm2:rnd-1_family-591;rm2:rnd-4_family-516	edta,rm2	True	2	829	84	rm2:ltr-1_family-349	61	503.0	ok	333-637	repeat:TE:ClassI:LTR:Gypsy	DNA/DTM;LTR/Gypsy;LTR/Unknown;Unknown	12.449999809265137	0.973925855763412	0.0	True	4.898205141825294
467	3	2	pantera:Unknown_92-fGobNig;rm2:rnd-1_family-352;rm2:rnd-5_family-2134	pantera,rm2	True	2	487	79	pantera:Unknown_92-fGobNig	39	1349.0	ok	1336-1369	repeat:TE:ClassI:LINE:RTE	LINE/Rex-Babar;Unknown	2.4000000953674316	0.9962573003208028	0.011943736119108333	True	4.893884391611245
337	3	2	edta:TE_00002942;edta:TE_00003032;rm2:rnd-1_family-134	edta,rm2	True	1	1250	78	rm2:rnd-1_family-134	78	513.0	len_inconsistent	513-513	repeat:TE:ClassI:LINE:Jockey	LINE/L2	4.400000095367432	0.9935329021934796	0.004966997799853323	False	4.88562750488396
601	2	2	edta:TE_00003008;rm2:rnd-1_family-14	edta,rm2	True	1	1471	139	rm2:rnd-1_family-14	139	516.0	len_inconsistent	516-516	repeat:TE:ClassI:SINE:5S	SINE/5S;SINE/5S-Deu-L2	5.150000095367432	0.736507070096112	0.20256544541236696	False	4.879521870350207
367	3	2	edta:TE_00002304;edta:TE_00002319;rm2:rnd-4_family-2847	edta,rm2	True	1	885	147	rm2:rnd-4_family-2847	147	566.0	len_inconsistent	566-566	repeat:TE:ClassII:TIR:Mutator	DNA/DTC;DNA/DTM;Unknown	14.549999237060547	0.678929352403471	0.0	False	4.846246687151647
732	2	2	edta:TE_00002334;rm2:rnd-3_family-52	edta,rm2	True	1	1139	71	rm2:rnd-3_family-52	71	710.0	len_inconsistent	710-710	repeat:TE:ClassII:Helitron	DNA/Helitron;Unknown	13.700000286102295	0.9723106630958265	0.026625733929426045	True	4.823569011814902
261	4	2	edta:TE_00002041;rm2:rnd-1_family-459;rm2:rnd-4_family-2544;rm2:rnd-5_family-2285	edta,rm2	True	2	4140	129	rm2:rnd-4_family-2544	66	640.0	len_inconsistent	640-1196	repeat:TE:ClassI:LTR	LTR/unknown;Unknown	9.850000143051147	0.7108721899614787	0.008303865866740832	True	4.8214619002607275
175	6	2	edta:TE_00000053;edta:TE_00000735;edta:TE_00000978;edta:TE_00001810;edta:TE_00002814;rm2:rnd-3_family-421	edta,rm2	True	1	2314	68	rm2:rnd-3_family-421	68	297.0	len_inconsistent	297-297	repeat:TE:ClassII:TIR:CACTA	DNA/DTC;MITE/DTC;Unknown	17.149999618530273	0.9796085664514806	0.006275938860208523	True	4.812117479157717
423	3	2	edta:TE_00000265;edta:TE_00001962;rm2:rnd-3_family-188	edta,rm2	True	1	1320	65	rm2:rnd-3_family-188	65	565.0	ok	565-565	repeat:TE:ClassII:TIR:hAT	DNA/DTC;DNA/hAT-Ac;MITE/DTH	15.300000190734863	0.9937704193469392	0.006337090194532543	False	4.806683775989795
305	4	2	edta:TE_00001463;edta:TE_00002564;rm2:ltr-1_family-181;rm2:rnd-2_family-143	edta,rm2	True	2	6180	64	rm2:rnd-2_family-143	58	439.0	len_inconsistent+weak_5p+weak_3p	439-1303	repeat:TE:ClassII:TIR:hAT	DNA/DTM;DNA/Helitron;DNA/hAT-Ac;LTR/Unknown	19.40000057220459	1.0	0.0036600775587863647	True	4.8061799739838875
190	5	2	edta:TE_00000686;rm2:ltr-1_family-195;rm2:ltr-1_family-83;rm2:ltr-1_family-84;rm2:rnd-4_family-1415	edta,rm2	True	4	621	64	rm2:ltr-1_family-83	36	800.0	ok	794-1027	repeat:TE:ClassI:LTR	LTR/Unknown;LTR/unknown;Unknown	13.649999618530273	0.9957359444093493	0.0	True	4.801915918393236
330	3	2	edta:AGT0000000008200_1427;edta:TE_00002931;rm2:rnd-1_family-46	edta,rm2	True	1	3474	73	rm2:rnd-1_family-46	73	854.0	len_inconsistent+weak_5p	854-854	repeat:TE:ClassI:LINE:Jockey	LINE/L2;Simple_repeat	4.599999904632568	0.9342489782632283	0.08987305146659916	False	4.797571838383684
14562	1	1	pantera:Unknown_400-fGobNig	pantera	True	1	3122	1251	pantera:Unknown_400-fGobNig	1251	491.0	len_inconsistent	491-491	repeat:TE:ClassII	DNA	2.700000047683716	0.6958997856135513	0.017743273698725255	True	4.793157095306971
727	2	2	edta:TE_00002949;rm2:rnd-5_family-1534	edta,rm2	True	1	790	64	rm2:rnd-5_family-1534	64	384.0	len_inconsistent	384-384	repeat:TE:ClassI:LINE:RTE	LINE/Rex-Babar	10.75	0.9779925365993685	0.010525308582910725	False	4.7841725105832555
366	3	2	edta:TE_00002156;edta:TE_00002171;rm2:rnd-4_family-109	edta,rm2	True	1	1734	62	rm2:rnd-4_family-109	62	672.0	len_inconsistent	672-672	repeat:TE:ClassII:TIR:hAT	DNA/DTA;DNA/hAT-Ac	9.950000286102295	0.9854713554564967	0.0	False	4.777863044954751
554	2	2	edta:TE_00003216;rm2:rnd-4_family-1140	edta,rm2	True	1	877	66	rm2:rnd-4_family-1140	66	313.0	len_inconsistent	313-313	repeat:TE:ClassI:LINE:Jockey	LINE/L2	9.25	0.9580898963932383	0.01973538325079459	False	4.777633831935107
553	2	2	edta:TE_00002158;rm2:rnd-4_family-2913	edta,rm2	True	1	539	83	rm2:rnd-4_family-2913	83	129.0	ok	129-129	repeat:TE:ClassII:TIR:CACTA	DNA/DTC;Unknown	13.0	0.8573303739767547	0.00039635354736424893	True	4.776408466352828
419	3	2	edta:TE_00003094;rm2:rnd-4_family-1736;rm2:rnd-5_family-12273	edta,rm2	True	2	689	61	rm2:rnd-4_family-1736	52	213.0	ok	213-570	repeat:TE:ClassI:PLE	LINE/Penelope;PLE;Unknown	10.100000381469727	0.9858368841145052	0.0	True	4.771166719125272
293	4	2	edta:TE_00001982;edta:TE_00002680;edta:TE_00002891;rm2:rnd-3_family-943	edta,rm2	True	1	1964	59	rm2:rnd-3_family-943	59	712.0	len_inconsistent	712-712	repeat:TE:ClassII:TIR:CACTA	DNA/DTM;DNA/TcMar-Tc1	13.425000190734863	0.9928218932256617	0.0023354528562417962	False	4.763673904867806
451	3	2	edta:TE_00002763;rm2:rnd-4_family-886;rm2:rnd-5_family-9763	edta,rm2	True	2	899	73	rm2:rnd-4_family-886	47	647.0	len_inconsistent	179-647	repeat:TE:ClassII:TIR:Mutator	DNA/DTM;Unknown	7.149999618530273	0.8847641144624904	0.0003866976024748647	True	4.748086974582947
721	2	2	edta:TE_00002941;rm2:rnd-1_family-502	edta,rm2	True	1	1252	67	rm2:rnd-1_family-502	67	170.0	len_inconsistent+weak_5p	170-170	repeat:TE:ClassI:LINE:Jockey	LINE/L2;SINE/5S-Deu-L2	8.75	0.9076293433775212	0.04045394511568752	False	4.733704146078348
1043	2	2	pantera:Unknown_101-fGobNig;rm2:rnd-4_family-2023	pantera,rm2	True	2	2436	55	rm2:rnd-4_family-2023	29	1371.0	len_inconsistent	1326-1371	repeat:TE:ClassII	DNA;Unknown	13.349999904632568	0.9923975210321648	0.08114091756702961	True	4.732760210526409
519	2	2	edta:TE_00003185;rm2:rnd-1_family-488	edta,rm2	True	1	469	65	rm2:rnd-1_family-488	65	615.0	len_inconsistent	615-615	repeat:TE:ClassI:LINE:Jockey	LINE/L2	10.825000286102295	0.9192626439876992	0.013690776100213702	False	4.732176000630555
703	2	2	edta:TE_00001405;rm2:ltr-1_family-340	edta,rm2	True	1	402	57	rm2:ltr-1_family-340	57	631.0	len_inconsistent	631-631	repeat:TE:ClassI:LTR	LTR/Gypsy;LTR/Unknown	11.97499942779541	0.9748778785764132	0.008120281672270507	True	4.730752734248904
331	3	2	edta:TE_00003082;edta:TE_00003143;rm2:rnd-4_family-75	edta,rm2	True	1	652	55	rm2:rnd-4_family-75	55	528.0	len_inconsistent	528-528	repeat:TE:ClassI:LINE:Jockey	LINE/L2	7.900000095367432	0.9899977745357434	0.003103286268885537	False	4.730360464029988
701	2	2	edta:TE_00003029;rm2:rnd-4_family-309	edta,rm2	True	1	622	54	rm2:rnd-4_family-309	54	128.0	len_inconsistent+weak_5p	128-128	repeat:TE:ClassI:LINE:Jockey	LINE/L2	13.349999904632568	0.9754391698668192	0.00960862815589509	False	4.707832929689788
332	3	2	edta:TE_00000936;edta:TE_00001791;rm2:rnd-4_family-355	edta,rm2	True	1	1037	52	rm2:rnd-4_family-355	52	629.0	ok	629-629	repeat:TE:ClassII:TIR:Mutator	DNA/DTH;DNA/DTM;Unknown	13.149999618530273	0.9828802686361475	0.0012794995735001423	True	4.698883612270947
101	8	2	edta:TE_00000124;edta:TE_00000507;edta:TE_00001899;edta:TE_00002140;edta:TE_00002202;edta:TE_00002603;edta:TE_00002889;rm2:rnd-3_family-5	edta,rm2	True	1	2941	48	rm2:rnd-3_family-5	48	660.0	len_inconsistent	660-660	repeat:TE:ClassII:TIR:PIFHarbinger	DNA/DTH;DNA/DTM;DNA/PIF-Harbinger;MITE/DTH	17.75	0.9982245977312227	0.0006342546288390701	False	4.67946583510681
469	3	2	pantera:Unknown_77-fGobNig;pantera:Unknown_83-fGobNig;rm2:rnd-5_family-7623	pantera,rm2	True	1	969	97	rm2:rnd-5_family-7623	50	1405.0	len_inconsistent	1397-1408	repeat:TE:ClassII	DNA;DNA/hAT-Charlie	11.300000190734863	0.6912757743605634	0.0042478470258615125	True	4.6780475086268085
561	2	2	edta:TE_00002967;rm2:rnd-1_family-377	edta,rm2	True	1	803	49	rm2:rnd-1_family-377	49	843.0	len_inconsistent+weak_5p	843-843	repeat:TE:ClassI:LINE:Jockey	LINE/L2	9.775000095367432	0.9847737640241647	0.0024039935729967743	False	4.674969844052678
509	2	2	edta:TE_00002970;rm2:rnd-5_family-8903	edta,rm2	True	1	467	49	rm2:rnd-5_family-8903	49	176.0	ok	176-176	repeat:TE:ClassI:LINE:Jockey	LINE/L2	9.875	0.9847128898799918	0.01710630556615123	False	4.674908969908506
301	4	2	edta:TE_00003264;rm2:rnd-4_family-5527;rm2:rnd-5_family-1275;rm2:rnd-5_family-7829	edta,rm2	True	3	448	48	rm2:rnd-5_family-1275	26	130.0	ok	130-505	repeat:TE:ClassI:LINE:Jockey	LINE/L2	12.300000190734863	0.9912383177570093	0.001985981308411215	False	4.672479555132597
368	3	2	edta:TE_00000641;edta:TE_00001337;rm2:rnd-4_family-2241	edta,rm2	True	1	941	49	rm2:rnd-4_family-2241	49	442.0	len_inconsistent	442-442	repeat:TE:ClassII:TIR:Mutator	DNA/MULE-MuDR;MITE/DTM	10.600000381469727	0.9815453353406828	0.0018592858652017748	False	4.671741415369197
613	2	2	edta:TE_00000336;rm2:rnd-4_family-2038	edta,rm2	True	1	503	47	rm2:rnd-4_family-2038	47	154.0	len_inconsistent	154-154	repeat:TE:ClassII:TIR:CACTA	DNA/DTC;DNA/hAT-Ac	14.775000095367432	0.9989144855867809	0.00024122542515981184	False	4.671012343522499
346	3	2	edta:TE_00002634;edta:TE_00002840;rm2:rnd-4_family-158	edta,rm2	True	1	1928	51	rm2:rnd-4_family-158	51	310.0	len_inconsistent+weak_5p	310-310	repeat:TE:ClassII:TIR:CACTA	DNA/DTC;DNA/DTH;DNA/hAT-Charlie	13.899999618530273	0.9561119837383351	0.008104044905838293	False	4.663682159836271
398	3	2	edta:TE_00003107;rm2:rnd-5_family-13023;rm2:rnd-5_family-8656	edta,rm2	True	1	353	47	rm2:rnd-5_family-8656	44	529.0	ok	171-529	repeat:TE:ClassI:LINE:Jockey	LINE/L2;Unknown	4.800000190734863	0.9869639929684568	0.00969355847404628	True	4.659061850904174
357	3	2	edta:TE_00001092;rm2:ltr-1_family-506;rm2:ltr-1_family-527	edta,rm2	True	2	189	51	rm2:ltr-1_family-527	32	154.0	len_inconsistent	154-280	repeat:TE:ClassI:LTR	LTR/Gypsy;LTR/Unknown	6.199999809265137	0.9513884977186954	0.029741452148932576	True	4.658958673816632
929	2	2	pantera:Unknown_205-fGobNig;rm2:rnd-4_family-3551	pantera,rm2	True	2	404	46	rm2:rnd-4_family-3551	39	1009.0	ok	977-1009	repeat:TE:ClassII	DNA;DNA/hAT-Ac	6.174999952316284	0.9957886913977829	0.00440948783055676	True	4.658546523079357
405	3	2	edta:TE_00001243;rm2:rnd-4_family-864;rm2:rnd-5_family-4525	edta,rm2	True	2	1385	47	rm2:rnd-5_family-4525	37	349.0	ok	349-1032	repeat:TE:ClassII:TIR:CACTA	DNA/DTC;Unknown	12.800000190734863	0.9839084790686797	0.0040677767697755406	True	4.656006337004397
184	5	2	edta:TE_00000380;edta:TE_00000963;edta:TE_00001458;edta:TE_00001476;rm2:rnd-4_family-836	edta,rm2	True	1	1963	45	rm2:rnd-4_family-836	45	1182.0	len_inconsistent	1182-1182	repeat:TE:ClassII:TIR	DNA/DTM;DNA/IS3EU;MITE/DTM	12.074999809265137	0.9939040473608628	0.015445033850121626	False	4.647116561136206
349	3	2	edta:TE_00000556;rm2:ltr-1_family-157;rm2:ltr-1_family-182	edta,rm2	True	2	558	47	rm2:ltr-1_family-182	36	856.0	ok	856-856	repeat:TE:ClassI:LTR	LTR/Unknown;LTR/unknown	16.0	0.9733773404035869	0.006411078343377356	True	4.645475198339304
547	2	2	edta:TE_00003024;rm2:rnd-5_family-1154	edta,rm2	True	1	423	47	rm2:rnd-5_family-1154	47	178.0	ok	178-178	repeat:TE:ClassI:LINE	LINE/Proto2;Unknown	13.174999713897705	0.9703325210282211	0.006589947870561621	True	4.6424303789639385
264	4	2	edta:TE_00002958;edta:TE_00003102;rm2:rnd-4_family-632;rm2:rnd-5_family-5180	edta,rm2	True	2	1121	45	rm2:rnd-4_family-632	29	624.0	len_inconsistent	269-624	repeat:TE:ClassI:LINE:Jockey	LINE/L2	10.099999904632568	0.9875619025682368	0.0028528276556469205	False	4.6407744163435805
560	2	2	edta:TE_00003056;rm2:rnd-5_family-14256	edta,rm2	True	1	447	45	rm2:rnd-5_family-14256	45	204.0	len_inconsistent	204-204	repeat:TE:ClassI:LINE:Jockey	LINE/L2;Unknown	8.5	0.9782300606251476	0.024335941123720586	True	4.6314425744004915
557	2	2	edta:TE_00003110;rm2:rnd-4_family-787	edta,rm2	True	1	819	44	rm2:rnd-4_family-787	44	722.0	len_inconsistent	722-722	repeat:TE:ClassI:LINE:Jockey	LINE/L2	11.250000476837158	0.9873064909878523	0.018760080497799956	False	4.630759167474039
529	2	2	edta:TE_00003069;rm2:rnd-4_family-1269	edta,rm2	True	1	512	44	rm2:rnd-4_family-1269	44	566.0	len_inconsistent	566-566	repeat:TE:ClassI:LINE:RTE	LINE/Rex-Babar	5.650000095367432	0.9863753282246396	0.009002732972509512	False	4.629828004710827
655	2	2	edta:TE_00003224;rm2:rnd-1_family-251	edta,rm2	True	1	405	42	rm2:rnd-1_family-251	42	544.0	len_inconsistent	544-544	repeat:TE:ClassI:LINE:Jockey	LINE/L2	8.949999809265137	0.9960976837865055	0.001636455186304129	False	4.619346974184406
377	3	2	edta:TE_00001991;rm2:rnd-5_family-6982;rm2:rnd-5_family-6983	edta,rm2	True	2	1053	48	rm2:rnd-5_family-6983	38	196.0	len_inconsistent	196-398	repeat:TE:ClassII:TIR:CACTA	DNA/DTC;Unknown	12.149999618530273	0.9266176062204943	0.0047556234379339075	True	4.607858843596081
563	2	2	edta:TE_00001046;rm2:rnd-5_family-5355	edta,rm2	True	1	975	44	rm2:rnd-5_family-5355	44	471.0	len_inconsistent	471-471	repeat:TE:ClassII:TIR:CACTA	DNA/DTC;DNA/hAT-Ac	16.22499990463257	0.9637112897303032	0.029368803296748132	False	4.607163966216491
206	5	2	edta:TE_00000847;edta:TE_00002820;rm2:rnd-3_family-603;rm2:rnd-4_family-1042;rm2:rnd-5_family-3670	edta,rm2	True	3	2942	43	rm2:rnd-4_family-1042	25	1023.0	ok	179-1043	repeat:TE:ClassII:TIR:Mutator	DNA/DTC;DNA/DTM;Unknown	12.199999809265137	0.9734595631742822	0.0	True	4.606928018753869
535	2	2	edta:TE_00000360;rm2:rnd-3_family-398	edta,rm2	True	1	1588	46	rm2:rnd-3_family-398	46	867.0	len_inconsistent	867-867	repeat:TE:ClassII:TIR:hAT	DNA/DTC;DNA/hAT-Tip100	17.149999618530273	0.9384560654571327	0.007707814538124036	False	4.601213897138707
562	2	2	edta:TE_00002549;rm2:rnd-3_family-3	edta,rm2	True	1	1017	72	rm2:rnd-3_family-3	72	340.0	len_inconsistent	340-340	repeat:TE:ClassI:LINE:Jockey	DNA/DTC;LINE/L2	13.150000095367432	0.7223642420017042	0.09515325225295014	False	4.579696738432973
444	3	2	edta:TE_00002999;edta:TE_00003009;rm2:rnd-4_family-1039	edta,rm2	True	1	846	38	rm2:rnd-4_family-1039	38	1175.0	len_inconsistent	1175-1175	repeat:TE:ClassI:LINE:RTE	LINE/Rex-Babar	6.599999904632568	0.9988685567571096	0.0015329125338142471	False	4.57865215337392
302	4	2	edta:TE_00001717;rm2:ltr-1_family-149;rm2:ltr-1_family-324;rm2:ltr-1_family-325	edta,rm2	True	2	428	38	rm2:ltr-1_family-324	22	933.0	ok	930-996	repeat:TE:ClassI:LTR	LTR/Gypsy;LTR/Unknown;LTR/unknown	11.150000095367432	0.9948929107216955	0.0	True	4.574676507338506
323	3	2	edta:TE_00002530;edta:TE_00003086;rm2:rnd-5_family-943	edta,rm2	True	1	2215	40	rm2:rnd-5_family-943	40	1138.0	len_inconsistent	1138-1138	repeat:TE:ClassI:LINE:Jockey	LINE/L2;LTR/unknown	8.600000381469727	0.9713136993734892	0.01304819693157713	False	4.573373690701452
784	2	2	edta:TE_00003148;rm2:rnd-5_family-2349	edta,rm2	True	1	181	38	rm2:rnd-5_family-2349	38	118.0	ok	118-118	repeat:TE:ClassI:LINE:RTE	LINE/RTE-BovB	19.175000190734863	0.9933138320100292	0.0	False	4.5730974286268395
245	5	2	pantera:Unknown_31-fGobNig;rm2:rnd-1_family-248;rm2:rnd-1_family-489;rm2:rnd-3_family-306;rm2:rnd-4_family-64	pantera,rm2	True	1	3381	38	pantera:Unknown_31-fGobNig	35	2472.0	len_inconsistent	516-2472	repeat:TE:ClassII	DNA;DNA/TcMar;Unknown	11.550000190734863	0.9880708336800381	0.0	True	4.5678544302968485
389	3	2	edta:TE_00001770;rm2:ltr-1_family-495;rm2:ltr-1_family-7	edta,rm2	True	2	383	38	rm2:ltr-1_family-495	26	391.0	ok	391-420	repeat:TE:ClassI:LTR	LTR/Gypsy;LTR/Unknown	18.349998474121094	0.9880225594511309	0.01030337721808815	True	4.567806156067941
597	2	2	edta:TE_00003020;rm2:rnd-4_family-270	edta,rm2	True	1	737	38	rm2:rnd-4_family-270	38	682.0	len_inconsistent	682-682	repeat:TE:ClassI:PLE	LINE/Penelope	16.34999990463257	0.9876176263828422	0.0130360248140794	False	4.567401222999653
307	4	2	edta:TE_00002927;edta:TE_00002987;edta:TE_00003183;rm2:rnd-1_family-244	edta,rm2	True	1	970	37	rm2:rnd-1_family-244	37	336.0	len_inconsistent	336-336	repeat:TE:ClassI:PLE	LINE/Penelope;PLE	12.550000190734863	0.990373611578593	0.002300668631821123	False	4.558575335645588
374	3	2	edta:TE_00000710;edta:TE_00001260;rm2:rnd-5_family-1919	edta,rm2	True	1	1183	37	rm2:rnd-5_family-1919	37	765.0	len_inconsistent	765-765	repeat:TE:ClassII:TIR:CACTA	DNA/CMC-EnSpm;DNA/DTC	15.5	0.990359019467142	0.02341380986551237	False	4.558560743534137
450	3	2	edta:TE_00000451;rm2:ltr-1_family-267;rm2:ltr-1_family-318	edta,rm2	True	2	303	37	rm2:ltr-1_family-318	21	867.0	ok	867-871	repeat:TE:ClassI:LTR	LTR/Unknown;LTR/unknown	8.899999618530273	0.9887172509913886	0.0007859258811438244	True	4.556918975058384
26408	1	1	rm2:rnd-3_family-73	rm2	True	1	1918	367	rm2:rnd-3_family-73	367	130.0	len_inconsistent+weak_3p	130-130	repeat:TE:ClassII:TIR:hAT	DNA/hAT-Charlie	15.300000190734863	0.9832162898829565	0.011511944845278179	False	4.547882354135046
691	2	2	edta:TE_00002214;rm2:rnd-4_family-2129	edta,rm2	True	1	2663	36	rm2:rnd-4_family-2129	36	349.0	len_inconsistent+weak_5p	349-349	repeat:TE:ClassII:TIR:CACTA	DNA/DTC;DNA/hAT-Ac	20.25	0.9895068164226024	0.0013705526963526517	False	4.54580931718989
255	4	2	edta:TE_00001151;edta:TE_00001380;edta:TE_00002064;rm2:rnd-3_family-9	edta,rm2	True	1	5914	37	rm2:rnd-3_family-9	37	681.0	len_inconsistent+weak_3p	681-681	repeat:TE:ClassII:TIR:CACTA	DNA/DTC;DNA/DTH;MITE/DTM;Unknown	17.75	0.9770766258853831	0.006825499034127496	False	4.545278349952378
517	2	2	edta:TE_00003034;rm2:rnd-4_family-50	edta,rm2	True	1	359	36	rm2:rnd-4_family-50	36	457.0	len_inconsistent+weak_3p	457-457	repeat:TE:ClassI:LINE:RTE	LINE/Rex-Babar	5.200000047683716	0.9848387785607516	0.03493235859366168	False	4.541141279328039
628	2	2	edta:TE_00003305;rm2:rnd-5_family-5084	edta,rm2	True	1	387	35	rm2:rnd-5_family-5084	35	656.0	len_inconsistent	656-656	repeat:TE:ClassI:LINE:Jockey	LINE/L2	8.125	0.9963287370277224	0.002543867256381349	False	4.540396781377998
662	2	2	edta:TE_00003097;rm2:rnd-4_family-195	edta,rm2	True	1	573	37	rm2:rnd-4_family-195	37	201.0	len_inconsistent+weak_5p	201-201	repeat:TE:ClassI:PLE	LINE/Penelope;PLE	12.549999713897705	0.9675288555138367	0.0028256870951403512	False	4.535730579580831
381	3	2	edta:TE_00001446;rm2:ltr-1_family-180;rm2:ltr-1_family-389	edta,rm2	True	2	124	35	rm2:ltr-1_family-180	30	290.0	len_inconsistent	288-290	repeat:TE:ClassI:LTR	LTR/Unknown;LTR/unknown	9.699999809265137	0.9910817506193229	0.0	True	4.535149794969598
638	2	2	edta:TE_00003004;rm2:rnd-5_family-1661	edta,rm2	True	1	339	34	rm2:rnd-5_family-1661	34	638.0	len_inconsistent	638-638	repeat:TE:ClassI:LINE:Jockey	LINE/L2	5.599999904632568	0.9952869346329968	0.004525613903542833	False	4.526765851675252
526	2	2	edta:TE_00000444;rm2:rnd-3_family-17	edta,rm2	True	1	1048	35	rm2:rnd-3_family-17	35	710.0	ok	710-710	repeat:TE:ClassII:TIR:PIFHarbinger	DNA/DTH;Unknown	8.300000190734863	0.9812601676886498	0.013296208234263546	True	4.525328212038925
635	2	2	edta:TE_00001745;rm2:ltr-1_family-153	edta,rm2	True	1	165	34	rm2:ltr-1_family-153	34	271.0	ok	271-271	repeat:TE:ClassI:LTR	LTR/Unknown;LTR/unknown	8.175000429153442	0.9933279321355383	0.005875077303648732	True	4.524806849177794
420	3	2	edta:TE_00000530;edta:TE_00001096;rm2:rnd-3_family-699	edta,rm2	True	1	1244	34	rm2:rnd-3_family-699	34	439.0	len_inconsistent	439-439	repeat:TE:ClassII	DNA/DTC;DNA/hAT-Ac	17.799999237060547	0.9899928699198178	0.016072191371208886	False	4.521471786962073
1977	2	2	edta:OX637600.1:20899963..20901171;pantera:Unknown_118-fGobNig	edta,pantera	True	1	365	33	pantera:Unknown_118-fGobNig	33	1236.0	len_inconsistent	1236-1236	repeat:TE:ClassII	DNA;DNA/DTA	9.300000190734863	1.0	0.0	False	4.518513939877888
503	2	2	edta:TE_00002416;rm2:rnd-5_family-47	edta,rm2	True	1	728	38	rm2:rnd-5_family-47	38	640.0	ok	640-640	repeat:TE:ClassII:TIR:CACTA	DNA/DTC;Unknown	10.425000190734863	0.9336325830087795	0.020227547902292777	True	4.513416179625589
516	2	2	edta:TE_00003093;rm2:rnd-4_family-3391	edta,rm2	True	1	448	38	rm2:rnd-4_family-3391	38	517.0	ok	517-517	repeat:TE:ClassI:LINE:Jockey	LINE/L2	4.450000047683716	0.9277191734818854	0.017700102258994144	False	4.507502770098696
651	2	2	edta:TE_00003065;rm2:rnd-4_family-451	edta,rm2	True	1	761	33	rm2:rnd-4_family-451	33	502.0	len_inconsistent+weak_5p	502-502	repeat:TE:ClassI:LINE:RTE	LINE/Rex-Babar	11.050000190734863	0.9872237785957463	0.0018718357809575257	False	4.505737718473634
312	4	2	edta:TE_00001994;edta:TE_00002014;rm2:ltr-1_family-201;rm2:ltr-1_family-202	edta,rm2	True	1	140	32	rm2:ltr-1_family-201	29	271.0	ok	271-1389	repeat:TE:ClassI:LTR	DNA/DTA;LTR/Pao;LTR/Unknown;LTR/unknown	9.274999618530273	0.9997612795416567	0.0	True	4.504911257861563
26375	1	1	rm2:rnd-3_family-291	rm2	True	1	1189	323	rm2:rnd-3_family-291	323	303.0	len_inconsistent	303-303	repeat:TE:ClassII:TIR:Tc1Mariner	DNA/TcMar-Tc1	9.399999618530273	0.9940892167705814	0.009066712040739435	False	4.503291739101685
194	5	2	edta:AGT0000000792300_2016;edta:TE_00003049;edta:TE_00003276;rm2:rnd-1_family-365;rm2:rnd-4_family-2172	edta,rm2	True	1	1256	34	rm2:rnd-1_family-365	26	207.0	ok	207-1934	repeat:TE:ClassI:LINE:Jockey	LINE/L2;Simple_repeat;Unknown	4.599999904632568	0.9714552021437726	0.0060396893874029335	True	4.502934119186028
244	5	2	pantera:Unknown_49-fGobNig;rm2:rnd-1_family-431;rm2:rnd-5_family-11759;rm2:rnd-5_family-2620;rm2:rnd-5_family-485	pantera,rm2	True	2	4117	37	pantera:Unknown_49-fGobNig	18	1749.0	len_inconsistent	479-1753	repeat:TE:ClassI:LINE:RTE	LINE/RTE-BovB;Unknown	12.649999618530273	0.9267737513899703	0.001101126688558114	True	4.4949754754569655
379	3	2	edta:TE_00003084;rm2:rnd-4_family-1795;rm2:rnd-5_family-2452	edta,rm2	True	2	625	31	rm2:rnd-4_family-1795	17	290.0	len_inconsistent	241-290	repeat:TE:ClassI:LINE:Jockey	LINE/L2	12.600000381469727	0.9940982862331177	0.0	False	4.48545998006739
618	2	2	edta:TE_00000750;rm2:rnd-4_family-185	edta,rm2	True	1	963	36	rm2:rnd-4_family-185	36	962.0	len_inconsistent	962-962	repeat:TE:ClassII	DNA/Helitron;Unknown	13.650000095367432	0.9264828026834203	0.014556490256628687	True	4.482785303450708
511	2	2	edta:TE_00001659;rm2:rnd-5_family-5125	edta,rm2	True	1	388	31	rm2:rnd-5_family-5125	31	178.0	len_inconsistent	178-178	repeat:TE:ClassII:TIR:CACTA	DNA/DTC;Unknown	14.474999904632568	0.989858635525507	0.0	True	4.48122032935978
981	2	2	pantera:Unknown_22-fGobNig;rm2:rnd-5_family-1337	pantera,rm2	True	2	966	32	pantera:Unknown_22-fGobNig	16	3401.0	ok	3401-3415	repeat:TE:ClassII:TIR:PElement	DNA/P;Unknown	19.899999618530273	0.9735380419888912	0.018339209447645256	True	4.478688020308797
594	2	2	edta:TE_00000454;rm2:rnd-4_family-268	edta,rm2	True	1	814	30	rm2:rnd-4_family-268	30	583.0	len_inconsistent+weak_3p	583-583	repeat:TE:ClassII:TIR:PIFHarbinger	DNA/PIF-Harbinger;MITE/DTH	16.925000190734863	0.9989785495403473	0.0	False	4.47609980426001
623	2	2	edta:TE_00002945;rm2:rnd-1_family-575	edta,rm2	True	1	1489	33	rm2:rnd-1_family-575	33	763.0	len_inconsistent+weak_5p	763-763	repeat:TE:ClassI:LINE:Jockey	LINE/L2	12.699999809265137	0.95558433643151	0.008939001472903652	False	4.474098276309397
437	3	2	edta:TE_00003037;rm2:rnd-4_family-1868;rm2:rnd-5_family-1833	edta,rm2	True	1	886	30	rm2:rnd-5_family-1833	29	165.0	ok	165-329	repeat:TE:ClassI:PLE	LINE/Penelope;PLE;Unknown	13.75	0.9916079436258809	0.0014109226057331635	True	4.468729198345543
26424	1	1	rm2:rnd-4_family-1024	rm2	True	1	367	293	rm2:rnd-4_family-1024	293	49.0	ok	49-49	repeat:TE:ClassII:TIR:hAT	DNA/hAT-Tip100	9.5	0.9973311817279047	0.0004344587884806355	False	4.464198802082015
608	2	2	edta:TE_00003172;rm2:rnd-3_family-1269	edta,rm2	True	1	527	34	rm2:rnd-3_family-1269	34	430.0	len_inconsistent+weak_5p	430-430	repeat:TE:ClassI:LINE	LINE/Proto2	12.27500033378601	0.932585303044238	0.012361513186021229	False	4.4640642200864935
448	3	2	edta:TE_00002562;rm2:ltr-1_family-400;rm2:ltr-1_family-439	edta,rm2	True	1	155	29	rm2:ltr-1_family-400	28	816.0	ok	788-816	repeat:TE:ClassI:LTR	LTR/Unknown;LTR/unknown	4.699999809265137	0.9977840199750312	0.0	True	4.460182017873987
317	4	2	pantera:Copia_3-fGobNig;pantera:Copia_4-fGobNig;pantera:Copia_5-fGobNig;rm2:rnd-5_family-2395	pantera,rm2	True	1	1100	61	rm2:rnd-5_family-2395	30	3390.0	len_inconsistent	3388-3415	repeat:TE:ClassII	DNA;DNA/CMC-EnSpm	12.325000286102295	0.673029401476656	0.29724006747299286	True	4.458359236487423
153	6	2	edta:TE_00002928;edta:TE_00002989;edta:TE_00003126;edta:TE_00003250;edta:TE_00003313;rm2:rnd-5_family-4615	edta,rm2	True	1	2149	29	rm2:rnd-5_family-4615	29	879.0	len_inconsistent+weak_5p	879-879	repeat:TE:ClassI:LINE:Jockey	LINE/L2	12.900000095367432	0.9956020328381548	9.773260359655981e-05	False	4.458000030737111
14569	1	1	pantera:Unknown_510-fGobNig	pantera	True	1	6367	461	pantera:Unknown_510-fGobNig	461	334.0	len_inconsistent	334-334	repeat:TE:ClassI:SINE:5S	Unknown	16.200000762939453	0.790152885754747	0.00975347533308286	True	4.453853811144395
207	5	2	edta:TE_00000399;edta:TE_00002471;rm2:ltr-1_family-326;rm2:ltr-1_family-327;rm2:rnd-5_family-3311	edta,rm2	True	1	984	29	rm2:ltr-1_family-326	26	421.0	ok	421-5425	repeat:TE:ClassI:LTR	LTR/ERV1;LTR/Unknown;LTR/unknown	9.600000381469727	0.9912376779846659	0.027095067960177497	True	4.453635675883622
762	2	2	edta:TE_00003273;rm2:rnd-5_family-2637	edta,rm2	True	1	323	29	rm2:rnd-5_family-2637	29	395.0	len_inconsistent	395-395	repeat:TE:ClassI:LINE:Jockey	LINE/L2	11.349999904632568	0.9892109160143855	0.0	False	4.451608913913342
696	2	2	edta:TE_00000146;rm2:rnd-4_family-953	edta,rm2	True	1	1314	32	rm2:rnd-4_family-953	32	632.0	len_inconsistent	632-632	repeat:TE:ClassII:TIR:CACTA	DNA/DTC;Unknown	13.75	0.9453265044814341	0.0006658130601792573	False	4.45047648280134
446	3	2	edta:TE_00000315;rm2:ltr-1_family-93;rm2:ltr-1_family-94	edta,rm2	True	1	220	28	rm2:ltr-1_family-93	25	639.0	ok	639-909	repeat:TE:ClassI:LTR	LTR/Unknown;LTR/unknown	13.0	0.9984807049529019	0.0	True	4.4456387362951215
335	3	2	edta:TE_00002489;edta:TE_00003057;rm2:rnd-4_family-448	edta,rm2	True	1	649	30	rm2:rnd-4_family-448	30	840.0	len_inconsistent	840-840	repeat:TE:ClassI:LINE:Jockey	DNA/DTM;LINE/L2	9.299999237060547	0.9684487101537392	0.03435266084193805	False	4.4455699648734015
334	3	2	edta:TE_00003099;rm2:rnd-1_family-545;rm2:rnd-5_family-43	edta,rm2	True	1	970	29	rm2:rnd-5_family-43	28	877.0	len_inconsistent	461-877	repeat:TE:ClassI:LINE:RTE	LINE/Rex-Babar	6.0	0.9786827151242663	0.02962317082417166	False	4.441080713023222
582	2	2	edta:TE_00003286;rm2:rnd-5_family-3407	edta,rm2	True	1	134	29	rm2:rnd-5_family-3407	29	560.0	len_inconsistent	560-560	repeat:TE:ClassI:LINE:Jockey	LINE/L2	9.049999713897705	0.9756252442360297	0.0019797002168243094	False	4.438023242134986
639	2	2	edta:TE_00003324;rm2:rnd-4_family-2806	edta,rm2	True	1	374	29	rm2:rnd-4_family-2806	29	364.0	len_inconsistent+weak_5p	364-364	repeat:TE:ClassI:LINE:RTE	LINE/Rex-Babar	9.450000286102295	0.9708068224349035	0.045743372506149224	False	4.433204820333859
26899	1	1	rm2:rnd-5_family-259	rm2	True	1	2294	280	rm2:rnd-5_family-259	280	126.0	len_inconsistent+weak_3p	126-126	repeat:TE:ClassII:TIR:hAT	DNA/hAT-Ac	19.700000762939453	0.9857680944936212	0.001396484863995727	False	4.432926125835841
674	2	2	edta:TE_00000920;rm2:rnd-5_family-12138	edta,rm2	True	1	192	27	rm2:rnd-5_family-12138	27	698.0	ok	698-698	repeat:TE:ClassI:LTR:Gypsy	LTR/Gypsy;Unknown	8.150000095367432	0.998788971914455	0.0012625611955681525	True	4.430152736073443
210	5	2	edta:TE_00003072;edta:TE_00003257;rm2:rnd-1_family-213;rm2:rnd-1_family-564;rm2:rnd-5_family-1841	edta,rm2	True	1	898	27	rm2:rnd-1_family-564	24	338.0	ok	211-1154	repeat:TE:ClassI:LINE:Jockey	LINE/CR1-Zenon;LINE/L2;LINE/Rex-Babar;Unknown	8.300000190734863	0.9981517419831809	0.0	True	4.4295155061421685
329	3	2	edta:TE_00002977;edta:TE_00002981;rm2:rnd-4_family-2705	edta,rm2	True	1	1353	27	rm2:rnd-4_family-2705	27	2409.0	len_inconsistent	2409-2409	repeat:TE:ClassI:LINE:Jockey	LINE/L2	7.350000381469727	0.9968275036014309	0.0022294725394235997	False	4.428191267760418
760	2	2	edta:TE_00003018;rm2:rnd-4_family-941	edta,rm2	True	1	1531	27	rm2:rnd-4_family-941	27	230.0	len_inconsistent+weak_5p	230-230	repeat:TE:ClassI:LINE:RTE	LINE/Rex-Babar	17.5	0.9863135593220339	0.0016908299456775912	False	4.417677323481021
26894	1	1	rm2:rnd-5_family-2540	rm2	True	1	356	273	rm2:rnd-5_family-2540	273	70.0	ok	70-70	repeat:TE:ClassII:TIR:hAT	DNA/hAT-Ac	14.5	0.9798473701046474	0.005666499108897318	False	4.416010017145403
551	2	2	edta:TE_00003173;rm2:rnd-4_family-669	edta,rm2	True	1	414	27	rm2:rnd-4_family-669	27	610.0	ok	610-610	repeat:TE:ClassI:LINE:Jockey	LINE/L2	8.600000143051147	0.9759865255052935	0.01913930875132377	False	4.407350289664281
729	2	2	edta:TE_00000790;rm2:rnd-3_family-130	edta,rm2	True	1	844	26	rm2:rnd-3_family-130	26	255.0	len_inconsistent	255-255	repeat:TE:ClassII	DNA/DTM;DNA/TcMar	15.84999942779541	0.9835721456603085	0.0026771318183200997	False	4.398545493631127
524	2	2	edta:TE_00000295;rm2:rnd-5_family-2267	edta,rm2	True	1	1025	37	rm2:rnd-5_family-2267	37	217.0	len_inconsistent	217-217	repeat:TE:ClassII:TIR:PIFHarbinger	DNA/DTH;Unknown	15.374999523162842	0.828541392238322	0.004386130752070178	True	4.396743116305317
522	2	2	edta:TE_00001339;rm2:rnd-5_family-1455	edta,rm2	True	1	869	26	rm2:rnd-5_family-1455	26	1088.0	len_inconsistent	1088-1088	repeat:TE:ClassII	DNA/DTC;Unknown	12.25	0.9804641312979794	0.08963204800141181	False	4.395437479268797
26570	1	1	rm2:rnd-4_family-4273	rm2	True	1	1022	292	rm2:rnd-4_family-4273	292	217.0	len_inconsistent	217-217	repeat:TE:ClassII:Helitron	Unknown	7.699999809265137	0.9246364814005719	0.0083703175661692	True	4.39001933284899
748	2	2	edta:TE_00001834;rm2:rnd-3_family-2148	edta,rm2	True	1	1311	25	rm2:rnd-3_family-2148	25	373.0	weak_5p	373-373	repeat:TE:ClassII:TIR:Tc1Mariner	DNA/DTC;DNA/TcMar-Tc1	16.65000057220459	0.9878560091042496	0.0014524871971489323	False	4.385796017776287
586	2	2	edta:TE_00003144;rm2:rnd-5_family-1128	edta,rm2	True	1	304	25	rm2:rnd-5_family-1128	25	188.0	len_inconsistent	188-188	repeat:TE:ClassI:PLE	LINE/Penelope;PLE	11.300000190734863	0.9751259445843828	0.02072676896845695	False	4.37306595325642
26591	1	1	rm2:rnd-4_family-58	rm2	True	1	6649	245	rm2:rnd-4_family-58	245	446.0	len_inconsistent+weak_3p	446-446	repeat:TE:ClassII:TIR:Tc1Mariner	DNA/TcMar-Tc1	10.399999618530273	0.9769809277420131	0.0066682710627118304	False	4.366147012106546
408	3	2	edta:TE_00001840;edta:TE_00001860;rm2:rnd-5_family-14654	edta,rm2	True	1	207	23	rm2:rnd-5_family-14654	23	794.0	ok	794-794	repeat:TE:ClassI:LTR	LTR/unknown;Unknown	13.725000381469727	1.0	0.0029366978464215794	True	4.361727836017593
26382	1	1	rm2:rnd-3_family-353	rm2	True	1	1267	339	rm2:rnd-3_family-353	339	88.0	len_inconsistent	88-88	repeat:TE:ClassI:SINE:5S	SINE/5S-Deu-L2	11.199999809265137	0.8296925810858186	0.020841140701877394	False	4.359892279288901
325	3	2	edta:TE_00002481;rm2:ltr-1_family-458;rm2:ltr-1_family-95	edta,rm2	True	2	327	23	rm2:ltr-1_family-95	17	793.0	len_inconsistent	793-796	repeat:TE:ClassI:LTR	LTR/Unknown;LTR/unknown	10.149999618530273	0.9934874752142039	0.021811500609412237	True	4.355215311231797
26348	1	1	rm2:rnd-3_family-1196	rm2	True	1	2371	257	rm2:rnd-3_family-1196	257	135.0	len_inconsistent+weak_3p	135-135	repeat:TE:ClassI:PLE	PLE	10.5	0.9431906482369022	0.02789988032374978	False	4.353123771568197
26398	1	1	rm2:rnd-3_family-569	rm2	True	1	1246	338	rm2:rnd-3_family-569	338	330.0	len_inconsistent	330-330	repeat:TE:ClassII:TIR:Mutator	Unknown	14.300000190734863	0.8229148621457031	0.010567274762469518	False	4.3518315624233574
718	2	2	edta:TE_00003121;rm2:rnd-4_family-1614	edta,rm2	True	1	441	27	rm2:rnd-4_family-1614	27	216.0	ok	216-216	repeat:TE:ClassI:PLE	LINE/Penelope;Unknown	9.25	0.917620931362343	0.007217711152751752	True	4.34898469552133
808	2	2	edta:TE_00003064;rm2:rnd-5_family-1485	edta,rm2	True	1	209	23	rm2:rnd-5_family-1485	23	255.0	len_inconsistent	255-255	repeat:TE:ClassI:LINE:RTE	LINE/Rex-Babar	11.125	0.9841571609632446	0.008396994759770187	False	4.345884996980837
310	4	2	edta:TE_00001465;rm2:ltr-1_family-345;rm2:ltr-1_family-346;rm2:rnd-5_family-6839	edta,rm2	True	2	144	22	rm2:rnd-5_family-6839	13	702.0	ok	571-702	repeat:TE:ClassI:LTR	LTR/Unknown;LTR/unknown;Unknown	5.299999952316284	1.0	0.0	True	4.342422680822207
719	2	2	edta:TE_00003129;rm2:rnd-5_family-212	edta,rm2	True	1	443	23	rm2:rnd-5_family-212	23	214.0	len_inconsistent	214-214	repeat:TE:ClassI:LINE:Jockey	LINE/L2	12.825000286102295	0.9805474396432415	0.011533138551437798	False	4.3422752756608345
472	3	2	pantera:TcMar-Tc1_1-fGobNig;pantera:Unknown_11-fGobNig;rm2:rnd-5_family-3389	pantera,rm2	True	3	887	22	rm2:rnd-5_family-3389	12	3575.0	weak_5p	3575-4221	repeat:TE:ClassII	DNA;DNA/TcMar-Tc1	8.5	0.9981888815437974	0.16141129154062253	True	4.3406115623660035
692	2	2	edta:TE_00001773;rm2:rnd-4_family-1768	edta,rm2	True	1	456	24	rm2:rnd-4_family-1768	24	338.0	weak_3p	338-338	repeat:TE:ClassII:TIR:Mutator	DNA/DTM;Unknown	8.099999904632568	0.9599318121393159	0.006990819661875792	True	4.340143053850921
26511	1	1	rm2:rnd-4_family-260	rm2	True	1	592	221	rm2:rnd-4_family-260	221	188.0	len_inconsistent	188-188	repeat:TE:ClassII:TIR:Tc1Mariner	DNA/TcMar-Tc1	11.100000381469727	0.9945269369883876	0.023764198235928676	False	4.338919210673498
391	3	2	edta:TE_00000814;edta:TE_00002109;rm2:rnd-5_family-3219	edta,rm2	True	1	795	22	rm2:rnd-5_family-3219	22	331.0	len_inconsistent	331-331	repeat:TE:ClassII:TIR:CACTA	DNA/DTC;DNA/DTM;Unknown	18.549999237060547	0.9782407882582367	0.0	True	4.320663469080443
27195	1	1	rm2:rnd-5_family-7910	rm2	True	1	583	259	rm2:rnd-5_family-7910	259	77.0	ok	77-77	repeat:TE:ClassI:SINE:tRNA	SINE/tRNA	20.600000381469727	0.907043847241867	0.003536067892503536	False	4.320343611323119
480	2	2	edta:TE_00002678;rm2:ltr-1_family-131	edta,rm2	True	1	113	21	rm2:ltr-1_family-131	21	647.0	ok	647-647	repeat:TE:ClassI:LTR	LTR/Gypsy;LTR/Unknown	9.25	0.993700876769855	0.0017592145958062594	True	4.315920171503775
27246	1	1	rm2:rnd-5_family-982	rm2	True	1	363	210	rm2:rnd-5_family-982	210	74.0	ok	74-74	repeat:TE:ClassII:TIR:hAT	DNA/hAT-Tag1	14.5	0.9924387355379429	0.027967568552427803	False	4.314658030271862
747	2	2	edta:TE_00003245;rm2:rnd-5_family-2835	edta,rm2	True	1	303	21	rm2:rnd-5_family-2835	21	497.0	len_inconsistent	497-497	repeat:TE:ClassI:LINE:Jockey	LINE/L2	7.1000001430511475	0.9838951654878908	0.016631900987345294	False	4.30611446022181
504	2	2	edta:TE_00000006;rm2:ltr-1_family-493	edta,rm2	True	1	96	23	rm2:ltr-1_family-493	23	406.0	ok	406-406	repeat:TE:ClassI:LTR	LTR/Gypsy;LTR/Unknown	10.024999618530273	0.9402398536486212	0.008175129439549459	True	4.301967689666214
556	2	2	edta:TE_00000370;rm2:rnd-3_family-607	edta,rm2	True	1	1129	21	rm2:rnd-3_family-607	21	624.0	len_inconsistent+weak_3p	624-624	repeat:TE:ClassII:TIR:hAT	DNA/DTA;Unknown	10.949999809265137	0.9792223950233282	0.006656298600311042	False	4.301441689757247
267	4	2	edta:TE_00000301;rm2:rnd-1_family-405;rm2:rnd-5_family-1314;rm2:rnd-5_family-5854	edta,rm2	True	1	850	20	rm2:rnd-5_family-5854	15	3610.0	ok	548-3610	repeat:TE:ClassI:LTR	LTR/unknown;Unknown	6.924999952316284	0.9921658445389543	0.0	True	4.2931958402029355
700	2	2	edta:TE_00002110;rm2:rnd-4_family-269	edta,rm2	True	1	814	20	rm2:rnd-4_family-269	20	233.0	weak_3p	233-233	repeat:TE:ClassII:TIR:CACTA	DNA/DTC;Unknown	15.424999237060547	0.987388679696372	0.22036019850678135	False	4.2884186753603535
646	2	2	edta:TE_00003315;rm2:rnd-4_family-2202	edta,rm2	True	1	329	23	rm2:rnd-4_family-2202	23	1068.0	len_inconsistent	1068-1068	repeat:TE:ClassI:LINE:Jockey	LINE/L2	6.175000190734863	0.9226345450350987	0.015418197894504158	False	4.284362381052691
630	2	2	edta:TE_00003260;rm2:rnd-5_family-4800	edta,rm2	True	1	231	20	rm2:rnd-5_family-4800	20	277.0	ok	277-277	repeat:TE:ClassI:LINE	LINE/Proto2;Unknown	11.525000095367432	0.9816893878642075	0.008108348926312037	True	4.282719383528189
496	2	2	edta:TE_00003075;rm2:rnd-4_family-4418	edta,rm2	True	1	483	20	rm2:rnd-4_family-4418	20	427.0	len_inconsistent	427-427	repeat:TE:ClassI:LINE:RTE	LINE/Rex-Babar	10.575000286102295	0.9816877765908744	0.0006975069750697507	False	4.2827177722548555
26839	1	1	rm2:rnd-5_family-2135	rm2	True	1	561	195	rm2:rnd-5_family-2135	195	85.0	len_inconsistent+weak_5p+weak_3p	85-85	repeat:TE:ClassII:TIR:hAT	DNA/hAT-Ac	17.200000762939453	0.9901539563193699	0.008503401360544218	False	4.280188567681888
258	4	2	edta:TE_00003000;edta:TE_00003103;edta:TE_00003161;rm2:rnd-5_family-483	edta,rm2	True	1	1322	19	rm2:rnd-5_family-483	19	1103.0	len_inconsistent+weak_5p	1103-1103	repeat:TE:ClassI:LINE:RTE	LINE/Rex-Babar	8.650000095367432	0.9966208944944256	0.003731011814870747	False	4.275374495447254
704	2	2	edta:TE_00000123;rm2:rnd-5_family-5897	edta,rm2	True	1	158	19	rm2:rnd-5_family-5897	19	1174.0	ok	1174-1174	repeat:TE:ClassI:LTR	LTR/unknown;Unknown	5.974999904632568	0.9934372788298625	0.09298626822875831	True	4.272190879782691
257	4	2	edta:TE_00000122;edta:TE_00002033;rm2:rnd-4_family-1013;rm2:rnd-5_family-170	edta,rm2	True	1	1151	19	rm2:rnd-4_family-1013	11	792.0	len_inconsistent	792-1029	repeat:TE:ClassII:TIR:hAT	DNA/DTA;DNA/DTM;DNA/hAT	8.849999904632568	0.9892400351898221	0.06049942478175543	False	4.267993636142651
686	2	2	edta:TE_00003060;rm2:rnd-5_family-6462	edta,rm2	True	1	430	19	rm2:rnd-5_family-6462	19	655.0	len_inconsistent	655-655	repeat:TE:ClassI:LINE:Jockey	LINE/L2	10.450000286102295	0.9821674613165746	0.0031228488440422425	False	4.260921062269404
460	3	2	edta:OX637599.1:19744345..19745600;edta:OX637600.1:39108814..39110163;rm2:rnd-4_family-672	edta,rm2	True	1	380	20	rm2:rnd-4_family-672	20	1323.0	ok	1323-1323	repeat:TE:ClassII:TIR:hAT	DNA/DTA;DNA/hAT-Ac	4.300000190734863	0.9548148148148148	0.0	False	4.255844810478796
292	4	2	edta:TE_00000521;edta:TE_00000534;rm2:ltr-1_family-85;rm2:rnd-5_family-629	edta,rm2	True	2	203	18	rm2:rnd-5_family-629	11	853.0	ok	795-853	repeat:TE:ClassI:LTR	LTR/Unknown;LTR/unknown;Unknown	9.974999904632568	1.0	0.0	True	4.2552725051033065
731	2	2	edta:TE_00002257;rm2:rnd-4_family-271	edta,rm2	True	1	931	19	rm2:rnd-4_family-271	19	344.0	len_inconsistent+weak_5p	344-344	repeat:TE:ClassII:TIR:hAT	DNA/DTM;DNA/hAT-Ac	17.100000381469727	0.9751537812085393	0.03689303856741493	False	4.253907382161368
558	2	2	edta:TE_00003247;rm2:rnd-5_family-71	edta,rm2	True	1	389	18	rm2:rnd-5_family-71	18	450.0	len_inconsistent	450-450	repeat:TE:ClassI:LINE:Jockey	LINE/L2	11.174999713897705	0.9927953890489913	0.003973452100253253	False	4.248067894152298
605	2	2	edta:TE_00003167;rm2:rnd-5_family-8216	edta,rm2	True	1	170	19	rm2:rnd-5_family-8216	19	853.0	len_inconsistent	853-853	repeat:TE:ClassI:LINE:L1	LINE/L1-Tx1	8.450000286102295	0.9673346490562218	0.013106624158696423	False	4.24608825000905
354	3	2	edta:TE_00001343;edta:TE_00002773;rm2:rnd-5_family-2095	edta,rm2	True	1	478	18	rm2:rnd-5_family-2095	18	876.0	ok	876-876	repeat:TE:ClassII:TIR:PIFHarbinger	DNA/DTH;DNA/PIF-Harbinger	12.300000190734863	0.9836641907430415	0.08523759011884001	False	4.2389366958463475
611	2	2	edta:TE_00001830;rm2:rnd-3_family-1986	edta,rm2	True	1	1735	20	rm2:rnd-3_family-1986	20	680.0	ok	680-680	repeat:TE:ClassII:TIR:Mutator	DNA/DTM;DNA/hAT-Charlie	16.84999942779541	0.9322725072604066	0.004675494523459212	False	4.233302502924388
770	2	2	edta:TE_00001855;rm2:rnd-4_family-538	edta,rm2	True	1	613	17	rm2:rnd-4_family-538	17	285.0	weak_5p	285-285	repeat:TE:ClassII:TIR:Academ	DNA/Academ-1;DNA/DTM	20.700000762939453	0.9996537795729948	0.0004752690362222901	False	4.230102700951269
797	2	2	edta:TE_00001696;rm2:ltr-1_family-377	edta,rm2	True	1	185	18	rm2:ltr-1_family-377	18	878.0	ok	878-878	repeat:TE:ClassI:LTR	LTR/Unknown;LTR/unknown	10.400000095367432	0.9744963507640161	0.0009952949692363373	True	4.229768855867322
338	3	2	edta:TE_00003206;edta:TE_00003311;rm2:rnd-5_family-186	edta,rm2	True	1	737	17	rm2:rnd-5_family-186	17	1065.0	len_inconsistent	1065-1065	repeat:TE:ClassI:LINE:Jockey	LINE/L2	12.600000381469727	0.9980995586071604	0.006151449412518381	False	4.2285484799854345
791	2	2	edta:TE_00001648;rm2:rnd-5_family-14984	edta,rm2	True	1	187	17	rm2:rnd-5_family-14984	17	1382.0	len_inconsistent	1382-1382	repeat:TE:ClassII:TIR:Mutator	DNA/DTM;Unknown	5.949999809265137	0.9965228935847387	0.1562485182785162	True	4.226971814963012
648	2	2	edta:TE_00001371;rm2:rnd-4_family-1533	edta,rm2	True	1	416	23	rm2:rnd-4_family-1533	23	794.0	ok	794-794	repeat:TE:ClassII:TIR:CACTA	DNA/DTC;Unknown	11.0	0.8621897163120568	0.004011524822695035	False	4.22391755232965
375	3	2	edta:TE_00002641;edta:TE_00002654;rm2:rnd-5_family-1263	edta,rm2	True	1	220	17	rm2:rnd-5_family-1263	17	361.0	ok	361-361	repeat:TE:ClassII:TIR:CACTA	MITE/DTC;Unknown	15.550000190734863	0.9898370704952412	0.0	True	4.220285991873515
832	2	2	edta:TE_00001555;rm2:ltr-1_family-539	edta,rm2	True	1	82	17	rm2:ltr-1_family-539	17	505.0	weak_3p	505-505	repeat:TE:ClassI:LTR:Gypsy	LTR/Gypsy	11.5	0.9891900239363756	0.0067690115299909315	False	4.2196389453146494
720	2	2	edta:TE_00003040;rm2:rnd-4_family-4361	edta,rm2	True	1	326	19	rm2:rnd-4_family-4361	19	397.0	len_inconsistent	397-397	repeat:TE:ClassI:LINE:RTE	LINE/Rex-Babar	10.150000095367432	0.9403625509157053	0.013452223010706242	False	4.219116151868534
1382	2	2	pantera:hAT_4-fGobNig;rm2:rnd-5_family-17396	pantera,rm2	True	1	179	20	pantera:hAT_4-fGobNig	10	3002.0	len_inconsistent	2066-3002	repeat:TE:ClassII	DNA;Unknown	18.199999809265137	0.9129862609885772	0.2954150655366637	True	4.214016256652559
314	4	2	edta:TE_00000694;edta:TE_00000709;rm2:ltr-1_family-225;rm2:ltr-1_family-226	edta,rm2	True	1	82	16	rm2:ltr-1_family-225	15	181.0	ok	181-4331	repeat:TE:ClassI:LTR:Gypsy	LTR/Gypsy;LTR/Unknown	20.450000286102295	0.9987096774193548	0.0	True	4.20282966007528
629	2	2	edta:TE_00003202;rm2:rnd-5_family-10107	edta,rm2	True	1	159	18	rm2:rnd-5_family-10107	18	462.0	len_inconsistent	462-462	repeat:TE:ClassI:LINE:L1	LINE/L1-Tx1	5.8999998569488525	0.9461855594877595	0.008683279214856433	False	4.2014580645910655
713	2	2	edta:TE_00000350;rm2:rnd-4_family-123	edta,rm2	True	1	504	16	rm2:rnd-4_family-123	16	694.0	weak_3p	694-694	repeat:TE:ClassII:TIR:CACTA	DNA/DTC;DNA/TcMar-Tc1	16.825000762939453	0.9971538502081906	0.0	False	4.201273832864116
643	2	2	edta:TE_00001885;rm2:rnd-5_family-2401	edta,rm2	True	1	123	16	rm2:rnd-5_family-2401	16	1310.0	ok	1310-1310	repeat:TE:ClassI:LTR:Gypsy	LTR/Gypsy;Unknown	11.099999904632568	0.9786201513557539	0.031560728951029966	True	4.182740134011679
250	4	2	edta:TE_00002975;edta:TE_00003042;rm2:rnd-4_family-88;rm2:rnd-5_family-7287	edta,rm2	True	1	1867	15	rm2:rnd-4_family-88	10	925.0	len_inconsistent+weak_5p	925-1071	repeat:TE:ClassI:PLE	LINE/Penelope;Unknown	17.72499942779541	0.9910662916320399	0.000998133923534262	True	4.167157550687721
794	2	2	edta:TE_00002552;rm2:rnd-3_family-667	edta,rm2	True	1	997	15	rm2:rnd-3_family-667	15	596.0	ok	596-596	repeat:TE:ClassII:TIR:Tc1Mariner	DNA/TcMar-Tc1;MITE/DTT	16.075000286102295	0.9907796346569093	0.0035056967572304996	False	4.1668708937125905
447	3	2	edta:TE_00003233;edta:TE_00003309;rm2:rnd-5_family-1565	edta,rm2	True	1	257	15	rm2:rnd-5_family-1565	15	2377.0	len_inconsistent	2377-2377	repeat:TE:ClassI:LINE:Jockey	LINE/L1;LINE/L2	24.600000381469727	0.9871595041935723	0.000518094448617983	False	4.163250763249254
714	2	2	edta:TE_00000533;rm2:rnd-4_family-351	edta,rm2	True	1	1016	15	rm2:rnd-4_family-351	15	758.0	ok	758-758	repeat:TE:ClassII:TIR:CACTA	DNA/DTM;DNA/PIF-Harbinger	13.450000286102295	0.9854102641422274	0.0	False	4.1615015231979084
659	2	2	edta:TE_00002984;rm2:rnd-5_family-611	edta,rm2	True	1	347	15	rm2:rnd-5_family-611	15	684.0	len_inconsistent	684-684	repeat:TE:ClassI:LINE:RTE	LINE/Rex-Babar	8.5	0.9839119074281448	0.0034906000417354354	False	4.160003166483826
693	2	2	edta:TE_00002389;rm2:rnd-4_family-162	edta,rm2	True	1	597	15	rm2:rnd-4_family-162	15	411.0	weak_5p	411-411	repeat:TE:ClassII:TIR:Mutator	DNA/DTM;DNA/PIF-ISL2EU	17.09999990463257	0.9825058313895368	0.0	False	4.158597090445218
336	3	2	edta:TE_00003051;rm2:rnd-4_family-587;rm2:rnd-5_family-2385	edta,rm2	True	1	939	15	rm2:rnd-5_family-2385	15	1057.0	len_inconsistent	710-1057	repeat:TE:ClassI:LINE:Jockey	LINE/L2	11.100000381469727	0.9803479444066479	0.0027796676061813586	False	4.156439203462329
393	3	2	edta:TE_00002573;edta:TE_00003196;rm2:rnd-5_family-452	edta,rm2	True	1	801	15	rm2:rnd-5_family-452	15	1065.0	len_inconsistent	1065-1065	repeat:TE:ClassI:LINE:Jockey	DNA/DTC;LINE/L2	20.950000762939453	0.9689449038557337	0.0024097998527344536	False	4.145036162911415
799	2	2	edta:TE_00001295;rm2:rnd-5_family-5967	edta,rm2	True	1	261	14	rm2:rnd-5_family-5967	14	222.0	ok	222-222	repeat:TE:ClassII:TIR:PIFHarbinger	DNA/DTH;DNA/hAT-Ac	14.150000095367432	0.9985124950416502	0.0020399440472489896	False	4.144640530719888
26264	1	1	rm2:rnd-1_family-367	rm2	True	1	1349	322	rm2:rnd-1_family-367	322	215.0	ok	215-215	repeat:TE:ClassII:TIR:CACTA	Unknown	10.399999618530273	0.6353503096276137	0.0023381744466968424	False	4.143206181323444
737	2	2	edta:TE_00003039;rm2:rnd-5_family-3157	edta,rm2	True	1	298	14	rm2:rnd-5_family-3157	14	340.0	len_inconsistent	340-340	repeat:TE:ClassI:LINE:RTE	LINE/Rex-Babar	11.849999904632568	0.9949449895926257	0.001114441626316194	False	4.141073025270864
776	2	2	edta:TE_00003204;rm2:rnd-5_family-9127	edta,rm2	True	1	244	15	rm2:rnd-5_family-9127	15	289.0	len_inconsistent	289-289	repeat:TE:ClassI:LINE:RTE	LINE/RTE-X	11.775000095367432	0.9642106114526043	0.0031360250882007056	False	4.140301870508286
442	3	2	edta:TE_00001927;rm2:rnd-4_family-1580;rm2:rnd-5_family-8655	edta,rm2	True	2	1017	20	rm2:rnd-4_family-1580	10	654.0	len_inconsistent	654-654	repeat:TE:ClassI:LTR	LTR/unknown;Unknown	12.0	0.8377380344488311	0.013405948889819858	True	4.1387680301128125
247	4	2	edta:TE_00002990;edta:TE_00003114;rm2:rnd-1_family-323;rm2:rnd-5_family-1685	edta,rm2	True	1	1240	14	rm2:rnd-5_family-1685	12	1165.0	weak_5p	338-1165	repeat:TE:ClassI:LINE:RTE	LINE/Rex-Babar	6.75	0.9918185426015813	0.010433170906699351	False	4.13794657827982
26260	1	1	rm2:rnd-1_family-354	rm2	True	1	1239	313	rm2:rnd-1_family-354	313	132.0	len_inconsistent	132-132	repeat:TE:ClassII:TIR:CACTA	Unknown	13.699999809265137	0.6393195559967512	0.009186896489486509	False	4.1348638935432
790	2	2	edta:TE_00000818;rm2:ltr-1_family-255	edta,rm2	True	1	57	14	rm2:ltr-1_family-255	14	407.0	ok	407-407	repeat:TE:ClassI:LTR	LTR/Gypsy;LTR/Unknown	10.900000095367432	0.988280369619112	0.011021402024862232	True	4.13440840529735
487	2	2	edta:TE_00003256;rm2:rnd-4_family-788	edta,rm2	True	1	848	14	rm2:rnd-4_family-788	14	884.0	len_inconsistent+weak_5p	884-884	repeat:TE:ClassI:LINE:Jockey	LINE/L2	11.275000095367432	0.9863550767141049	0.017658136017040717	False	4.132483112392343
341	3	2	edta:TE_00003073;rm2:rnd-4_family-1732;rm2:rnd-5_family-1589	edta,rm2	True	1	1441	14	rm2:rnd-5_family-1589	8	1065.0	len_inconsistent+weak_5p	665-1065	repeat:TE:ClassI:LINE:RTE	LINE/Rex-Babar	10.300000190734863	0.9858553778936354	0.008325225340994622	False	4.131983413571874
539	2	2	edta:TE_00003164;rm2:rnd-5_family-1025	edta,rm2	True	1	147	15	rm2:rnd-5_family-1025	15	590.0	len_inconsistent	590-590	repeat:TE:ClassI:LINE:L1	LINE/L1-Tx1	7.074999809265137	0.9532261432449363	0.005926224551501713	False	4.129317402300618
26321	1	1	rm2:rnd-1_family-57	rm2	True	1	875	139	rm2:rnd-1_family-57	139	170.0	len_inconsistent+weak_5p	170-170	repeat:TE:ClassII:TIR:Tc1Mariner	DNA/TcMar-Tc1	9.199999809265137	0.9832896540116852	0.006155177802890048	False	4.12630445426578
26217	1	1	rm2:rnd-1_family-128	rm2	True	1	1754	140	rm2:rnd-1_family-128	140	320.0	len_inconsistent+weak_5p	320-320	repeat:TE:ClassII:TIR:CACTA	DNA/TcMar-Tc1	10.5	0.9778108759539081	0.0033111522169104986	False	4.1239389116321465
26239	1	1	rm2:rnd-1_family-249	rm2	True	1	430	141	rm2:rnd-1_family-249	141	228.0	len_inconsistent	228-228	repeat:TE:ClassI:LINE:RTE	LINE/Rex-Babar	6.850000381469727	0.9730360416960496	0.08195607298090854	False	4.122255154351429
493	2	2	edta:TE_00003070;rm2:rnd-4_family-24	edta,rm2	True	1	693	14	rm2:rnd-4_family-24	14	642.0	len_inconsistent+weak_5p	642-642	repeat:TE:ClassI:LINE:RTE	LINE/Rex-Babar	9.875	0.9701434073945118	0.00609318216438535	False	4.11627144307275
588	2	2	edta:TE_00002854;rm2:rnd-1_family-443	edta,rm2	True	1	1846	27	rm2:rnd-1_family-443	27	149.0	len_inconsistent+weak_5p	149-149	repeat:TE:ClassI:LTR	LTR/unknown;Unknown	10.724999904632568	0.6833819164840205	0.017173832696809166	False	4.114745680643008
458	3	2	edta:TE_00000569;rm2:ltr-1_family-158;rm2:ltr-1_family-183	edta,rm2	True	1	36	13	rm2:ltr-1_family-158	10	899.0	ok	899-911	repeat:TE:ClassI:LTR	LTR/Unknown;LTR/unknown	15.199999809265137	1.0	0.0	True	4.113943352306837
27028	1	1	rm2:rnd-5_family-4542	rm2	True	1	1148	157	rm2:rnd-5_family-4542	157	598.0	len_inconsistent+weak_5p	598-598	repeat:TE:ClassII:TIR:Mutator	Unknown	11.699999809265137	0.9170044494501618	0.015053251069043832	True	4.112904101859395
675	2	2	edta:TE_00001997;rm2:rnd-4_family-2208	edta,rm2	True	1	426	19	rm2:rnd-4_family-2208	19	458.0	ok	458-458	repeat:TE:ClassII:TIR:Tc1Mariner	DNA/DTT;Unknown	13.649999618530273	0.8321057845544213	0.0027091799520683546	False	4.110859385507251
358	3	2	edta:TE_00003098;rm2:rnd-4_family-233;rm2:rnd-5_family-203	edta,rm2	True	1	656	13	rm2:rnd-5_family-203	13	815.0	len_inconsistent	342-815	repeat:TE:ClassI:PLE	LINE/Penelope;PLE	12.699999809265137	0.9947507752817487	0.002195661249671424	False	4.108694127588586
678	2	2	edta:TE_00002274;rm2:rnd-4_family-2048	edta,rm2	True	1	969	14	rm2:rnd-4_family-2048	14	377.0	len_inconsistent	377-377	repeat:TE:ClassII	DNA/DTC;DNA/hAT-Ac	15.800000190734863	0.96112744678219	0.0032925100155109578	False	4.107255482460428
506	2	2	edta:TE_00002364;rm2:rnd-4_family-586	edta,rm2	True	1	1395	13	rm2:rnd-4_family-586	13	921.0	ok	921-921	repeat:TE:ClassII:TIR:Mutator	DNA/DTM;DNA/hAT-Ac	15.59999942779541	0.9911247104965091	0.00789839900705841	False	4.105068062803346
26589	1	1	rm2:rnd-4_family-567	rm2	True	1	552	219	rm2:rnd-4_family-567	219	182.0	ok	182-182	repeat:TE:ClassII:TIR:CACTA	Unknown	12.0	0.7544058784873648	0.0021506661090865643	False	4.094849993327483
589	2	2	edta:TE_00003096;rm2:rnd-4_family-700	edta,rm2	True	1	491	13	rm2:rnd-4_family-700	13	551.0	len_inconsistent+weak_5p	551-551	repeat:TE:ClassI:LINE:RTE	LINE/Rex-Babar	10.724999904632568	0.9783856805133401	0.0077193998166642545	False	4.092329032820177
766	2	2	edta:TE_00001871;rm2:rnd-4_family-354	edta,rm2	True	1	858	15	rm2:rnd-4_family-354	15	414.0	len_inconsistent+weak_5p	414-414	repeat:TE:ClassII:TIR:CACTA	DNA/DTC;DNA/hAT-Charlie	16.450000286102295	0.9105237981344176	0.01297536474527625	False	4.086615057190099
833	2	2	edta:TE_00000950;rm2:ltr-1_family-476	edta,rm2	True	1	56	12	rm2:ltr-1_family-476	12	395.0	ok	395-395	repeat:TE:ClassI:LTR	LTR/Gypsy;LTR/Unknown	11.65000033378601	0.998780487804878	0.0	True	4.077961733852503
831	2	2	edta:TE_00003080;rm2:rnd-5_family-7754	edta,rm2	True	1	278	12	rm2:rnd-5_family-7754	12	174.0	ok	174-174	repeat:TE:ClassI:LINE:Jockey	LINE/L2	10.949999809265137	0.9987163029525032	0.0	False	4.077897549000128
598	2	2	edta:TE_00003111;rm2:rnd-4_family-139	edta,rm2	True	1	1280	21	rm2:rnd-4_family-139	21	550.0	len_inconsistent+weak_5p	550-550	repeat:TE:ClassI:LINE:Jockey	LINE/L2	13.099999904632568	0.755435817371768	0.020315296447203077	False	4.077655112105687
1185	2	2	pantera:Unknown_35-fGobNig;rm2:rnd-4_family-3150	pantera,rm2	True	2	739	12	rm2:rnd-4_family-3150	7	1424.0	len_inconsistent	1424-2355	repeat:TE:ClassII	DNA;Unknown	12.199999809265137	0.9954232183242763	0.03156837422872722	True	4.074604464371902
352	3	2	edta:TE_00003076;edta:TE_00003272;rm2:rnd-4_family-1805	edta,rm2	True	1	495	12	rm2:rnd-4_family-1805	12	818.0	ok	818-818	repeat:TE:ClassI:LINE:RTE	LINE/RTE-X	10.899999618530273	0.9952579511078408	0.004705144291091593	False	4.074439197155466
820	2	2	edta:TE_00000840;rm2:ltr-1_family-229	edta,rm2	True	1	66	12	rm2:ltr-1_family-229	12	519.0	ok	519-519	repeat:TE:ClassI:LTR:BelPao	LTR/Gypsy;LTR/Pao	9.574999809265137	0.9938598939436226	0.0005581914596706671	False	4.073041139991248
818	2	2	edta:TE_00000581;rm2:ltr-1_family-137	edta,rm2	True	1	104	12	rm2:ltr-1_family-137	12	669.0	ok	669-669	repeat:TE:ClassI:LTR	LTR/Gypsy;LTR/Unknown	10.125	0.9928995460365498	0.003515350363252871	False	4.072080792084175
743	2	2	edta:TE_00002238;rm2:rnd-5_family-68	edta,rm2	True	1	203	12	rm2:rnd-5_family-68	12	1301.0	len_inconsistent	1301-1301	repeat:TE:ClassI:LTR:Gypsy	LTR/Gypsy	14.150000095367432	0.9832991919881643	0.019176055536588143	False	4.06248043803579
652	2	2	edta:TE_00003041;rm2:rnd-5_family-249	edta,rm2	True	1	229	12	rm2:rnd-5_family-249	12	463.0	len_inconsistent	463-463	repeat:TE:ClassI:LINE:Jockey	LINE/L2;Unknown	12.775000095367432	0.9826537035741764	0.019654472966356577	True	4.061834949621802
823	2	2	edta:TE_00001558;rm2:ltr-1_family-371	edta,rm2	True	1	95	13	rm2:ltr-1_family-371	13	401.0	ok	401-401	repeat:TE:ClassI:LTR	LTR/Gypsy;LTR/Unknown	9.25	0.9473684210526315	0.0	True	4.061311773359469
654	2	2	edta:TE_00003252;rm2:rnd-5_family-1695	edta,rm2	True	1	332	13	rm2:rnd-5_family-1695	13	309.0	len_inconsistent+weak_3p	309-309	repeat:TE:ClassI:LINE:Jockey	LINE/L2	14.599999904632568	0.947290084171628	0.0006672141244097722	False	4.061233436478465
485	2	2	edta:TE_00003108;rm2:rnd-4_family-624	edta,rm2	True	1	445	12	rm2:rnd-4_family-624	12	1159.0	len_inconsistent+weak_5p	1159-1159	repeat:TE:ClassI:LINE:Jockey	LINE/L2	4.924999952316284	0.974832230736281	0.007820862916439105	False	4.054013476783906
26292	1	1	rm2:rnd-1_family-47	rm2	True	1	997	190	rm2:rnd-1_family-47	190	208.0	weak_3p	208-208	repeat:TE:ClassII:TIR:hAT	Unknown	9.399999618530273	0.7676716662537402	0.011358655257189685	False	4.046425267206569
449	3	2	edta:TE_00000456;rm2:ltr-1_family-123;rm2:ltr-1_family-124	edta,rm2	True	1	97	11	rm2:ltr-1_family-123	9	942.0	ok	942-6340	repeat:TE:ClassI:LTR	LTR/Gypsy;LTR/Unknown	8.100000381469727	1.0	0.0	True	4.041392685158225
382	3	2	edta:TE_00001956;edta:TE_00003262;rm2:rnd-4_family-1431	edta,rm2	True	1	686	11	rm2:rnd-4_family-1431	11	1063.0	len_inconsistent+weak_5p	1063-1063	repeat:TE:ClassI:LINE:Jockey	DNA/Helitron;LINE/L2	10.399999618530273	0.9991080719488628	0.0	False	4.040500757107088
26413	1	1	rm2:rnd-3_family-882	rm2	True	1	912	139	rm2:rnd-3_family-882	139	853.0	len_inconsistent	853-853	repeat:TE:ClassI:LTR	Unknown	5.800000190734863	0.8957415113150389	0.0194620977955017	False	4.038756311569134
772	2	2	edta:TE_00003189;rm2:rnd-5_family-335	edta,rm2	True	1	131	11	rm2:rnd-5_family-335	11	704.0	len_inconsistent	704-704	repeat:TE:ClassI:LINE:Jockey	LINE/L2	8.449999809265137	0.9932314634396472	0.00025638396061942363	False	4.034624148597873
521	2	2	edta:TE_00001497;rm2:rnd-4_family-1858	edta,rm2	True	1	685	14	rm2:rnd-4_family-1858	14	505.0	len_inconsistent	505-505	repeat:TE:ClassII:Helitron	DNA/Helitron;Unknown	13.849999904632568	0.8851987718350027	0.008740723739576161	True	4.031326807513241
26514	1	1	rm2:rnd-4_family-2734	rm2	True	1	1468	113	rm2:rnd-4_family-2734	113	172.0	weak_5p	172-172	repeat:TE:ClassII:TIR:hAT	DNA/hAT-Charlie	21.0	0.9751476813623706	0.002655850113477232	False	4.02822612484579
728	2	2	edta:TE_00001790;rm2:rnd-4_family-951	edta,rm2	True	1	528	13	rm2:rnd-4_family-951	13	428.0	len_inconsistent+weak_5p+weak_3p	428-428	repeat:TE:ClassII:TIR:PIFHarbinger	DNA/DTH;DNA/hAT-Charlie	13.799999713897705	0.9140223705054966	0.00523258604963756	False	4.027965722812334
647	2	2	edta:TE_00003153;rm2:rnd-5_family-1513	edta,rm2	True	1	304	12	rm2:rnd-5_family-1513	12	600.0	weak_5p	600-600	repeat:TE:ClassI:LINE:Jockey	LINE/L2;Unknown	8.900000095367432	0.9427462526766596	0.03611487735732775	True	4.021927498724285
660	2	2	edta:TE_00003176;rm2:rnd-4_family-518	edta,rm2	True	1	275	11	rm2:rnd-4_family-518	11	385.0	weak_3p	385-385	repeat:TE:ClassI:LINE:RTE	LINE/RTE-X	10.924999713897705	0.9802828975567939	0.022266460222664604	False	4.0216755827150195
738	2	2	edta:TE_00003090;rm2:rnd-5_family-1374	edta,rm2	True	1	476	11	rm2:rnd-5_family-1374	11	1549.0	len_inconsistent	1549-1549	repeat:TE:ClassI:LINE:L1	LINE/L1	17.15000057220459	0.9746980596182943	0.023157168263743266	False	4.01609074477652
27213	1	1	rm2:rnd-5_family-838	rm2	True	1	1106	158	rm2:rnd-5_family-838	158	138.0	len_inconsistent	138-138	repeat:TE:ClassII:TIR:CACTA	Unknown	13.899999618530273	0.806530641228963	0.008829029280185575	False	4.005187728183386
515	2	2	edta:TE_00003228;rm2:rnd-5_family-3803	edta,rm2	True	1	632	13	rm2:rnd-5_family-3803	13	549.0	len_inconsistent	549-549	repeat:TE:ClassI:LINE:Jockey	LINE/L2	12.700000286102295	0.8897105537343397	0.010139513608294579	False	4.003653906041176
26609	1	1	rm2:rnd-4_family-717	rm2	True	1	1674	114	rm2:rnd-4_family-717	114	822.0	len_inconsistent+weak_5p	822-822	repeat:TE:ClassII:TIR:CACTA	Unknown	7.599999904632568	0.9427341708200958	0.015879215366230433	False	3.9996390221565683
452	3	2	edta:TE_00000913;rm2:ltr-1_family-271;rm2:ltr-1_family-272	edta,rm2	True	1	141	10	rm2:ltr-1_family-271	9	310.0	ok	310-3502	repeat:TE:ClassI:LTR	LTR/Bel-Pao;LTR/Pao;LTR/Unknown	13.050000190734863	0.9992824928249282	0.00524822695035461	True	3.9992824928249284
534	2	2	edta:TE_00001792;rm2:rnd-3_family-544	edta,rm2	True	1	1078	14	rm2:rnd-3_family-544	14	825.0	len_inconsistent+weak_3p	825-825	repeat:TE:ClassI:SINE:tRNA	MITE/DTC;SINE/tRNA-Meta	17.699999809265137	0.8511736887821303	0.004080297684792983	False	3.9973017244603684
811	2	2	edta:TE_00001407;rm2:ltr-1_family-231	edta,rm2	True	1	55	10	rm2:ltr-1_family-231	10	540.0	ok	540-540	repeat:TE:ClassI:LTR:BelPao	LTR/Gypsy;LTR/Pao	6.950000286102295	0.99551466359977	0.0	False	3.99551466359977
602	2	2	edta:TE_00003054;rm2:rnd-5_family-1675	edta,rm2	True	1	578	10	rm2:rnd-5_family-1675	10	758.0	len_inconsistent+weak_5p	758-758	repeat:TE:ClassI:LINE:L1	LINE/L1	12.0	0.9920746933014873	0.010523303458771805	False	3.9920746933014875
26221	1	1	rm2:rnd-1_family-147	rm2	True	1	586	153	rm2:rnd-1_family-147	153	132.0	len_inconsistent	132-132	repeat:TE:ClassII:TIR:CACTA	Unknown	13.100000381469727	0.8065085551496932	0.003408078018770645	False	3.991199985967292
531	2	2	edta:TE_00002024;rm2:ltr-1_family-422	edta,rm2	True	1	72	10	rm2:ltr-1_family-422	10	880.0	ok	880-880	repeat:TE:ClassI:LTR	LTR/Gypsy;LTR/Unknown	6.599999904632568	0.9894488719272646	0.0	True	3.9894488719272645
552	2	2	edta:TE_00000252;rm2:ltr-1_family-71	edta,rm2	True	1	143	10	rm2:ltr-1_family-71	10	860.0	ok	860-860	repeat:TE:ClassI:LTR	LTR/Gypsy;LTR/Unknown	8.099999904632568	0.9884327080400289	0.0013317605874966706	True	3.988432708040029
26324	1	1	rm2:rnd-1_family-583	rm2	True	1	304	209	rm2:rnd-1_family-583	209	103.0	len_inconsistent	103-103	repeat:TE:ClassII:Helitron	Unknown	12.949999809265137	0.666006016634224	0.004317819854892939	False	3.9861523027452783
510	2	2	edta:TE_00002969;rm2:rnd-5_family-5603	edta,rm2	True	1	649	10	rm2:rnd-5_family-5603	10	713.0	len_inconsistent+weak_3p	713-713	repeat:TE:ClassI:LINE:Jockey	LINE/L2	19.84999942779541	0.9857604865569339	0.04161948413768311	False	3.985760486556934
26363	1	1	rm2:rnd-3_family-238	rm2	True	1	812	100	rm2:rnd-3_family-238	100	1076.0	len_inconsistent	1076-1076	repeat:TE:ClassII:TIR:Tc1Mariner	DNA/TcMar-Tc1	8.899999618530273	0.9850045383963333	0.011432257870929509	False	3.9850045383963333
26834	1	1	rm2:rnd-5_family-2079	rm2	True	1	353	206	rm2:rnd-5_family-2079	206	65.0	len_inconsistent	65-65	repeat:TE:ClassII:TIR:CACTA	Unknown	15.100000381469727	0.669787576764321	0.003825631732608477	False	3.9836547971334744
835	2	2	edta:TE_00000047;rm2:ltr-1_family-369	edta,rm2	True	1	60	10	rm2:ltr-1_family-369	10	543.0	ok	543-543	repeat	LTR/Gypsy;LTR/Pao	5.425000190734863	0.9800929789009417	0.09405173441411371	False	3.9800929789009416
711	2	2	edta:TE_00003218;rm2:rnd-5_family-2768	edta,rm2	True	1	269	10	rm2:rnd-5_family-2768	10	639.0	ok	639-639	repeat:TE:ClassI:LINE:Jockey	LINE/L2	7.824999809265137	0.9758486846158585	0.002526030435586224	False	3.9758486846158583
773	2	2	edta:TE_00003135;rm2:rnd-5_family-5581	edta,rm2	True	1	86	10	rm2:rnd-5_family-5581	10	239.0	ok	239-239	repeat:TE:ClassI:LINE:RTE	LINE/Rex-Babar	12.25	0.9740382028517621	0.0006447453255963894	False	3.9740382028517622
26281	1	1	rm2:rnd-1_family-442	rm2	True	1	513	176	rm2:rnd-1_family-442	176	121.0	len_inconsistent	121-121	repeat:TE:ClassII:TIR:Mutator	Unknown	14.100000381469727	0.7278611165227179	0.012706452799965367	False	3.973373784336868
544	2	2	edta:TE_00003292;rm2:rnd-5_family-502	edta,rm2	True	1	199	10	rm2:rnd-5_family-502	10	621.0	ok	621-621	repeat:TE:ClassI:LINE:Jockey	LINE/L2	8.675000190734863	0.9577910478232021	0.017404174960445058	False	3.957791047823202
750	2	2	edta:TE_00001507;rm2:ltr-1_family-295	edta,rm2	True	1	91	10	rm2:ltr-1_family-295	10	435.0	ok	435-435	repeat:TE:ClassI:LTR	LTR/Unknown;LTR/unknown	12.724999904632568	0.9540775930324624	0.009269749716757647	True	3.9540775930324625
1325	2	2	pantera:PIF-ISL2EU_1-fGobNig;rm2:rnd-5_family-12902	pantera,rm2	True	1	1183	9	rm2:rnd-5_family-12902	9	1004.0	ok	1004-5940	repeat:TE:ClassII:TIR:PIFHarbinger	DNA/PIF-ISL2EU	10.25	0.997675225537821	0.006210964607911173	False	3.9519177349771457
308	4	2	edta:TE_00000042;edta:TE_00000051;rm2:ltr-1_family-21;rm2:ltr-1_family-22	edta,rm2	True	1	73	9	rm2:ltr-1_family-21	8	357.0	ok	357-5429	repeat:TE:ClassI:LTR	LTR/Gypsy;LTR/Pao;LTR/Unknown	11.900000095367432	0.9966372425388819	0.0	True	3.9508797519782064
372	3	2	edta:TE_00000813;edta:TE_00001441;rm2:rnd-3_family-347	edta,rm2	True	1	1103	9	rm2:rnd-3_family-347	9	919.0	ok	919-919	repeat:TE:ClassII:TIR:PIFHarbinger	DNA/DTH;DNA/PIF-Harbinger	19.299999237060547	0.9947216535530178	0.0	False	3.9489641629923424
771	2	2	edta:TE_00001484;rm2:rnd-5_family-10505	edta,rm2	True	1	325	10	rm2:rnd-5_family-10505	10	625.0	len_inconsistent	625-625	repeat:TE:ClassII:TIR:Mutator	DNA/DTM;Unknown	11.599999904632568	0.9475312523580753	0.045302922309337135	True	3.9475312523580754
333	3	2	edta:TE_00002973;edta:TE_00003205;rm2:rnd-4_family-1007	edta,rm2	True	1	422	9	rm2:rnd-4_family-1007	9	919.0	len_inconsistent	919-919	repeat:TE:ClassI:LINE:Jockey	LINE/L2	12.300000190734863	0.9928930366116295	0.0030868628858578607	False	3.947135546050954
666	2	2	edta:TE_00000400;rm2:rnd-5_family-9359	edta,rm2	True	1	130	9	rm2:rnd-5_family-9359	9	337.0	ok	337-337	repeat:TE:ClassII:TIR:hAT	DNA/hAT-Ac;MITE/DTM	12.824999809265137	0.9923371647509579	0.0006141248720573184	False	3.9465796741902825
826	2	2	edta:TE_00000572;rm2:ltr-1_family-135	edta,rm2	True	1	34	9	rm2:ltr-1_family-135	9	488.0	ok	488-488	repeat:TE:ClassI:LTR	LTR/Gypsy;LTR/Unknown	10.400000095367432	0.9905014014325755	0.0	True	3.9447439108719005
768	2	2	edta:TE_00003091;rm2:rnd-5_family-2758	edta,rm2	True	1	418	9	rm2:rnd-5_family-2758	9	1481.0	len_inconsistent	1481-1481	repeat:TE:ClassI:PLE	LINE/Penelope	10.074999809265137	0.9859245884787221	0.0015419692396905517	False	3.9401670979180468
383	3	2	edta:TE_00002470;edta:TE_00002703;rm2:rnd-4_family-148	edta,rm2	True	1	867	9	rm2:rnd-4_family-148	9	637.0	len_inconsistent+weak_5p	637-637	repeat:TE:ClassII:TIR:CACTA	DNA/DTC;Unknown	20.799999237060547	0.9773667954633555	0.00976888253514415	True	3.9316093049026803
27019	1	1	rm2:rnd-5_family-4428	rm2	True	1	158	84	rm2:rnd-5_family-4428	84	69.0	len_inconsistent	69-69	repeat:TE:ClassII:TIR:hAT	DNA/hAT-Ac	17.450000762939453	0.9993337034980566	0.0052193225985563575	False	3.9236129895599383
26254	1	1	rm2:rnd-1_family-336	rm2	True	1	1510	107	rm2:rnd-1_family-336	107	286.0	ok	286-286	repeat:TE:ClassII:TIR:CACTA	Unknown	10.899999618530273	0.8768137707317339	0.0070339080240070335	False	3.9061975484169436
837	2	2	edta:TE_00000736;rm2:ltr-1_family-512	edta,rm2	True	1	1197	8	rm2:ltr-1_family-512	8	257.0	ok	257-257	repeat:TE:ClassI:LTR	DNA/DTM;LTR/Unknown	9.84999966621399	1.0	0.0	True	3.9030899869919438
313	4	2	edta:TE_00001286;edta:TE_00001305;rm2:ltr-1_family-332;rm2:ltr-1_family-333	edta,rm2	True	1	110	8	rm2:ltr-1_family-332	7	286.0	ok	286-6445	repeat:TE:ClassI:LTR:Gypsy	DNA/DTM;LTR/Gypsy;LTR/Unknown	6.175000190734863	0.9993194964273563	0.0	True	3.9024094834193
26403	1	1	rm2:rnd-3_family-673	rm2	True	1	821	81	rm2:rnd-3_family-673	81	216.0	weak_3p	216-216	repeat:TE:ClassII:TIR:Tc1Mariner	DNA/TcMar-Tc1	12.199999809265137	0.993683654607869	0.003031423290203327	False	3.9021686734865186
365	3	2	edta:TE_00003287;rm2:rnd-5_family-1083;rm2:rnd-5_family-4952	edta,rm2	True	1	393	10	rm2:rnd-5_family-1083	10	3093.0	len_inconsistent	1346-3093	repeat:TE:ClassI:LINE:L1	LINE/L1;PLE/Naiad	19.600000381469727	0.8961581954529223	0.052418859109909025	False	3.896158195452922
637	2	2	edta:TE_00003284;rm2:rnd-5_family-513	edta,rm2	True	1	145	8	rm2:rnd-5_family-513	8	1389.0	len_inconsistent	1389-1389	repeat:TE:ClassI:LINE:L1	LINE/L1	5.0	0.9858350468357322	0.001903893596481819	False	3.888925033827676
27166	1	1	rm2:rnd-5_family-707	rm2	True	1	271	79	rm2:rnd-5_family-707	79	105.0	len_inconsistent	105-105	repeat:TE:ClassII:TIR:hAT	DNA/hAT	18.200000762939453	0.9888809353376282	0.000763540921021236	False	3.8865080266280696
641	2	2	edta:TE_00001559;rm2:rnd-5_family-4268	edta,rm2	True	1	174	10	rm2:rnd-5_family-4268	10	637.0	len_inconsistent	637-637	repeat:TE:ClassII:TIR:PIFHarbinger	DNA/DTH;Unknown	8.625	0.8826016618869035	0.007294653398549502	True	3.8826016618869037
490	2	2	edta:TE_00000001;rm2:ltr-1_family-557	edta,rm2	True	1	144	8	rm2:ltr-1_family-557	8	675.0	ok	675-675	repeat:TE:ClassI:LTR:Gypsy	LTR/Gypsy;LTR/Pao	7.699999809265137	0.9785748362753177	0.057813245435225744	False	3.8816648232672613
26730	1	1	rm2:rnd-5_family-1388	rm2	True	1	197	76	rm2:rnd-5_family-1388	76	92.0	ok	92-92	repeat:TE:ClassII	DNA	9.699999809265137	0.9982498858621215	0.00616344544209405	True	3.8790634781429127
777	2	2	edta:TE_00003268;rm2:rnd-5_family-3501	edta,rm2	True	1	283	8	rm2:rnd-5_family-3501	8	696.0	ok	696-696	repeat:TE:ClassI:LINE:Jockey	LINE/L2	9.775000095367432	0.9741407890374627	0.005867986170583944	False	3.8772307760294065
685	2	2	edta:TE_00000241;rm2:rnd-5_family-1148	edta,rm2	True	1	366	8	rm2:rnd-5_family-1148	8	873.0	len_inconsistent	873-873	repeat:TE:ClassII:TIR:CACTA	DNA/DTA;Unknown	9.699999809265137	0.9557543520309478	0.006624758220502901	False	3.8588443390228915
854	2	2	edta:TE_00002795;rm2:rnd-5_family-8730	edta,rm2	True	1	2693	7	rm2:rnd-5_family-8730	7	1634.0	len_inconsistent	1634-1634	repeat:TE:ClassII:TIR:PIFHarbinger	DNA/DTH;Unknown	19.450000286102295	0.9995979215637758	0.05657170157660489	False	3.844695961578033
453	3	2	edta:TE_00001126;rm2:ltr-1_family-309;rm2:ltr-1_family-310	edta,rm2	True	1	115	7	rm2:ltr-1_family-309	6	186.0	ok	186-4230	repeat:TE:ClassI:LTR:Gypsy	LTR/Gypsy;LTR/Unknown	29.200000762939453	0.9995621716287215	0.0818739054290718	True	3.8446602116429784
739	2	2	edta:TE_00001383;rm2:rnd-4_family-601	edta,rm2	True	1	660	7	rm2:rnd-4_family-601	7	912.0	weak_5p+weak_3p	912-912	repeat:TE:ClassII:TIR:CACTA	MITE/DTC;Unknown	17.40000009536743	0.9995063944357191	0.0005372982689226682	True	3.844604434449976
829	2	2	edta:TE_00002741;rm2:ltr-1_family-485	edta,rm2	True	1	59	7	rm2:ltr-1_family-485	7	610.0	ok	610-610	repeat:TE:ClassI:LTR:Gypsy	LTR/Gypsy	9.400000095367432	0.9987101313320825	0.001254930082466834	False	3.8438081713463395
724	2	2	edta:TE_00003131;rm2:rnd-5_family-3401	edta,rm2	True	1	238	7	rm2:rnd-5_family-3401	7	809.0	len_inconsistent	809-809	repeat:TE:ClassI:LINE:Jockey	LINE/L2	12.050000190734863	0.9980812546925837	0.00020855927254525737	False	3.8431792947068404
26557	1	1	rm2:rnd-4_family-391	rm2	True	1	641	74	rm2:rnd-4_family-391	74	266.0	weak_5p	266-266	repeat:TE:ClassII	DNA	12.100000381469727	0.9731997803995384	0.014038743795726755	True	3.8424315001305147
782	2	2	edta:TE_00003140;rm2:rnd-5_family-362	edta,rm2	True	1	192	7	rm2:rnd-5_family-362	7	287.0	weak_5p	287-287	repeat:TE:ClassI:LINE:Jockey	LINE/L2;Unknown	12.550000190734863	0.99607055146238	0.016119669569100246	True	3.841168591476637
536	2	2	edta:TE_00003085;rm2:rnd-3_family-50	edta,rm2	True	1	405	7	rm2:rnd-3_family-50	7	712.0	len_inconsistent	712-712	repeat:TE:ClassI:LINE:RTE	LINE/Rex-Babar	10.800000190734863	0.9947777478118027	0.0014955745703287813	False	3.8398757878260596
615	2	2	edta:TE_00000198;rm2:ltr-1_family-57	edta,rm2	True	1	106	7	rm2:ltr-1_family-57	7	794.0	ok	794-794	repeat:TE:ClassI:LTR	LTR/Gypsy;LTR/Unknown	11.549999713897705	0.994328555335431	0.005631057447614923	True	3.8394265953496878
26364	1	1	rm2:rnd-3_family-249	rm2	True	1	361	73	rm2:rnd-3_family-249	73	333.0	len_inconsistent	333-333	repeat:TE:ClassI:LINE:Jockey	LINE/L2	14.899999618530273	0.9754455260784375	0.004323080272447361	False	3.8387683861988933
456	3	2	edta:TE_00001384;rm2:ltr-1_family-170;rm2:ltr-1_family-171	edta,rm2	True	1	746	7	rm2:ltr-1_family-170	5	351.0	ok	351-4180	repeat:TE:ClassI:LTR	DNA/DTC;LTR/Pao;LTR/Unknown	11.200000762939453	0.9918002236302647	0.0	True	3.8368982636445215
821	2	2	edta:TE_00003211;rm2:rnd-5_family-4820	edta,rm2	True	1	132	7	rm2:rnd-5_family-4820	7	431.0	ok	431-431	repeat:TE:ClassI:LINE:RTE	LINE/RTE-BovB	12.099999904632568	0.9907038512616202	0.0199203187250996	False	3.835801891275877
566	2	2	edta:TE_00003052;rm2:rnd-4_family-1842	edta,rm2	True	1	555	7	rm2:rnd-4_family-1842	7	664.0	len_inconsistent	664-664	repeat:TE:ClassI:PLE	LINE/Penelope	14.25	0.9885694632705497	0.0016320158944156673	False	3.833667503284807
595	2	2	edta:TE_00003092;rm2:rnd-5_family-2002	edta,rm2	True	1	335	7	rm2:rnd-5_family-2002	7	495.0	ok	495-495	repeat:TE:ClassI:LINE:RTE	LINE/Rex-Babar	12.625	0.9855253752680486	0.025444383063074772	False	3.8306234152823055
645	2	2	edta:TE_00002548;rm2:rnd-4_family-565	edta,rm2	True	1	871	7	rm2:rnd-4_family-565	7	601.0	len_inconsistent	601-601	repeat:TE:ClassII	DNA/DTC;DNA/hAT-Tip100	15.549999713897705	0.9855188852531845	0.0012705404031848214	False	3.8306169252674414
26394	1	1	rm2:rnd-3_family-516	rm2	True	1	1361	70	rm2:rnd-3_family-516	70	268.0	len_inconsistent+weak_3p	268-268	repeat:TE:ClassII	DNA	13.5	0.9836646155208287	0.018858736553189606	True	3.8287626555350855
744	2	2	edta:TE_00003199;rm2:rnd-5_family-4733	edta,rm2	True	1	215	7	rm2:rnd-5_family-4733	7	462.0	weak_5p	462-462	repeat:TE:ClassI:LINE:RTE	LINE/Rex-Babar	18.449999809265137	0.980641164627536	0.0029689403166869672	False	3.825739204641793
789	2	2	edta:TE_00003300;rm2:rnd-5_family-7166	edta,rm2	True	1	138	9	rm2:rnd-5_family-7166	9	755.0	ok	755-755	repeat:TE:ClassI:LINE:L1	LINE/L1	4.049999952316284	0.8705568465444531	0.08430157500645495	False	3.824799355983778
805	2	2	edta:TE_00002357;rm2:rnd-5_family-1501	edta,rm2	True	1	202	8	rm2:rnd-5_family-1501	8	545.0	ok	545-545	repeat:TE:ClassII:Helitron	DNA/Helitron;Unknown	14.125000953674316	0.9202242101687238	0.0015701181720518965	True	3.8233141971606677
759	2	2	edta:TE_00003207;rm2:rnd-5_family-634	edta,rm2	True	1	1324	8	rm2:rnd-5_family-634	8	622.0	len_inconsistent	622-622	repeat:TE:ClassI:LINE:RTE	LINE/Rex-Babar	11.599999904632568	0.9188991604565607	0.004598622771436657	False	3.8219891474485044
26400	1	1	rm2:rnd-3_family-666	rm2	True	1	700	67	rm2:rnd-3_family-666	67	349.0	ok	349-349	repeat:TE:ClassII:TIR:CACTA	DNA/CMC-EnSpm	13.600000381469727	0.989977574946888	0.007042253521126761	False	3.8160523776477144
26224	1	1	rm2:rnd-1_family-161	rm2	True	1	757	66	rm2:rnd-1_family-161	66	342.0	len_inconsistent+weak_5p	342-342	repeat:TE:ClassII:TIR:Tc1Mariner	DNA/TcMar-Tc1	6.900000095367432	0.9958154388283229	0.0035002438372111317	False	3.8153593743701917
676	2	2	edta:TE_00003125;rm2:rnd-5_family-1150	edta,rm2	True	1	156	7	rm2:rnd-5_family-1150	7	363.0	weak_3p	363-363	repeat:TE:ClassI:LINE:RTE	LINE/Rex-Babar;Unknown	12.950000286102295	0.9665424430641822	0.04173913043478261	True	3.811640483078439
26614	1	1	rm2:rnd-4_family-741	rm2	True	1	759	73	rm2:rnd-4_family-741	73	348.0	len_inconsistent	348-348	repeat:TE:ClassII:TIR:Tc1Mariner	DNA/TcMar-Tc1	8.100000381469727	0.9469113720610727	0.002160181800900364	False	3.8102342321815286
435	3	2	edta:TE_00003275;edta:TE_00003298;rm2:rnd-5_family-1161	edta,rm2	True	1	209	7	rm2:rnd-5_family-1161	7	518.0	ok	518-518	repeat:TE:ClassI:LINE:RTE	LINE/Rex-Babar	15.0	0.9580426861009891	0.0	False	3.803140726115246
1314	2	2	pantera:L1_1-fGobNig;rm2:rnd-5_family-3316	pantera,rm2	True	1	372	7	rm2:rnd-5_family-3316	5	2515.0	ok	2515-6093	repeat:TE:ClassI:LINE:L1	LINE/L1	21.0	0.9577691091558977	0.09173941435248831	False	3.8028671491701544
523	2	2	edta:TE_00003066;rm2:rnd-5_family-3305	edta,rm2	True	1	766	7	rm2:rnd-5_family-3305	7	369.0	ok	369-369	repeat:TE:ClassI:LINE:Jockey	LINE/L2;Unknown	9.175000190734863	0.956094238627861	0.0002973756598022452	True	3.8011922786421177
26388	1	1	rm2:rnd-3_family-464	rm2	True	1	2392	85	rm2:rnd-3_family-464	85	171.0	len_inconsistent	171-171	repeat:TE:ClassI:PLE	PLE	18.200000762939453	0.8520319589662655	0.005257447228250148	False	3.7814508846805586
26541	1	1	rm2:rnd-4_family-325	rm2	True	1	304	142	rm2:rnd-4_family-325	142	94.0	ok	94-94	repeat:TE:ClassII:Helitron	Unknown	11.75	0.6275535291225247	0.018684904563944393	False	3.779841873505581
819	2	2	edta:TE_00000833;rm2:rnd-5_family-563	edta,rm2	True	1	84	6	rm2:rnd-5_family-563	6	1039.0	ok	1039-1039	repeat:TE:ClassI:LTR:Gypsy	LTR/Gypsy;Unknown	8.800000190734863	0.9990062111801242	0.0004347826086956522	True	3.777157461563768
590	2	2	edta:TE_00003193;rm2:rnd-5_family-2386	edta,rm2	True	1	134	6	rm2:rnd-5_family-2386	6	807.0	len_inconsistent	807-807	repeat:TE:ClassI:LINE:RTE	LINE/Rex-Babar	10.40000057220459	0.9989436619718309	0.003403755868544601	False	3.7770949123554747
26225	1	1	rm2:rnd-1_family-170	rm2	True	1	1189	97	rm2:rnd-1_family-170	97	949.0	len_inconsistent	949-949	repeat:TE:ClassI:SINE:5S	SINE/5S	12.0	0.7892343532995834	0.06764929886653824	False	3.776006087565828
26280	1	1	rm2:rnd-1_family-439	rm2	True	1	962	138	rm2:rnd-1_family-439	138	249.0	ok	249-249	repeat:TE:ClassII:Crypton	DNA/Crypton-A	9.0	0.6353773415309387	0.004871822529033186	False	3.775256427932175
752	2	2	edta:TE_00003239;rm2:rnd-4_family-147	edta,rm2	True	1	194	6	rm2:rnd-4_family-147	6	3910.0	len_inconsistent	3910-3910	repeat:TE:ClassI:LINE:L1	LINE/L1	17.050000190734863	0.9955218909216516	0.0030224152181690333	False	3.7736731413052955
624	2	2	edta:TE_00002524;rm2:ltr-1_family-466	edta,rm2	True	1	90	6	rm2:ltr-1_family-466	6	621.0	ok	621-621	repeat:TE:ClassI:LTR	LTR/Gypsy;LTR/Unknown	14.650000095367432	0.9953647231031959	0.020086199886151093	True	3.7735159734868398
702	2	2	edta:TE_00003138;rm2:rnd-4_family-2814	edta,rm2	True	1	335	6	rm2:rnd-4_family-2814	6	2089.0	len_inconsistent	2089-2089	repeat:TE:ClassI:LINE:RTE	LINE/RTE-X	7.450000286102295	0.9947166899171885	0.003042355525214449	False	3.7728679403008325
274	4	2	edta:TE_00000338;edta:TE_00002739;edta:TE_00002846;rm2:rnd-4_family-961	edta,rm2	True	1	1371	6	rm2:rnd-4_family-961	6	2355.0	ok	2355-2355	repeat	DNA/DTC;DNA/DTM;DNA/Kolobok-T2	17.75	0.9946983417141354	0.0015949504547305552	False	3.772849592097779
614	2	2	edta:TE_00002367;rm2:rnd-5_family-66	edta,rm2	True	1	164	6	rm2:rnd-5_family-66	6	2302.0	ok	2302-2302	repeat:TE:ClassII:TIR:Mutator	DNA/DTM;Unknown	10.499999761581421	0.9920152683648827	0.09371171325184488	True	3.7701665187485265
27229	1	1	rm2:rnd-5_family-907	rm2	True	1	407	74	rm2:rnd-5_family-907	74	257.0	len_inconsistent	257-257	repeat:TE:ClassII:TIR:hAT	DNA/hAT-Ac	13.800000190734863	0.8992154992352351	0.0020393730572504645	False	3.7684472189662115
512	2	2	edta:TE_00003045;rm2:rnd-5_family-2775	edta,rm2	True	1	292	6	rm2:rnd-5_family-2775	6	1011.0	len_inconsistent	1011-1011	repeat:TE:ClassI:SINE:5S	SINE/5S;SINE/5S-Deu-L2	9.024999618530273	0.9892622809289476	0.13246042778350747	False	3.7674135313125916
26520	1	1	rm2:rnd-4_family-2802	rm2	True	1	175	60	rm2:rnd-4_family-2802	60	134.0	weak_3p	134-134	repeat:TE:ClassII:TIR:hAT	DNA/hAT-Ac	10.899999618530273	0.9825319537431527	0.011381618989653074	False	3.7606832041267966
604	2	2	edta:TE_00002748;rm2:rnd-5_family-11162	edta,rm2	True	1	91	6	rm2:rnd-5_family-11162	6	1377.0	ok	1377-1377	repeat:TE:ClassI:LTR:Gypsy	LTR/Gypsy	11.400000095367432	0.9798744460856721	0.03434268833087149	False	3.758025696469316
27146	1	1	rm2:rnd-5_family-6742	rm2	True	1	479	63	rm2:rnd-5_family-6742	63	220.0	len_inconsistent	220-220	repeat:TE:ClassII:TIR:hAT	DNA/hAT-Ac	10.5	0.9576931599940907	0.06280469788742798	False	3.7570337094476725
632	2	2	edta:TE_00001338;rm2:ltr-1_family-436	edta,rm2	True	1	52	6	rm2:ltr-1_family-436	6	909.0	ok	909-909	repeat:TE:ClassI:LTR	LTR/Gypsy;LTR/Unknown	10.0	0.9778986142781968	0.004472899491317313	True	3.7560498646618408
803	2	2	edta:TE_00001036;rm2:rnd-5_family-8205	edta,rm2	True	1	319	6	rm2:rnd-5_family-8205	6	465.0	ok	465-465	repeat:TE:ClassII:TIR:CACTA	DNA/CMC-EnSpm;MITE/DTC	15.250000476837158	0.9777614601909158	0.020098846787479408	False	3.7559127105745596
26266	1	1	rm2:rnd-1_family-380	rm2	True	1	330	80	rm2:rnd-1_family-380	80	627.0	len_inconsistent	627-627	repeat:TE:ClassII:TIR:hAT	DNA/hAT	3.5	0.83672136187219	0.022287976021212005	False	3.7398113488641336
609	2	2	edta:TE_00003160;rm2:rnd-5_family-1827	edta,rm2	True	1	347	6	rm2:rnd-5_family-1827	6	628.0	ok	628-628	repeat:TE:ClassI:LINE:RTE	LINE/Rex-Babar	10.199999809265137	0.9573997472136045	0.0002298058140870964	False	3.7355509975972483
546	2	2	edta:TE_00003255;rm2:rnd-5_family-1867	edta,rm2	True	1	233	6	rm2:rnd-5_family-1867	6	1445.0	len_inconsistent	1445-1445	repeat:TE:ClassI:LINE:L1	LINE/L1-Tx1	9.949999809265137	0.9557169135443896	0.025171846258108237	False	3.7338681639280336
26540	1	1	rm2:rnd-4_family-3249	rm2	True	1	561	116	rm2:rnd-4_family-3249	116	213.0	ok	213-213	repeat:TE:ClassII:TIR:Mutator	Unknown	7.699999809265137	0.6571653730633122	0.01103280102298748	False	3.721623362290231
26215	1	1	rm2:rnd-1_family-123	rm2	True	1	1149	65	rm2:rnd-1_family-123	65	550.0	len_inconsistent+weak_5p+weak_3p	550-550	repeat:TE:ClassII:TIR:Mutator	Unknown	16.100000381469727	0.8999086030325045	0.039039003851171365	True	3.7128219596753604
438	3	2	edta:TE_00003074;edta:TE_00003308;rm2:rnd-5_family-7345	edta,rm2	True	1	342	5	rm2:rnd-5_family-7345	5	667.0	weak_5p	667-667	repeat:TE:ClassI:LINE:RTE	LINE/RTE-BovB	9.600000381469727	0.9994736842105263	0.0003508771929824561	False	3.6984436885465453
775	2	2	edta:TE_00003115;rm2:rnd-3_family-76	edta,rm2	True	1	279	5	rm2:rnd-3_family-76	5	589.0	len_inconsistent+weak_5p	589-589	repeat:TE:ClassI:LINE:Jockey	LINE/L2	14.299999713897705	0.9986709982279977	0.0	False	3.6976410025640165
427	3	2	edta:TE_00001114;rm2:ltr-1_family-529;rm2:ltr-1_family-530	edta,rm2	True	1	73	5	rm2:ltr-1_family-529	5	445.0	ok	445-1302	repeat:TE:ClassI:LTR	LTR/Gypsy;LTR/Pao;LTR/Unknown	2.5999999046325684	0.9975169515805559	0.0010505204851494604	True	3.6964869559165745
658	2	2	edta:TE_00003310;rm2:rnd-5_family-12214	edta,rm2	True	1	265	5	rm2:rnd-5_family-12214	5	1021.0	len_inconsistent+weak_3p	1021-1021	repeat:TE:ClassI:LINE:RTE	LINE/Rex-Babar	7.700000047683716	0.994882250145627	0.006897662309777504	False	3.6938522544816457
555	2	2	edta:TE_00002968;rm2:rnd-1_family-247	edta,rm2	True	1	876	6	rm2:rnd-1_family-247	6	285.0	len_inconsistent+weak_5p	285-285	repeat:TE:ClassI:LINE:Jockey	LINE/L2	10.925000190734863	0.9135465717239003	0.012633513265188929	False	3.6916978221075443
587	2	2	edta:TE_00003191;rm2:rnd-4_family-505	edta,rm2	True	1	315	5	rm2:rnd-4_family-505	5	1037.0	len_inconsistent	1037-1037	repeat:TE:ClassI:LINE:Jockey	LINE/L2	9.899999618530273	0.9921826291304974	0.019759244160951515	False	3.6911526334665163
26556	1	1	rm2:rnd-4_family-3814	rm2	True	1	495	65	rm2:rnd-4_family-3814	65	262.0	len_inconsistent	262-262	repeat:TE:ClassII:TIR:hAT	DNA/hAT-Ac	9.5	0.8780868850212417	0.025489927367411264	False	3.6910002416640975
26318	1	1	rm2:rnd-1_family-555	rm2	True	1	168	114	rm2:rnd-1_family-555	114	567.0	len_inconsistent	567-567	repeat:TE:ClassII:TIR:Kolobok	Unknown	1.8499999046325684	0.6253738007929313	0.026994844593588894	True	3.682278652129404
26256	1	1	rm2:rnd-1_family-340	rm2	True	1	783	95	rm2:rnd-1_family-340	95	385.0	len_inconsistent	385-385	repeat:TE:ClassII:TIR:Tc1Mariner	DNA/TcMar-Tc1	10.600000381469727	0.704179732241771	0.0038023170663011433	False	3.6819033375306187
767	2	2	edta:TE_00003241;rm2:rnd-4_family-570	edta,rm2	True	1	185	5	rm2:rnd-4_family-570	5	328.0	weak_5p	328-328	repeat:TE:ClassI:LINE:RTE	LINE/Rex-Babar	9.724999904632568	0.9827788296817239	0.03650223557868504	False	3.6817488340177427
631	2	2	edta:TE_00003201;rm2:rnd-5_family-3307	edta,rm2	True	1	119	5	rm2:rnd-5_family-3307	5	838.0	len_inconsistent	838-838	repeat:TE:ClassI:LINE:L1	LINE/L1-Tx1	8.474999904632568	0.980837300134261	0.015195898938117906	False	3.6798073044702795
763	2	2	edta:TE_00000567;rm2:ltr-1_family-507	edta,rm2	True	1	34	5	rm2:ltr-1_family-507	5	411.0	ok	411-411	repeat:TE:ClassI:LTR	LTR/Gypsy;LTR/Unknown	5.875	0.9768243403850725	0.0	True	3.6757943447210915
484	2	2	edta:TE_00003230;rm2:rnd-4_family-108	edta,rm2	True	1	451	5	rm2:rnd-4_family-108	5	380.0	len_inconsistent+weak_5p	380-380	repeat:TE:ClassI:LINE:RTE	LINE/Rex-Babar	13.0	0.9731356371318107	0.0038662361991310935	False	3.6721056414678293
585	2	2	edta:TE_00003263;rm2:rnd-4_family-1952	edta,rm2	True	1	256	5	rm2:rnd-4_family-1952	5	1001.0	ok	1001-1001	repeat:TE:ClassI:LINE:L1	LINE/L1	9.0	0.9726237360298031	0.019159127195316657	False	3.6715937403658216
26873	1	1	rm2:rnd-5_family-2361	rm2	True	1	110	47	rm2:rnd-5_family-2361	47	70.0	len_inconsistent	70-70	repeat:TE:ClassII:TIR:hAT	DNA/hAT-Charlie	12.199999809265137	0.9977139124755062	0.0031025473546701502	False	3.669811770411224
687	2	2	edta:TE_00003088;rm2:rnd-4_family-248	edta,rm2	True	1	1161	5	rm2:rnd-4_family-248	5	640.0	len_inconsistent+weak_5p	640-640	repeat:TE:ClassI:LINE:Jockey	LINE/L2	12.974999904632568	0.9621760343772847	0.00441652616344131	False	3.6611460387133032
778	2	2	edta:TE_00003249;rm2:rnd-5_family-1610	edta,rm2	True	1	130	5	rm2:rnd-5_family-1610	5	352.0	ok	352-352	repeat:TE:ClassI:LINE:RTE	LINE/Rex-Babar	14.449999809265137	0.9613521695257315	0.004060612062989006	False	3.66032217386175
394	3	2	edta:TE_00001232;edta:TE_00002756;rm2:rnd-5_family-2226	edta,rm2	True	1	298	5	rm2:rnd-5_family-2226	5	4136.0	ok	4136-4136	repeat:TE:ClassII:TIR:CACTA	DNA/DTC;DNA/DTM;DNA/PiggyBac	10.850000381469727	0.9591618346066745	0.01803966104656242	False	3.658131838942693
26807	1	1	rm2:rnd-5_family-1913	rm2	True	1	277	86	rm2:rnd-5_family-1913	86	109.0	len_inconsistent	109-109	repeat:TE:ClassII:TIR:CACTA	Unknown	6.199999809265137	0.722351780428738	0.011660238586420306	True	3.6568502316723057
26882	1	1	rm2:rnd-5_family-24330	rm2	True	1	117	106	rm2:rnd-5_family-24330	106	61.0	len_inconsistent	61-61	repeat:TE:ClassI:PLE	Unknown	8.5	0.6290218374466986	0.0015505879312572683	True	3.654327702711469
603	2	2	edta:TE_00003293;rm2:rnd-5_family-7689	edta,rm2	True	1	180	5	rm2:rnd-5_family-7689	5	377.0	len_inconsistent	377-377	repeat:TE:ClassI:LINE:RTE	LINE/Rex-Babar	13.574999809265137	0.9525575946895743	0.13358752166377816	False	3.6515275990255933
26480	1	1	rm2:rnd-4_family-1897	rm2	True	1	320	45	rm2:rnd-4_family-1897	45	249.0	len_inconsistent	249-249	repeat:TE:ClassII:TIR:Tc1Mariner	DNA/TcMar-Tc1	9.699999809265137	0.9967822177594194	0.00960770442045688	False	3.6499947315347634
26502	1	1	rm2:rnd-4_family-2385	rm2	True	1	198	45	rm2:rnd-4_family-2385	45	288.0	ok	288-288	repeat:TE:ClassII:TIR:hAT	DNA/hAT-Ac	9.300000190734863	0.9906297732346375	0.003554223945482317	False	3.6438422870099814
559	2	2	edta:TE_00000793;rm2:rnd-4_family-465	edta,rm2	True	1	2373	5	rm2:rnd-4_family-465	5	719.0	len_inconsistent+weak_5p	719-719	repeat:TE:ClassII:TIR:CACTA	DNA/DTC;Unknown	17.09999990463257	0.9203187838984614	0.007535160589398375	True	3.6192887882344804
363	3	2	edta:TE_00002925;rm2:rnd-4_family-844;rm2:rnd-5_family-3676	edta,rm2	True	1	1461	7	rm2:rnd-5_family-3676	7	2351.0	len_inconsistent	1334-2351	repeat:TE:ClassI:PLE	LINE/Penelope;Unknown;unknown	14.399999618530273	0.7710123468305138	0.1355337508414761	False	3.616110386844771
627	2	2	edta:TE_00003320;rm2:rnd-4_family-2976	edta,rm2	True	1	385	6	rm2:rnd-4_family-2976	6	5650.0	len_inconsistent	5650-5650	repeat:TE:ClassI:LINE:L1	LINE/L1	17.77500009536743	0.8151656757035233	0.006649557725039906	False	3.593316926087167
26425	1	1	rm2:rnd-4_family-103	rm2	True	1	1015	41	rm2:rnd-4_family-103	41	1152.0	len_inconsistent	1152-1152	repeat:TE:ClassII:TIR:hAT	DNA/hAT-hAT5	10.199999809265137	0.9654402691210338	0.05861085129962509	False	3.5782241258407694
626	2	2	edta:TE_00003302;rm2:rnd-4_family-4714	edta,rm2	True	1	256	6	rm2:rnd-4_family-4714	6	973.0	len_inconsistent+weak_5p	973-973	repeat:TE:ClassI:LINE:L1	LINE/L1	7.200000047683716	0.7891831238779174	0.09535457809694793	False	3.567334374261561
26847	1	1	rm2:rnd-5_family-2182	rm2	True	1	277	75	rm2:rnd-5_family-2182	75	175.0	ok	175-175	repeat:TE:ClassII:TIR:hAT	Unknown	15.0	0.6914308703231863	0.023043225604577354	False	3.5664921337148865
26856	1	1	rm2:rnd-5_family-2238	rm2	True	1	334	77	rm2:rnd-5_family-2238	77	126.0	ok	126-126	repeat:TE:ClassII:TIR:PIFHarbinger	Unknown	12.899999618530273	0.6759219245174302	0.006626332469029098	False	3.562412649689912
26499	1	1	rm2:rnd-4_family-2352	rm2	True	1	578	37	rm2:rnd-4_family-2352	37	196.0	ok	196-196	repeat:TE:ClassII:TIR:hAT	DNA/hAT-Tip100	11.800000190734863	0.9797025850282902	0.0031550385966388323	False	3.5479043090952853
27152	1	1	rm2:rnd-5_family-6873	rm2	True	1	137	46	rm2:rnd-5_family-6873	46	114.0	ok	114-114	repeat:TE:ClassI:LINE:Jockey	LINE/L2	10.800000190734863	0.8802929539523529	0.005976934085360721	False	3.5430507856339273
26865	1	1	rm2:rnd-5_family-2296	rm2	True	1	478	51	rm2:rnd-5_family-2296	51	257.0	len_inconsistent	257-257	repeat:TE:ClassII	Unknown	12.399999618530273	0.830562254093159	0.0031888564538647035	False	3.5381324301910952
27225	1	1	rm2:rnd-5_family-894	rm2	True	1	329	81	rm2:rnd-5_family-894	81	160.0	len_inconsistent	160-160	repeat:TE:ClassII:TIR:PIFHarbinger	Unknown	14.300000190734863	0.6287253336220664	0.0037896218498768373	False	3.5372103525007157
26307	1	1	rm2:rnd-1_family-513	rm2	True	1	1360	69	rm2:rnd-1_family-513	69	252.0	weak_5p	252-252	repeat:TE:ClassII:TIR:CACTA	Unknown	13.899999618530273	0.6925674466333361	0.018596298638538546	True	3.5314165373705912
26929	1	1	rm2:rnd-5_family-30	rm2	True	1	379	64	rm2:rnd-5_family-30	64	201.0	len_inconsistent+weak_5p	201-201	repeat:TE:ClassII:TIR:Mutator	Unknown	17.5	0.7193091838643307	0.003117401334247771	True	3.525489157848218
518	2	2	edta:TE_00003190;rm2:rnd-5_family-825	edta,rm2	True	1	807	6	rm2:rnd-5_family-825	6	11533.0	len_inconsistent	11533-11533	repeat:TE:ClassI:LINE:RTE	LINE/RTE-BovB;RC/Helitron	9.850000023841858	0.7236545686595858	0.022063447219969196	False	3.5018058190432297
26294	1	1	rm2:rnd-1_family-473	rm2	True	1	155	34	rm2:rnd-1_family-473	34	366.0	len_inconsistent	366-366	repeat:TE:ClassI:LINE:Jockey	LINE/L2	21.799999237060547	0.9605911330049262	0.006468020345228083	False	3.4920700500471815
26684	1	1	rm2:rnd-5_family-12107	rm2	True	1	293	63	rm2:rnd-5_family-12107	63	128.0	len_inconsistent	128-128	repeat:TE:ClassII:Helitron	Unknown	9.699999809265137	0.6823853211009174	0.016256880733944955	True	3.481725870554499
27043	1	1	rm2:rnd-5_family-48	rm2	True	1	823	56	rm2:rnd-5_family-48	56	208.0	len_inconsistent+weak_5p	208-208	repeat:TE:ClassII:TIR:hAT	DNA/hAT-Ac	15.199999809265137	0.7260868188582466	0.006585821486242599	False	3.4742748458644472
26435	1	1	rm2:rnd-4_family-1155	rm2	True	1	284	31	rm2:rnd-4_family-1155	31	143.0	len_inconsistent+weak_5p	143-143	repeat:TE:ClassI:LINE:RTE	LINE/Rex-Babar	17.299999237060547	0.981783511846803	0.0037731256085686464	False	3.4731452056810754
27017	1	1	rm2:rnd-5_family-4408	rm2	True	1	218	43	rm2:rnd-5_family-4408	43	338.0	ok	338-338	repeat:TE:ClassII	DNA/hAT-Charlie	7.75	0.8396426804783659	0.0011057118747635813	False	3.473111136057952
26652	1	1	rm2:rnd-5_family-1084	rm2	True	1	145	31	rm2:rnd-5_family-1084	31	185.0	ok	185-185	repeat:TE:ClassII:TIR:Tc1Mariner	DNA/TcMar-Tc1	12.399999618530273	0.9814802522402921	0.004513773647527381	False	3.4728419460745648
26255	1	1	rm2:rnd-1_family-339	rm2	True	1	211	37	rm2:rnd-1_family-339	37	400.0	len_inconsistent+weak_5p	400-400	repeat:TE:ClassII:TIR:CACTA	Unknown	7.900000095367432	0.897685066224392	0.0035039360882057513	True	3.4658867902913872
26347	1	1	rm2:rnd-3_family-1175	rm2	True	1	849	31	rm2:rnd-3_family-1175	31	392.0	len_inconsistent+weak_5p	392-392	repeat:TE:ClassI:PLE	LINE/Penelope	16.5	0.9646064960916638	0.013084429771325921	False	3.4559681899259367
27191	1	1	rm2:rnd-5_family-7846	rm2	True	1	151	28	rm2:rnd-5_family-7846	28	264.0	ok	264-264	repeat:TE:ClassII:TIR	DNA/IS3EU	10.600000381469727	0.9867333205152855	0.0496539127090944	False	3.433891351857505
26777	1	1	rm2:rnd-5_family-172	rm2	True	1	78	27	rm2:rnd-5_family-172	27	102.0	ok	102-102	repeat:TE:ClassII:TIR:PIFHarbinger	DNA/PIF-Harbinger	11.5	0.9980332558555337	0.0121580547112462	False	3.429397020014521
26222	1	1	rm2:rnd-1_family-149	rm2	True	1	312	37	rm2:rnd-1_family-149	37	159.0	len_inconsistent	159-159	repeat:TE:ClassII:TIR:Mutator	Unknown	10.050000190734863	0.8548262216104611	0.02740020646937371	False	3.423027945677456
26645	1	1	rm2:rnd-5_family-1062	rm2	True	1	938	30	rm2:rnd-5_family-1062	30	282.0	len_inconsistent	282-282	repeat:TE:ClassII:TIR:hAT	DNA/hAT-Charlie	20.5	0.9458326790201005	0.13111455716080403	False	3.422953933739763
14585	1	1	pantera:hAT_54-fGobNig	pantera	True	1	884	60	pantera:hAT_54-fGobNig	60	666.0	len_inconsistent	666-666	repeat:TE:ClassI:SINE:5S	Unknown	13.550000190734863	0.6422076683410695	0.006676416354040821	False	3.4203589187247134
14584	1	1	pantera:hAT_53-fGobNig	pantera	True	1	975	59	pantera:hAT_53-fGobNig	59	676.0	len_inconsistent	676-676	repeat:TE:ClassI:SINE:5S	Unknown	14.699999809265137	0.6475356031850225	0.0027160211954298545	False	3.4183876148271666
26860	1	1	rm2:rnd-5_family-2281	rm2	True	1	87	26	rm2:rnd-5_family-2281	26	188.0	ok	188-188	repeat:TE:ClassII	DNA	8.100000381469727	0.9965793693212186	0.20748262960983432	True	3.411552717292037
26604	1	1	rm2:rnd-4_family-65	rm2	True	1	318	25	rm2:rnd-4_family-65	25	520.0	len_inconsistent	520-520	repeat:TE:ClassII:TIR:hAT	DNA/hAT-Ac	10.800000190734863	0.9942348008385744	0.00504454926624738	False	3.392174809510612
26595	1	1	rm2:rnd-4_family-6	rm2	True	1	384	42	rm2:rnd-4_family-6	42	198.0	len_inconsistent+weak_3p	198-198	repeat:TE:ClassII:TIR:CACTA	Unknown	11.949999809265137	0.764618588285981	0.006654060652480911	False	3.3878678786838816
26864	1	1	rm2:rnd-5_family-2294	rm2	True	1	209	28	rm2:rnd-5_family-2294	28	696.0	len_inconsistent	696-696	repeat:TE:ClassI:LINE:Jockey	LINE/L2	10.0	0.9350151895390305	0.008704266279223351	False	3.38217322088125
26679	1	1	rm2:rnd-5_family-1190	rm2	True	1	143	25	rm2:rnd-5_family-1190	25	312.0	len_inconsistent	312-312	repeat:TE:ClassI:LINE:L1	LINE/L1	12.800000190734863	0.9824349922507318	0.0022817289478215944	False	3.3803750009227693
26687	1	1	rm2:rnd-5_family-1218	rm2	True	1	289	25	rm2:rnd-5_family-1218	25	756.0	len_inconsistent	756-756	repeat:TE:ClassI:LINE:Jockey	LINE/L2	17.399999618530273	0.9817733786704478	0.010255916080450435	False	3.3797133873424854
26401	1	1	rm2:rnd-3_family-668	rm2	True	1	945	56	rm2:rnd-3_family-668	56	477.0	len_inconsistent	477-477	repeat:TE:ClassII:Helitron	Unknown	13.600000381469727	0.6266364756584997	0.006298828430422028	False	3.3748245026647004
27249	1	1	rm2:rnd-5_family-991	rm2	True	1	312	25	rm2:rnd-5_family-991	25	186.0	ok	186-186	repeat:TE:ClassII:TIR:hAT	DNA/hAT-Charlie	17.25	0.9685687692417843	0.011455573852652681	False	3.366508777913822
14563	1	1	pantera:Unknown_402-fGobNig	pantera	True	1	227	28	pantera:Unknown_402-fGobNig	28	489.0	len_inconsistent	489-489	repeat:TE:ClassII	DNA	17.899999618530273	0.9178402166553825	0.00027081922816519973	True	3.364998247997602
26279	1	1	rm2:rnd-1_family-437	rm2	True	1	286	24	rm2:rnd-1_family-437	24	330.0	len_inconsistent+weak_5p	330-330	repeat:TE:ClassII:TIR:hAT	DNA/hAT-Ac	9.300000190734863	0.9797937735474915	0.02062264525084275	False	3.3600050152590972
14559	1	1	pantera:Unknown_298-fGobNig	pantera	True	1	662	40	pantera:Unknown_298-fGobNig	40	705.0	len_inconsistent	705-705	repeat:TE:ClassI:SINE:5S	Unknown	12.199999809265137	0.7567518366816202	0.03053117482608413	False	3.358811828009583
27130	1	1	rm2:rnd-5_family-6296	rm2	True	1	485	23	rm2:rnd-5_family-6296	23	427.0	len_inconsistent+weak_5p	427-427	repeat:TE:ClassII:TIR:CACTA	DNA/CMC-EnSpm	8.600000381469727	0.9959823222177582	0.0047988929065666715	False	3.357710158235351
27061	1	1	rm2:rnd-5_family-515	rm2	True	1	2000	30	rm2:rnd-5_family-515	30	560.0	len_inconsistent	560-560	repeat:TE:ClassII:TIR:hAT	DNA/hAT-hAT5	15.899999618530273	0.8749853571679591	0.2656373731930745	False	3.3521066118876215
26432	1	1	rm2:rnd-4_family-1102	rm2	True	1	282	21	rm2:rnd-4_family-1102	21	279.0	len_inconsistent	279-279	repeat:TE:ClassII:TIR:hAT	DNA/hAT	16.150001525878906	0.9923085065095438	0.0035987721836079453	False	3.3145278012434636
26630	1	1	rm2:rnd-4_family-96	rm2	True	1	588	21	rm2:rnd-4_family-96	21	364.0	len_inconsistent	364-364	repeat:TE:ClassII:TIR:hAT	DNA/hAT-Charlie	15.75	0.9821984050675867	0.010929811662236298	False	3.3044176998015065
26869	1	1	rm2:rnd-5_family-2335	rm2	True	1	217	33	rm2:rnd-5_family-2335	33	252.0	len_inconsistent	252-252	repeat:TE:ClassII:TIR:CACTA	Unknown	14.199999809265137	0.7812116752514103	0.008124846701005642	True	3.2997256151292977
14552	1	1	pantera:Unknown_114-fGobNig	pantera	True	1	930	44	pantera:Unknown_114-fGobNig	44	1254.0	len_inconsistent+weak_5p	1254-1254	repeat:TE:ClassII	DNA	9.199999809265137	0.6548672566371682	0.011194846618093123	True	3.2983199331233557
26176	1	1	rm2:ltr-1_family-452	rm2	True	1	54	20	rm2:ltr-1_family-452	20	402.0	len_inconsistent	402-402	repeat:TE:ClassI:LTR	LTR/Unknown	8.0	0.9820677440779279	0.0025828352151132756	True	3.283097739741909
26393	1	1	rm2:rnd-3_family-508	rm2	True	1	204	19	rm2:rnd-3_family-508	19	199.0	len_inconsistent+weak_3p	199-199	repeat:TE:ClassII:TIR:hAT	DNA/hAT-Ac	15.050000190734863	0.9752570425478558	0.007105241160244086	False	3.254010643500685
26331	1	1	rm2:rnd-1_family-617	rm2	True	1	708	20	rm2:rnd-1_family-617	20	774.0	len_inconsistent	774-774	repeat:TE:ClassII:TIR:Mutator	Unknown	7.800000190734863	0.9524314454852685	0.0181564562589308	False	3.2534614411492497
26938	1	1	rm2:rnd-5_family-315	rm2	True	1	1182	27	rm2:rnd-5_family-315	27	463.0	len_inconsistent	463-463	repeat:TE:ClassI:DIRS	LTR/Ngaro	12.199999809265137	0.8208394160583942	0.007240875912408759	False	3.2522031802173816
27069	1	1	rm2:rnd-5_family-5200	rm2	True	1	108	21	rm2:rnd-5_family-5200	21	515.0	len_inconsistent	515-515	repeat:TE:ClassI:LINE:Jockey	LINE/L2	22.049999237060547	0.9206324744174578	0.000523979780544939	False	3.242851769151377
26149	1	1	rm2:ltr-1_family-283	rm2	True	1	44	17	rm2:ltr-1_family-283	17	477.0	len_inconsistent	477-477	repeat:TE:ClassI:LTR	LTR/Unknown	19.099998474121094	0.9978556777922805	0.010162222636584001	True	3.2283045991705546
26963	1	1	rm2:rnd-5_family-344	rm2	True	1	717	18	rm2:rnd-5_family-344	18	721.0	len_inconsistent	721-721	repeat:TE:ClassII:TIR:hAT	DNA/hAT-Ac	7.400000095367432	0.9600242639645952	0.03869418860960648	False	3.2152967690679013
27003	1	1	rm2:rnd-5_family-4144	rm2	True	1	280	17	rm2:rnd-5_family-4144	17	378.0	len_inconsistent	378-378	repeat:TE:ClassII:TIR:PIFHarbinger	DNA/PIF-Harbinger	12.800000190734863	0.9781646010304972	0.00799331569419301	False	3.208613522408771
26362	1	1	rm2:rnd-3_family-232	rm2	True	1	718	20	rm2:rnd-3_family-232	20	662.0	len_inconsistent+weak_3p	662-662	repeat:TE:ClassII:TIR:hAT	DNA/hAT-Ac	15.300000190734863	0.9046081419561216	0.002368953133959019	False	3.205638137620103
26607	1	1	rm2:rnd-4_family-682	rm2	True	1	632	28	rm2:rnd-4_family-682	28	1082.0	len_inconsistent	1082-1082	repeat:TE:ClassII:TIR:hAT	DNA/hAT-Charlie	12.899999618530273	0.7555956658144818	0.0034049434312491814	False	3.202753697156701
26539	1	1	rm2:rnd-4_family-321	rm2	True	1	763	16	rm2:rnd-4_family-321	16	660.0	ok	660-660	repeat:TE:ClassII:TIR:Tc1Mariner	DNA/TcMar-Tc1	4.400000095367432	0.9940896988615497	0.22328314359162688	False	3.1982096815174748
27014	1	1	rm2:rnd-5_family-437	rm2	True	1	174	18	rm2:rnd-5_family-437	18	421.0	len_inconsistent	421-421	repeat:TE:ClassII:TIR:hAT	DNA/hAT-Charlie	9.850000381469727	0.9390486761777285	0.016029512585289413	False	3.1943211812810346
26312	1	1	rm2:rnd-1_family-537	rm2	True	1	117	33	rm2:rnd-1_family-537	33	472.0	len_inconsistent	472-472	repeat:TE:ClassII:TIR:Tc1Mariner	DNA/TcMar-Tc1	5.400000095367432	0.6715104545087592	0.005947095072791367	False	3.1900243943866466
26782	1	1	rm2:rnd-5_family-1758	rm2	True	1	143	16	rm2:rnd-5_family-1758	16	230.0	ok	230-230	repeat:TE:ClassII:TIR:hAT	DNA/hAT-Charlie	12.5	0.9825544814963107	0.002059143167648573	False	3.1866744641522358
26956	1	1	rm2:rnd-5_family-3390	rm2	True	1	152	17	rm2:rnd-5_family-3390	17	512.0	len_inconsistent	512-512	repeat:TE:ClassI:LINE:RTE	LINE/Rex-Babar	10.199999809265137	0.9558460688639293	0.007622905542257411	False	3.1862949902422035
26695	1	1	rm2:rnd-5_family-12332	rm2	True	1	157	16	rm2:rnd-5_family-12332	16	238.0	ok	238-238	repeat:TE:ClassII:TIR:hAT	DNA/hAT-Tip100	11.600000381469727	0.9817827331992932	0.00012185462742947664	False	3.1859027158552182
14580	1	1	pantera:hAT_25-fGobNig	pantera	True	1	1201	37	pantera:hAT_25-fGobNig	37	1430.0	ok	1430-1430	repeat:TE:ClassII	DNA	10.0	0.6167430734254379	0.02212256726709471	True	3.1849447974924328
26230	1	1	rm2:rnd-1_family-187	rm2	True	1	2563	31	rm2:rnd-1_family-187	31	2404.0	len_inconsistent	2404-2404	repeat:TE:ClassII:TIR:Mutator	Unknown	17.700000762939453	0.6934699070691093	0.09276755241869622	False	3.184831600903382
26619	1	1	rm2:rnd-4_family-793	rm2	True	1	126	29	rm2:rnd-4_family-793	29	331.0	len_inconsistent	331-331	repeat:TE:ClassI:LINE:Jockey	LINE/L2	6.800000190734863	0.712185739799423	0.005861611027155745	False	3.174583737698379
26159	1	1	rm2:ltr-1_family-394	rm2	True	1	82	15	rm2:ltr-1_family-394	15	275.0	len_inconsistent	275-275	repeat:TE:ClassI:LTR	LTR/Unknown	3.0999999046325684	0.9957810993249759	0.18587270973963355	True	3.171872358380657
26233	1	1	rm2:rnd-1_family-21	rm2	True	1	164	18	rm2:rnd-1_family-21	18	247.0	len_inconsistent	247-247	repeat:TE:ClassI:SINE:5S	SINE/5S	13.699999809265137	0.903727813660174	0.11870009662818491	False	3.15900031876348
26416	1	1	rm2:rnd-3_family-93	rm2	True	1	438	18	rm2:rnd-3_family-93	18	135.0	weak_3p	135-135	repeat:TE:ClassI:PLE	PLE	18.5	0.8976650909611803	0.0008594757198109154	False	3.1529375960644863
26756	1	1	rm2:rnd-5_family-1595	rm2	True	1	349	29	rm2:rnd-5_family-1595	29	457.0	len_inconsistent	457-457	repeat:TE:ClassI:LINE:Jockey	LINE/L2	13.0	0.6892463041939987	0.04023790854673067	False	3.1516443020929548
26521	1	1	rm2:rnd-4_family-2831	rm2	True	1	297	15	rm2:rnd-4_family-2831	15	607.0	weak_5p	607-607	repeat:TE:ClassII:TIR:hAT	DNA/hAT-Charlie	9.5	0.9748872594581569	0.0012220730489861957	False	3.1509785185138384
26447	1	1	rm2:rnd-4_family-1287	rm2	True	1	516	27	rm2:rnd-4_family-1287	27	624.0	len_inconsistent	624-624	repeat:TE:ClassII:TIR:PIFHarbinger	DNA/PIF-ISL2EU	8.699999809265137	0.7173934867285066	0.06098662811709433	False	3.1487572508874937
26852	1	1	rm2:rnd-5_family-22035	rm2	True	1	2660	22	rm2:rnd-5_family-22035	22	915.0	len_inconsistent+weak_5p	915-915	repeat:TE:ClassI:LTR	Unknown	17.100000381469727	0.8033837787011271	0.17977356764380742	False	3.1458064595233335
14550	1	1	pantera:Unknown_108-fGobNig	pantera	True	1	1378	30	pantera:Unknown_108-fGobNig	30	1276.0	len_inconsistent+weak_3p	1276-1276	repeat:TE:ClassII	DNA	10.5	0.6676381531828592	0.011778387616028818	True	3.144759407902522
26913	1	1	rm2:rnd-5_family-2804	rm2	True	1	225	15	rm2:rnd-5_family-2804	15	6095.0	len_inconsistent	6095-6095	repeat:TE:ClassI:DIRS	LTR/DIRS	8.100000381469727	0.9637864435860622	0.01220601766449898	False	3.1398777026417437
26151	1	1	rm2:ltr-1_family-301	rm2	True	1	17	14	rm2:ltr-1_family-301	14	137.0	ok	137-137	repeat:TE:ClassI:LTR	LTR/Unknown	2.299999952316284	0.9854651162790697	0.0	True	3.1315931519573077
26384	1	1	rm2:rnd-3_family-400	rm2	True	1	586	15	rm2:rnd-3_family-400	15	610.0	len_inconsistent+weak_3p	610-610	repeat:TE:ClassII:TIR:CACTA	Unknown	7.599999904632568	0.9512927176030751	0.01264508752266111	True	3.1273839766587566
14570	1	1	pantera:Unknown_56-fGobNig	pantera	True	1	514	21	pantera:Unknown_56-fGobNig	21	1630.0	len_inconsistent	1630-1630	repeat:TE:ClassII	DNA	18.799999237060547	0.7982595379932398	0.02395936432052886	True	3.1204788327271595
26697	1	1	rm2:rnd-5_family-1241	rm2	True	1	606	21	rm2:rnd-5_family-1241	21	488.0	len_inconsistent	488-488	repeat:TE:ClassII	Unknown	24.549999237060547	0.7926526136225174	0.001449981722919459	False	3.114871908356437
26418	1	1	rm2:rnd-3_family-98	rm2	True	1	1554	21	rm2:rnd-3_family-98	21	735.0	len_inconsistent+weak_3p	735-735	repeat:TE:ClassII:TIR:hAT	DNA/hAT-Charlie	16.299999237060547	0.7923271930822202	0.004549240020104706	False	3.1145464878161397
27216	1	1	rm2:rnd-5_family-86	rm2	True	1	213	14	rm2:rnd-5_family-86	14	400.0	ok	400-400	repeat:TE:ClassII:TIR:hAT	DNA/hAT-Tip100	13.800000190734863	0.9679507365032715	0.002274238130226374	False	3.1140787721815095
14577	1	1	pantera:Unknown_81-fGobNig	pantera	True	1	2090	20	pantera:Unknown_81-fGobNig	20	1403.0	len_inconsistent	1403-1403	repeat:TE:ClassI:LINE:Jockey	Unknown	10.800000190734863	0.7800738147420754	0.01810738242298314	True	3.0811038104060566
26198	1	1	rm2:ltr-1_family-519	rm2	True	1	19	12	rm2:ltr-1_family-519	12	191.0	ok	191-191	repeat:TE:ClassI:LTR	LTR/Unknown	10.300000190734863	0.998989218328841	0.0010107816711590297	True	3.0781704643764662
26332	1	1	rm2:rnd-1_family-76	rm2	True	1	121	13	rm2:rnd-1_family-76	13	157.0	len_inconsistent	157-157	repeat:TE:ClassII:TIR:Tc1Mariner	DNA/TcMar-Tc1	11.699999809265137	0.9632020036605337	0.019651286003275214	False	3.0771453559673705
26360	1	1	rm2:rnd-3_family-205	rm2	True	1	220	12	rm2:rnd-3_family-205	12	715.0	len_inconsistent+weak_5p	715-715	repeat:TE:ClassI:LINE:Jockey	LINE/CR1-Zenon	24.700000762939453	0.9945394429229845	0.008850444192104736	False	3.0737206889706097
26670	1	1	rm2:rnd-5_family-11426	rm2	True	1	277	12	rm2:rnd-5_family-11426	12	503.0	len_inconsistent	503-503	repeat:TE:ClassII:TIR:PIFHarbinger	DNA/PIF-ISL2EU	14.199999809265137	0.9925901137776078	0.007362080504828378	False	3.0717713598252328
26504	1	1	rm2:rnd-4_family-2415	rm2	True	1	886	13	rm2:rnd-4_family-2415	13	745.0	len_inconsistent	745-745	repeat:TE:ClassII:TIR:hAT	DNA/hAT-Charlie	13.050000190734863	0.9539023976886636	0.09209836092033799	False	3.0678457499955005
26351	1	1	rm2:rnd-3_family-135	rm2	True	1	742	13	rm2:rnd-3_family-135	13	1015.0	len_inconsistent+weak_5p	1015-1015	repeat:TE:ClassII:TIR:PIFHarbinger	DNA/PIF-Harbinger	15.100000381469727	0.9444937969061112	0.10431919130035228	False	3.0584371492129483
26431	1	1	rm2:rnd-4_family-110	rm2	True	1	255	26	rm2:rnd-4_family-110	26	1712.0	len_inconsistent	1712-1712	repeat:TE:ClassII:TIR:CACTA	Unknown	10.399999618530273	0.6342214389384201	0.13676135185569147	False	3.049194786909238
27149	1	1	rm2:rnd-5_family-6761	rm2	True	1	208	19	rm2:rnd-5_family-6761	19	591.0	len_inconsistent	591-591	repeat:TE:ClassI:LINE:Jockey	LINE/L2	9.899999618530273	0.7669256381798002	0.02547348823887437	False	3.045679239132629
26389	1	1	rm2:rnd-3_family-482	rm2	True	1	1169	19	rm2:rnd-3_family-482	19	167.0	len_inconsistent+weak_3p	167-167	repeat:TE:ClassI:SINE:5S	SINE/5S-Deu-L2	19.100000381469727	0.7663292300783882	0.006062144300510548	False	3.045082831031217
26571	1	1	rm2:rnd-4_family-4323	rm2	True	1	372	20	rm2:rnd-4_family-4323	20	803.0	len_inconsistent	803-803	repeat:TE:ClassI:LINE:Jockey	LINE/L2	16.799999237060547	0.7345581475522869	0.05425476901861641	False	3.035588143216268
26598	1	1	rm2:rnd-4_family-63	rm2	True	1	265	11	rm2:rnd-4_family-63	11	313.0	ok	313-313	repeat:TE:ClassII	DNA	17.799999237060547	0.9897358535214601	0.004111574525985743	True	3.0311285386796856
27164	1	1	rm2:rnd-5_family-704	rm2	True	1	245	15	rm2:rnd-5_family-704	15	344.0	len_inconsistent	344-344	repeat:TE:ClassI:LINE:Jockey	LINE/L2	14.5	0.849787500870898	0.012366752595276248	False	3.0258787599265795
26999	1	1	rm2:rnd-5_family-4015	rm2	True	1	2352	18	rm2:rnd-5_family-4015	18	3139.0	len_inconsistent	3139-3139	repeat:TE:ClassI:SINE:5S	SINE/5S-Deu-L2	16.799999237060547	0.7695751699993267	0.26040958973699835	False	3.0248476751026327
27010	1	1	rm2:rnd-5_family-4267	rm2	True	1	105	13	rm2:rnd-5_family-4267	13	340.0	len_inconsistent	340-340	repeat:TE:ClassI:LINE:Jockey	LINE/L2	11.600000381469727	0.906114314186063	0.004626663819488931	False	3.0200576664929
27067	1	1	rm2:rnd-5_family-5198	rm2	True	1	403	11	rm2:rnd-5_family-5198	11	1922.0	len_inconsistent	1922-1922	repeat:TE:ClassI:LINE:RTE	LINE/Rex-Babar	14.300000190734863	0.9737622385214034	0.047325675281409664	False	3.0151549236796287
27221	1	1	rm2:rnd-5_family-8804	rm2	True	1	388	11	rm2:rnd-5_family-8804	11	1103.0	len_inconsistent	1103-1103	repeat:TE:ClassII:TIR:PiggyBac	DNA/PiggyBac	17.399999618530273	0.972010811579771	0.022032150224055764	False	3.0134034967379963
27075	1	1	rm2:rnd-5_family-5331	rm2	True	1	97	11	rm2:rnd-5_family-5331	11	374.0	len_inconsistent+weak_5p	374-374	repeat:TE:ClassII:TIR:Academ	DNA/Academ-1	10.600000381469727	0.9636163175303197	0.008820286659316428	False	3.005009002688545
26951	1	1	rm2:rnd-5_family-3314	rm2	True	1	91	11	rm2:rnd-5_family-3314	11	291.0	len_inconsistent+weak_5p	291-291	repeat:TE:ClassI:LINE:Jockey	LINE/L2	13.199999809265137	0.960536425228749	0.0018160229098274777	False	3.0019291103869743
26909	1	1	rm2:rnd-5_family-2770	rm2	True	1	159	20	rm2:rnd-5_family-2770	20	431.0	ok	431-431	repeat:TE:ClassI:PLE	Unknown	10.600000381469727	0.6992229038854806	0.03701431492842536	False	3.0002528995494617
26445	1	1	rm2:rnd-4_family-1268	rm2	True	1	582	13	rm2:rnd-4_family-1268	13	604.0	len_inconsistent	604-604	repeat:TE:ClassII:TIR:Tc1Mariner	DNA/TcMar-Tc1	10.0	0.8855896181404952	0.004476135949617446	False	2.999532970447332
26579	1	1	rm2:rnd-4_family-492	rm2	True	1	422	11	rm2:rnd-4_family-492	11	1142.0	len_inconsistent	1142-1142	repeat:TE:ClassII	DNA/TcMar-Tc1	10.75	0.9573360939524616	0.028239214046249513	False	2.998728779110687
26378	1	1	rm2:rnd-3_family-334	rm2	True	1	326	11	rm2:rnd-3_family-334	11	446.0	len_inconsistent	446-446	repeat:TE:ClassII:TIR:PIFHarbinger	DNA/PIF-Harbinger	14.449999809265137	0.9559067110899572	0.01721085197524988	False	2.9972993962481826
27141	1	1	rm2:rnd-5_family-6606	rm2	True	1	87	10	rm2:rnd-5_family-6606	10	95.0	weak_3p	95-95	repeat:TE:ClassI:LINE:RTE	LINE/Rex-Babar	16.700000762939453	0.9948785726086238	0.0	False	2.9948785726086236
27159	1	1	rm2:rnd-5_family-697	rm2	True	1	702	10	rm2:rnd-5_family-697	10	152.0	weak_5p+weak_3p	152-152	repeat:TE:ClassII:TIR:hAT	DNA/hAT	20.450000762939453	0.9940015408885791	0.0012290420809333382	False	2.994001540888579
26181	1	1	rm2:ltr-1_family-480	rm2	True	1	12	10	rm2:ltr-1_family-480	10	152.0	ok	152-152	repeat:TE:ClassI:LTR	LTR/Unknown	6.400000095367432	0.9921875	0.001201923076923077	True	2.9921875
27174	1	1	rm2:rnd-5_family-7258	rm2	True	1	99	10	rm2:rnd-5_family-7258	10	338.0	ok	338-338	repeat:TE:ClassI:LINE:Jockey	LINE/L2	7.400000095367432	0.9884177869700104	0.021509824198552224	False	2.98841778697001
26793	1	1	rm2:rnd-5_family-1839	rm2	True	1	290	22	rm2:rnd-5_family-1839	22	468.0	len_inconsistent	468-468	repeat:TE:ClassII:TIR:CACTA	Unknown	8.100000381469727	0.6348163887279205	0.015367115231901788	False	2.9772390695501265
27180	1	1	rm2:rnd-5_family-748	rm2	True	1	179	10	rm2:rnd-5_family-748	10	412.0	weak_3p	412-412	repeat:TE:ClassI:LINE:RTE	LINE/RTE-BovB	15.800000190734863	0.9763102322902668	0.03447878671530044	False	2.976310232290267
26547	1	1	rm2:rnd-4_family-3479	rm2	True	1	306	11	rm2:rnd-4_family-3479	11	4907.0	ok	4907-4907	repeat:TE:ClassI:DIRS	LTR/DIRS	14.850000381469727	0.9111462964740001	0.010768853490281376	False	2.9525389816322254
14572	1	1	pantera:Unknown_65-fGobNig	pantera	True	1	53	9	pantera:Unknown_65-fGobNig	9	1547.0	ok	1547-1547	repeat:TE:ClassII	DNA	13.5	0.9965875724148877	0.12435520990397587	True	2.9508300818542126
26799	1	1	rm2:rnd-5_family-1862	rm2	True	1	244	9	rm2:rnd-5_family-1862	9	233.0	len_inconsistent+weak_5p	233-233	repeat:TE:ClassII:TIR:PIFHarbinger	DNA/PIF-Harbinger	15.100000381469727	0.9957435588368239	0.0015067048365225253	False	2.9499860682761487
26517	1	1	rm2:rnd-4_family-277	rm2	True	1	154	10	rm2:rnd-4_family-277	10	334.0	len_inconsistent	334-334	repeat:TE:ClassI:LINE:Jockey	LINE/L2	11.899999618530273	0.9489285526246511	0.024903911967567	False	2.9489285526246514
26309	1	1	rm2:rnd-1_family-523	rm2	True	1	159	20	rm2:rnd-1_family-523	20	242.0	weak_5p	242-242	repeat:TE:ClassII	Unknown	4.199999809265137	0.6469456170846785	0.042463372237397566	False	2.94797561274866
26162	1	1	rm2:ltr-1_family-41	rm2	True	1	38	9	rm2:ltr-1_family-41	9	733.0	ok	733-733	repeat:TE:ClassI:LTR	LTR/Unknown	7.350000381469727	0.9931023156511742	0.0	True	2.947344825090499
26468	1	1	rm2:rnd-4_family-1701	rm2	True	1	278	9	rm2:rnd-4_family-1701	9	682.0	ok	682-682	repeat:TE:ClassII:TIR:hAT	DNA/hAT	12.0	0.9915674603174603	0.008489774114774114	False	2.945809969756785
26832	1	1	rm2:rnd-5_family-2076	rm2	True	1	201	9	rm2:rnd-5_family-2076	9	219.0	ok	219-219	repeat:TE:ClassII:TIR:hAT	DNA/hAT-Tip100	8.899999618530273	0.9915176101788677	0.00688425840555658	False	2.9457601196181926
26289	1	1	rm2:rnd-1_family-461	rm2	True	1	380	9	rm2:rnd-1_family-461	9	684.0	ok	684-684	repeat:TE:ClassII:TIR:hAT	DNA/hAT-Ac	5.149999618530273	0.9908736414170746	0.28382975192898036	False	2.9451161508563994
26627	1	1	rm2:rnd-4_family-918	rm2	True	1	472	9	rm2:rnd-4_family-918	9	481.0	ok	481-481	repeat:TE:ClassII	DNA/PIF-Harbinger	14.649999618530273	0.9895972335815648	0.0034149771139138792	False	2.94383974302089
27176	1	1	rm2:rnd-5_family-7289	rm2	True	1	47	9	rm2:rnd-5_family-7289	9	626.0	ok	626-626	repeat:TE:ClassI:LINE:L1	LINE/L1	7.5	0.9889811980760822	0.007783121993878444	False	2.943223707515407
14576	1	1	pantera:Unknown_79-fGobNig	pantera	True	1	135	15	pantera:Unknown_79-fGobNig	15	1406.0	len_inconsistent	1406-1406	repeat:TE:ClassII	DNA	15.600000381469727	0.7670318533661826	0.23992241966766262	True	2.9431231124218638
26248	1	1	rm2:rnd-1_family-304	rm2	True	1	591	9	rm2:rnd-1_family-304	9	762.0	len_inconsistent+weak_3p	762-762	repeat:TE:ClassII:TIR:hAT	DNA/hAT	4.0	0.9879129312449855	0.007700491854745875	False	2.94215544068431
26146	1	1	rm2:ltr-1_family-275	rm2	True	1	28	9	rm2:ltr-1_family-275	9	401.0	len_inconsistent	401-401	repeat:TE:ClassI:LTR	LTR/Unknown	13.75	0.9874464176362523	0.004439681567666871	True	2.9416889270755773
26690	1	1	rm2:rnd-5_family-1224	rm2	True	1	323	9	rm2:rnd-5_family-1224	9	870.0	ok	870-870	repeat:TE:ClassII:TIR:hAT	DNA/hAT-Tip100	8.399999618530273	0.9865152036001125	0.0016563017594299822	False	2.9407577130394373
26723	1	1	rm2:rnd-5_family-1370	rm2	True	1	123	9	rm2:rnd-5_family-1370	9	223.0	weak_5p	223-223	repeat:TE:ClassII:TIR:Tc1Mariner	DNA/TcMar-Tc1	12.800000190734863	0.985632776517495	0.0026122224513645425	False	2.93987528595682
14581	1	1	pantera:hAT_26-fGobNig	pantera	True	1	842	20	pantera:hAT_26-fGobNig	20	1417.0	len_inconsistent	1417-1417	repeat:TE:ClassII	DNA	14.800000190734863	0.6374366901780443	0.01600223720597831	True	2.9384666858420254
26334	1	1	rm2:rnd-1_family-89	rm2	True	1	95	9	rm2:rnd-1_family-89	9	106.0	len_inconsistent+weak_3p	106-106	repeat:TE:ClassII:TIR:hAT	DNA/hAT-Ac	12.800000190734863	0.9831794195250659	0.29650395778364114	False	2.937421928964391
26350	1	1	rm2:rnd-3_family-1311	rm2	True	1	544	9	rm2:rnd-3_family-1311	9	553.0	weak_5p	553-553	repeat:TE:ClassII:TIR:hAT	DNA/hAT-Ac	13.050000190734863	0.9796843421068003	0.004953328894029136	False	2.933926851546125
27237	1	1	rm2:rnd-5_family-94	rm2	True	1	183	9	rm2:rnd-5_family-94	9	185.0	len_inconsistent+weak_5p+weak_3p	185-185	repeat:TE:ClassI:LINE:Jockey	LINE/L2	16.5	0.9770211122554068	0.09095005149330587	False	2.9312636216947316
27228	1	1	rm2:rnd-5_family-9064	rm2	True	1	72	9	rm2:rnd-5_family-9064	9	1020.0	ok	1020-1020	repeat:TE:ClassII:TIR:CACTA	DNA/CMC-EnSpm	16.599998474121094	0.9722281908036098	0.020090244950580146	False	2.9264707002429344
26535	1	1	rm2:rnd-4_family-3113	rm2	True	1	81	9	rm2:rnd-4_family-3113	9	1446.0	len_inconsistent	1446-1446	repeat:TE:ClassI:LINE:Jockey	LINE/L2	11.5	0.969896434749399	0.007773010131871588	False	2.9241389441887238
27145	1	1	rm2:rnd-5_family-6686	rm2	True	1	117	9	rm2:rnd-5_family-6686	9	251.0	weak_3p	251-251	repeat:TE:ClassI:LINE:RTE	LINE/Rex-Babar	10.699999809265137	0.9632415664986429	0.0008530438154323381	False	2.917484075937968
14578	1	1	pantera:Unknown_87-fGobNig	pantera	True	1	97	19	pantera:Unknown_87-fGobNig	19	1359.0	ok	1359-1359	repeat:TE:ClassI:LTR:Gypsy	Unknown	16.399999618530273	0.6346090165097686	0.09716637494678083	True	2.9133626174625977
26417	1	1	rm2:rnd-3_family-979	rm2	True	1	2803	18	rm2:rnd-3_family-979	18	299.0	len_inconsistent+weak_3p	299-299	repeat:TE:ClassI:PLE	PLE	16.700000762939453	0.649467379271413	0.011253583184874011	False	2.904739884374719
26156	1	1	rm2:ltr-1_family-382	rm2	True	1	39	8	rm2:ltr-1_family-382	8	818.0	len_inconsistent	818-818	repeat:TE:ClassI:LTR	LTR/Unknown	15.5	0.9976920740965685	0.12918311569996963	True	2.900782061088512
14555	1	1	pantera:Unknown_191-fGobNig	pantera	True	1	145	8	pantera:Unknown_191-fGobNig	8	1004.0	ok	1004-1004	repeat:TE:ClassII	DNA	6.0	0.9946143684584899	0.010669647393557566	True	2.8977043554504336
26537	1	1	rm2:rnd-4_family-3163	rm2	True	1	293	8	rm2:rnd-4_family-3163	8	887.0	ok	887-887	repeat:TE:ClassII:TIR:PiggyBac	DNA/PiggyBac	10.899999618530273	0.9897066666666666	0.029902222222222222	False	2.89279665365861
27038	1	1	rm2:rnd-5_family-4757	rm2	True	1	185	8	rm2:rnd-5_family-4757	8	292.0	len_inconsistent	292-292	repeat:TE:ClassII:TIR:hAT	DNA/hAT-Tip100	17.899999618530273	0.9865836861704841	0.0017344284038157424	False	2.8896736731624277
27134	1	1	rm2:rnd-5_family-6336	rm2	True	1	74	8	rm2:rnd-5_family-6336	8	608.0	ok	608-608	repeat:TE:ClassI:LTR:BelPao	LTR/Pao	13.300000190734863	0.9831471556789565	0.13023826435074579	False	2.8862371426709
26461	1	1	rm2:rnd-4_family-1484	rm2	True	1	293	10	rm2:rnd-4_family-1484	10	667.0	weak_5p	667-667	repeat:TE:ClassII:TIR:CACTA	Unknown	12.699999809265137	0.884693749608175	0.0034637326813365932	True	2.884693749608175
26763	1	1	rm2:rnd-5_family-1630	rm2	True	1	185	8	rm2:rnd-5_family-1630	8	1065.0	len_inconsistent	1065-1065	repeat:TE:ClassII:TIR:PiggyBac	DNA/PiggyBac	17.700000762939453	0.9803345318117868	0.053806471783648585	False	2.8834245188037304
27108	1	1	rm2:rnd-5_family-579	rm2	True	1	1555	12	rm2:rnd-5_family-579	12	1189.0	len_inconsistent+weak_3p	1189-1189	repeat:TE:ClassII:Helitron	DNA/hAT-Ac	11.600000381469727	0.8035890628288356	0.02508458661831604	False	2.8827703088764607
14566	1	1	pantera:Unknown_467-fGobNig	pantera	True	1	30	8	pantera:Unknown_467-fGobNig	8	413.0	ok	413-413	repeat:TE:ClassI:LTR:Gypsy	Unknown	17.700000762939453	0.9777896233120114	0.036069651741293535	True	2.880879610303955
26519	1	1	rm2:rnd-4_family-2786	rm2	True	1	205	8	rm2:rnd-4_family-2786	8	698.0	weak_3p	698-698	repeat:TE:ClassII:TIR:Academ	DNA/Academ-1	12.5	0.9769760885454736	0.007961783439490446	False	2.880066075537417
26131	1	1	rm2:ltr-1_family-114	rm2	True	1	41	8	rm2:ltr-1_family-114	8	2774.0	len_inconsistent	2774-2774	repeat:TE:ClassI:LTR	LTR/ERV1	4.099999904632568	0.9652780741815699	0.10875410815655812	False	2.8683680611735136
27193	1	1	rm2:rnd-5_family-7878	rm2	True	1	158	17	rm2:rnd-5_family-7878	17	124.0	weak_3p	124-124	repeat:TE:ClassII:TIR:CACTA	Unknown	11.449999809265137	0.6347974252177205	0.000473305566073457	True	2.8652463465959945
26154	1	1	rm2:ltr-1_family-367	rm2	True	1	19	8	rm2:ltr-1_family-367	8	188.0	ok	188-188	repeat:TE:ClassI:LTR	LTR/Unknown	8.800000190734863	0.9589566551591868	0.0	True	2.8620466421511304
26452	1	1	rm2:rnd-4_family-1324	rm2	True	1	363	8	rm2:rnd-4_family-1324	8	436.0	ok	436-436	repeat:TE:ClassII	DNA	11.5	0.9491593870220408	0.027226933622393673	True	2.8522493740139843
27044	1	1	rm2:rnd-5_family-484	rm2	True	1	263	14	rm2:rnd-5_family-484	14	287.0	ok	287-287	repeat:TE:ClassII:TIR:CACTA	Unknown	14.199999809265137	0.693068318018378	0.0035290984152350512	True	2.8391963536966163
26342	1	1	rm2:rnd-2_family-825	rm2	True	1	1513	11	rm2:rnd-2_family-825	11	709.0	len_inconsistent+weak_3p	709-709	repeat:TE:ClassII:TIR:CACTA	Unknown	12.899999618530273	0.7920762243682647	0.008577393849818479	False	2.83346890952649
26161	1	1	rm2:ltr-1_family-406	rm2	True	1	9	7	rm2:ltr-1_family-406	7	184.0	ok	184-184	repeat:TE:ClassI:LTR	LTR/Unknown	5.199999809265137	0.9858657243816255	0.0	True	2.8309637643958823
27157	1	1	rm2:rnd-5_family-6945	rm2	True	1	176	7	rm2:rnd-5_family-6945	7	341.0	len_inconsistent	341-341	repeat:TE:ClassII:TIR:hAT	DNA/hAT-Ac	16.549999237060547	0.9843228560341483	0.0032984090027163367	False	2.829420896048405
26564	1	1	rm2:rnd-4_family-4016	rm2	True	1	239	7	rm2:rnd-4_family-4016	7	1121.0	ok	1121-1121	repeat:TE:ClassII:TIR:hAT	DNA/hAT-Ac	8.0	0.9832779375548935	0.05905247386639571	False	2.8283759775691504
14554	1	1	pantera:Unknown_121-fGobNig	pantera	True	1	265	7	pantera:Unknown_121-fGobNig	7	1220.0	ok	1220-1220	repeat:TE:ClassII	DNA	13.0	0.9802584715579525	0.04976086292866592	True	2.8253565115722097
26587	1	1	rm2:rnd-4_family-564	rm2	True	1	448	7	rm2:rnd-4_family-564	7	917.0	ok	917-917	repeat:TE:ClassII:TIR:hAT	DNA/hAT-hATm	13.300000190734863	0.9789328940028799	0.0006486177954778367	False	2.824030934017137
26434	1	1	rm2:rnd-4_family-1115	rm2	True	1	532	7	rm2:rnd-4_family-1115	7	393.0	len_inconsistent+weak_5p+weak_3p	393-393	repeat:TE:ClassII:TIR:hAT	DNA/hAT-Ac	14.850000381469727	0.9783167437730735	0.010156237830428213	False	2.8234147837873307
26992	1	1	rm2:rnd-5_family-3908	rm2	True	1	50	8	rm2:rnd-5_family-3908	8	430.0	len_inconsistent	430-430	repeat:TE:ClassI:LINE:L1	LINE/L1	4.949999809265137	0.9155204618780778	0.007386653082017321	False	2.818610448870021
26791	1	1	rm2:rnd-5_family-1821	rm2	True	1	166	8	rm2:rnd-5_family-1821	8	788.0	weak_5p	788-788	repeat:TE:ClassII:TIR:PIFHarbinger	DNA/PIF-ISL2EU	13.050000190734863	0.9065487847022232	2.8798525515493607e-05	False	2.809638771694167
26931	1	1	rm2:rnd-5_family-3083	rm2	True	1	518	8	rm2:rnd-5_family-3083	8	4917.0	len_inconsistent	4917-4917	repeat:TE:ClassI:LINE:Jockey	LINE/L2	21.700000762939453	0.9012101280372936	0.0580398480155816	False	2.8043001150292373
26272	1	1	rm2:rnd-1_family-413	rm2	True	1	61	7	rm2:rnd-1_family-413	7	336.0	len_inconsistent+weak_5p	336-336	repeat:TE:ClassI:LINE:RTE	LINE/Rex-Babar	12.300000190734863	0.9583175085453854	0.00047474363843524496	False	2.8034155485596424
26231	1	1	rm2:rnd-1_family-192	rm2	True	1	226	11	rm2:rnd-1_family-192	11	1331.0	len_inconsistent+weak_5p	1331-1331	repeat:TE:ClassI:LINE:Jockey	LINE/L2	19.950000762939453	0.757931674496839	0.027115596543123947	False	2.7993243596550643
26714	1	1	rm2:rnd-5_family-13303	rm2	True	1	279	7	rm2:rnd-5_family-13303	7	776.0	len_inconsistent	776-776	repeat:TE:ClassI:PLE	LINE/Penelope	12.300000190734863	0.9542212638911926	0.02575646281070066	False	2.7993193039054494
26692	1	1	rm2:rnd-5_family-12288	rm2	True	1	117	7	rm2:rnd-5_family-12288	7	372.0	len_inconsistent	372-372	repeat:TE:ClassI:LINE:RTE	LINE/Rex-Babar	11.800000190734863	0.945978232014866	0.004512874966817096	False	2.791076272029123
26152	1	1	rm2:ltr-1_family-319	rm2	True	1	9	6	rm2:ltr-1_family-319	6	1131.0	ok	1131-1131	repeat:TE:ClassI:LTR	LTR/Unknown	1.7000000476837158	1.0	0.0	True	2.778151250383644
26174	1	1	rm2:ltr-1_family-440	rm2	True	1	8	6	rm2:ltr-1_family-440	6	170.0	ok	170-170	repeat:TE:ClassI:LTR	LTR/Unknown	5.699999809265137	1.0	0.0	True	2.778151250383644
26550	1	1	rm2:rnd-4_family-359	rm2	True	1	317	8	rm2:rnd-4_family-359	8	452.0	len_inconsistent+weak_3p	452-452	repeat:TE:ClassI:LINE:Jockey	LINE/L2	19.100000381469727	0.8707160894660895	0.022005772005772004	False	2.7738060764580332
26208	1	1	rm2:ltr-1_family-549	rm2	True	1	9	6	rm2:ltr-1_family-549	6	108.0	ok	108-108	repeat:TE:ClassI:LTR	LTR/Unknown	6.5	0.9950124688279302	0.0	True	2.7731637192115737
26275	1	1	rm2:rnd-1_family-423	rm2	True	1	82	6	rm2:rnd-1_family-423	6	556.0	len_inconsistent+weak_5p+weak_3p	556-556	repeat:TE:ClassII:TIR:Tc1Mariner	DNA/TcMar-Tc1	9.5	0.9927035628347435	0.004036326942482341	False	2.7708548132183872
26821	1	1	rm2:rnd-5_family-2010	rm2	True	1	350	6	rm2:rnd-5_family-2010	6	628.0	ok	628-628	repeat:TE:ClassII:TIR:Tc1Mariner	DNA/TcMar-Tc1	11.399999618530273	0.9925417168212608	0.17932922655715264	False	2.7706929672049045
26462	1	1	rm2:rnd-4_family-1495	rm2	True	1	181	6	rm2:rnd-4_family-1495	6	676.0	len_inconsistent+weak_5p	676-676	repeat:TE:ClassI:LINE:L1	LINE/L1	13.399999618530273	0.990383921917446	0.005240762554991947	False	2.76853517230109
26130	1	1	rm2:ltr-1_family-113	rm2	True	1	17	6	rm2:ltr-1_family-113	6	421.0	ok	421-421	repeat:TE:ClassI:LTR	LTR/Unknown	8.5	0.9878289473684211	0.0	True	2.765980197752065
26143	1	1	rm2:ltr-1_family-257	rm2	True	1	12	6	rm2:ltr-1_family-257	6	210.0	ok	210-210	repeat:TE:ClassI:LTR	LTR/Unknown	8.050000190734863	0.983995257854179	0.0	True	2.7621465082378225
26392	1	1	rm2:rnd-3_family-503	rm2	True	1	611	6	rm2:rnd-3_family-503	6	808.0	len_inconsistent	808-808	repeat:TE:ClassII:TIR:hAT	DNA/hAT-Ac	13.5	0.9811043728056176	0.008408189321052391	False	2.759255623189261
26433	1	1	rm2:rnd-4_family-1109	rm2	True	1	734	13	rm2:rnd-4_family-1109	13	1295.0	len_inconsistent+weak_3p	1295-1295	repeat:TE:ClassII:TIR:PIFHarbinger	Unknown	15.25	0.6440482040743388	0.009052224803431022	True	2.757991556381176
27013	1	1	rm2:rnd-5_family-4347	rm2	True	1	304	8	rm2:rnd-5_family-4347	8	731.0	len_inconsistent+weak_5p	731-731	repeat:TE:ClassII:TIR:Tc1Mariner	DNA/TcMar-Tc1	11.100000381469727	0.8518581367724419	0.00505307615438279	False	2.7549481237643856
26667	1	1	rm2:rnd-5_family-1138	rm2	True	1	76	6	rm2:rnd-5_family-1138	6	2296.0	ok	2296-2296	repeat:TE:ClassII:Crypton	DNA/Crypton-H	7.850000381469727	0.9754340895015712	0.029795628139550886	False	2.753585339885215
27250	1	1	rm2:rnd-5_family-9922	rm2	True	1	972	6	rm2:rnd-5_family-9922	6	5338.0	len_inconsistent	5338-5338	repeat:TE:ClassI:LINE:Jockey	LINE/L2	9.899999618530273	0.9615095916214054	0.04393238774368525	False	2.739660842005049
27133	1	1	rm2:rnd-5_family-6335	rm2	True	1	175	10	rm2:rnd-5_family-6335	10	593.0	len_inconsistent	593-593	repeat:TE:ClassI:LINE:Jockey	LINE/L2	14.300000190734863	0.7360836394461713	0.004269881636369345	False	2.7360836394461714
26912	1	1	rm2:rnd-5_family-2794	rm2	True	1	299	8	rm2:rnd-5_family-2794	8	379.0	len_inconsistent+weak_3p	379-379	repeat:TE:ClassII:TIR:PIFHarbinger	Unknown	8.800000190734863	0.8321725005006787	0.03658292351854736	False	2.7352624874926224
26892	1	1	rm2:rnd-5_family-2528	rm2	True	1	46	6	rm2:rnd-5_family-2528	6	587.0	weak_5p	587-587	repeat:TE:ClassI:LINE:RTE	LINE/Rex-Babar	11.100000381469727	0.9547706224423864	0.0	False	2.7329218728260303
27106	1	1	rm2:rnd-5_family-5776	rm2	True	1	182	7	rm2:rnd-5_family-5776	7	120.0	ok	120-120	repeat:TE:ClassI:LINE:L1	LINE/L1-Tx1	10.899999618530273	0.8877560653261588	0.0003776078542433683	False	2.7328541053404156
14573	1	1	pantera:Unknown_66-fGobNig	pantera	True	1	342	12	pantera:Unknown_66-fGobNig	12	1485.0	len_inconsistent	1485-1485	repeat:TE:ClassII	DNA	14.600000381469727	0.6500122875668727	0.01386604661713832	True	2.729193533614498
27004	1	1	rm2:rnd-5_family-417	rm2	True	1	113	7	rm2:rnd-5_family-417	7	802.0	len_inconsistent+weak_5p	802-802	repeat:TE:ClassI:LINE:L1	LINE/L1	9.600000381469727	0.8820621043111245	0.0071450105517033465	False	2.7271601443253815
26659	1	1	rm2:rnd-5_family-11118	rm2	True	1	163	8	rm2:rnd-5_family-11118	8	1178.0	len_inconsistent	1178-1178	repeat:TE:ClassI:LINE:L1	LINE/L1	15.300000190734863	0.821960845406865	0.13584670509425145	False	2.7250508323988085
27245	1	1	rm2:rnd-5_family-977	rm2	True	1	136	7	rm2:rnd-5_family-977	7	3210.0	ok	3210-3210	repeat:TE:ClassII:TIR:hAT	DNA/hAT-Ac	15.5	0.8756709638941139	0.05748497499655916	False	2.7207690039083707
26742	1	1	rm2:rnd-5_family-14902	rm2	True	1	68	6	rm2:rnd-5_family-14902	6	637.0	len_inconsistent	637-637	repeat:TE:ClassI:LINE:L1	LINE/L1-Tx1	12.050000190734863	0.9408501328332552	0.01230661040787623	False	2.7190013832168987
27018	1	1	rm2:rnd-5_family-4415	rm2	True	1	89	6	rm2:rnd-5_family-4415	6	555.0	len_inconsistent	555-555	repeat:TE:ClassI:LINE:RTE	LINE/Rex-Babar	11.600000381469727	0.9374836789053116	0.010079908079594715	False	2.7156349292889552
26448	1	1	rm2:rnd-4_family-1296	rm2	True	1	119	6	rm2:rnd-4_family-1296	6	293.0	len_inconsistent+weak_3p	293-293	repeat:TE:ClassI:LINE:Jockey	LINE/L2	13.5	0.9363081329614834	0.005577749302781337	False	2.714459383345127
26302	1	1	rm2:rnd-1_family-494	rm2	True	1	231	9	rm2:rnd-1_family-494	9	241.0	len_inconsistent+weak_5p	241-241	repeat:TE:ClassII:TIR:Mutator	Unknown	7.599999904632568	0.7542613636363636	0.21027800324675325	False	2.7085038730756885
26172	1	1	rm2:ltr-1_family-432	rm2	True	1	11	5	rm2:ltr-1_family-432	5	199.0	ok	199-199	repeat:TE:ClassI:LTR:Copia	LTR/Copia	8.300000190734863	1.0	0.0	False	2.6989700043360187
26182	1	1	rm2:ltr-1_family-487	rm2	True	1	10	5	rm2:ltr-1_family-487	5	163.0	ok	163-163	repeat:TE:ClassI:LTR	LTR/Unknown	11.100000381469727	1.0	0.0	True	2.6989700043360187
26196	1	1	rm2:ltr-1_family-517	rm2	True	1	8	5	rm2:ltr-1_family-517	5	1068.0	ok	1068-1068	repeat:TE:ClassI:LTR:Gypsy	LTR/Gypsy	0.25	1.0	0.0	False	2.6989700043360187
27127	1	1	rm2:rnd-5_family-626	rm2	True	1	336	5	rm2:rnd-5_family-626	5	166.0	weak_5p	166-166	repeat:TE:ClassII:TIR:Tc1Mariner	DNA/TcMar-Tc1	17.899999618530273	0.9994643198775588	0.0	False	2.6984343242135775
26173	1	1	rm2:ltr-1_family-438	rm2	True	1	62	5	rm2:ltr-1_family-438	5	814.0	len_inconsistent	814-814	repeat:TE:ClassI:LTR	LTR/Unknown	18.700000762939453	0.9979382961490317	7.363228039172373e-05	True	2.6969083004850507
27185	1	1	rm2:rnd-5_family-7615	rm2	True	1	52	5	rm2:rnd-5_family-7615	5	372.0	weak_5p	372-372	repeat:TE:ClassI:LINE:RTE	LINE/Rex-Babar	15.100000381469727	0.9972141472868217	0.0	False	2.69618415162284
26361	1	1	rm2:rnd-3_family-224	rm2	True	1	524	12	rm2:rnd-3_family-224	12	586.0	weak_5p	586-586	repeat:TE:ClassII:TIR:CACTA	Unknown	14.5	0.6140578731362668	0.0028399743709629937	True	2.693239119183892
27101	1	1	rm2:rnd-5_family-5746	rm2	True	1	55	5	rm2:rnd-5_family-5746	5	1734.0	ok	1734-1734	repeat:TE:ClassI:LINE:L1	LINE/L1	14.5	0.9878031761980518	0.007842808897820202	False	2.6867731805340704
26930	1	1	rm2:rnd-5_family-3003	rm2	True	1	194	5	rm2:rnd-5_family-3003	5	331.0	len_inconsistent+weak_3p	331-331	repeat:TE:ClassII:TIR:hAT	DNA/hAT-Ac	14.0	0.9845079642155793	0.0044075932795112375	False	2.683477968551598
26178	1	1	rm2:ltr-1_family-454	rm2	True	1	53	11	rm2:ltr-1_family-454	11	101.0	ok	101-101	repeat:TE:ClassI:LTR	LTR/Unknown	14.100000381469727	0.6233135456017269	0.002698327037236913	True	2.6647062307599523
27082	1	1	rm2:rnd-5_family-54	rm2	True	1	268	5	rm2:rnd-5_family-54	5	997.0	len_inconsistent	997-997	repeat:TE:ClassII:TIR:hAT	DNA/hAT-hAT5	11.850000381469727	0.9625609043071526	0.06224907425453128	False	2.6615309086431713
14551	1	1	pantera:Unknown_109-fGobNig	pantera	True	1	397	9	pantera:Unknown_109-fGobNig	9	1274.0	len_inconsistent	1274-1274	repeat:TE:ClassII	DNA	10.100000381469727	0.7041787278260224	0.00500259778816893	True	2.658421237265347
14560	1	1	pantera:Unknown_30-fGobNig	pantera	True	1	55	5	pantera:Unknown_30-fGobNig	5	2658.0	ok	2658-2658	repeat:TE:ClassII	DNA	10.600000381469727	0.9540251222077841	0.09835406224862323	True	2.6529951265438028
26946	1	1	rm2:rnd-5_family-326	rm2	True	1	82	5	rm2:rnd-5_family-326	5	1521.0	ok	1521-1521	repeat:TE:ClassI:LTR:Gypsy	LTR/Gypsy	5.800000190734863	0.9463125601539942	0.10472810394610202	False	2.645282564490013
26211	1	1	rm2:ltr-1_family-89	rm2	True	1	35	9	rm2:ltr-1_family-89	9	435.0	len_inconsistent	435-435	repeat:TE:ClassI:LTR	LTR/Unknown	19.5	0.6871284988652329	0.0380417162001513	True	2.6413710083045574
26574	1	1	rm2:rnd-4_family-468	rm2	True	1	1986	5	rm2:rnd-4_family-468	5	1251.0	len_inconsistent+weak_3p	1251-1251	repeat:TE:ClassII:TIR:CACTA	Unknown	8.300000190734863	0.9254018137739068	0.012516835772649726	False	2.6243718181099256
26986	1	1	rm2:rnd-5_family-378	rm2	True	1	428	5	rm2:rnd-5_family-378	5	613.0	ok	613-613	repeat:TE:ClassII:TIR:Mutator	DNA/MULE-MuDR	10.399999618530273	0.9252065446298396	0.0014903612506074841	False	2.6241765489658584
27052	1	1	rm2:rnd-5_family-4983	rm2	True	1	69	6	rm2:rnd-5_family-4983	6	603.0	len_inconsistent+weak_5p	603-603	repeat:TE:ClassI:LINE:Jockey	LINE/L2	19.700000762939453	0.8425738318904648	0.01915638239086388	False	2.6207250822741086
27121	1	1	rm2:rnd-5_family-614	rm2	True	1	170	5	rm2:rnd-5_family-614	5	1197.0	len_inconsistent	1197-1197	repeat:TE:ClassI:LINE:Jockey	LINE/L2	7.75	0.9190886289091962	0.03383438864820304	False	2.618058633245215
26407	1	1	rm2:rnd-3_family-729	rm2	True	1	214	6	rm2:rnd-3_family-729	6	409.0	weak_3p	409-409	repeat:TE:ClassII:TIR:CACTA	Unknown	13.899999618530273	0.839687599617469	0.005610455849537775	True	2.6178388500011125
27080	1	1	rm2:rnd-5_family-5388	rm2	True	1	368	6	rm2:rnd-5_family-5388	6	4726.0	len_inconsistent	4726-4726	repeat:TE:ClassII:TIR:CACTA	DNA/CMC-EnSpm	14.300000190734863	0.837010746005005	0.10847413271397963	False	2.6151619963886485
27048	1	1	rm2:rnd-5_family-4878	rm2	True	1	375	8	rm2:rnd-5_family-4878	8	1811.0	ok	1811-1811	repeat:TE:ClassI:LINE:Jockey	DNA/Maverick	16.200000762939453	0.6986908421364707	0.08706914038728604	False	2.601780829128414
26282	1	1	rm2:rnd-1_family-444	rm2	True	1	17	5	rm2:rnd-1_family-444	5	444.0	ok	444-444	repeat:TE:ClassII:TIR:Mutator	Unknown	10.0	0.885593220338983	0.0011299435028248588	True	2.584563224675002
27022	1	1	rm2:rnd-5_family-4448	rm2	True	1	147	8	rm2:rnd-5_family-4448	8	467.0	len_inconsistent	467-467	repeat:TE:ClassII:TIR:PIFHarbinger	DNA/PIF-Harbinger	12.199999809265137	0.6787382614977125	0.013773176017336864	False	2.581828248489656
26775	1	1	rm2:rnd-5_family-171	rm2	True	1	208	5	rm2:rnd-5_family-171	5	697.0	len_inconsistent	697-697	repeat:TE:ClassI:LINE:RTE	LINE/Rex-Babar	23.899999618530273	0.875643167390578	0.0020046775810223854	False	2.5746131717265968
27087	1	1	rm2:rnd-5_family-55	rm2	True	1	338	7	rm2:rnd-5_family-55	7	431.0	len_inconsistent	431-431	repeat:TE:ClassI:LINE:Jockey	LINE/L2	13.25	0.7270880197373195	0.03903925694797185	False	2.5721860597515764
26905	1	1	rm2:rnd-5_family-272	rm2	True	1	332	9	rm2:rnd-5_family-272	9	777.0	len_inconsistent	777-777	repeat:TE:ClassII:TIR:CACTA	Unknown	13.399999618530273	0.6153692522775807	0.003149436942127176	False	2.5696117617169056
26464	1	1	rm2:rnd-4_family-1587	rm2	True	1	477	5	rm2:rnd-4_family-1587	5	7542.0	len_inconsistent	7542-7542	repeat:TE:ClassII:Helitron	RC/Helitron	19.600000381469727	0.8590373422049081	0.07329966271927557	False	2.558007346540927
26783	1	1	rm2:rnd-5_family-1766	rm2	True	1	85	6	rm2:rnd-5_family-1766	6	1682.0	ok	1682-1682	repeat:TE:ClassI:LINE:L1	LINE/L1	22.0	0.7742453613957353	0.00432013292716699	False	2.552396611779379
26750	1	1	rm2:rnd-5_family-1542	rm2	True	1	148	6	rm2:rnd-5_family-1542	6	656.0	len_inconsistent	656-656	repeat:TE:ClassI:LINE:Jockey	LINE/L2	13.5	0.7568632131773693	0.0939762871011379	False	2.535014463561013
26955	1	1	rm2:rnd-5_family-337	rm2	True	1	712	5	rm2:rnd-5_family-337	5	1359.0	ok	1359-1359	repeat:TE:ClassI:LINE:RTE	LINE/Rex-Babar	17.399999618530273	0.8212991116353052	0.013417444842399125	False	2.520269115971324
26947	1	1	rm2:rnd-5_family-3269	rm2	True	1	333	5	rm2:rnd-5_family-3269	5	709.0	ok	709-709	repeat:TE:ClassII:TIR:CACTA	Unknown	10.699999809265137	0.8207739009582328	0.004579035915441445	True	2.5197439052942516
26273	1	1	rm2:rnd-1_family-414	rm2	True	1	1504	5	rm2:rnd-1_family-414	5	894.0	len_inconsistent	894-894	repeat:TE:ClassII:TIR:Tc1Mariner	DNA/TcMar-Tc1	16.700000762939453	0.813515460883508	0.029374156425374724	False	2.5124854652195268
26848	1	1	rm2:rnd-5_family-2184	rm2	True	1	72	5	rm2:rnd-5_family-2184	5	321.0	len_inconsistent+weak_5p	321-321	repeat:TE:ClassI:LINE:Jockey	LINE/L2	23.799999237060547	0.7972655933985924	0.00024269881077582719	False	2.496235597734611
26671	1	1	rm2:rnd-5_family-1147	rm2	True	1	817	7	rm2:rnd-5_family-1147	7	2499.0	ok	2499-2499	repeat:TE:ClassII	DNA/PIF-ISL2EU	15.600000381469727	0.6243258939683066	0.025089189413424043	False	2.4694239339825637
26825	1	1	rm2:rnd-5_family-2019	rm2	True	1	110	5	rm2:rnd-5_family-2019	5	567.0	ok	567-567	repeat:TE:ClassI:LINE:Jockey	LINE/L2	11.100000381469727	0.7668264961818505	0.02527674184573492	False	2.465796500517869
26785	1	1	rm2:rnd-5_family-179	rm2	True	1	2792	6	rm2:rnd-5_family-179	6	3570.0	len_inconsistent	3570-3570	repeat:TE:ClassI:LINE:RTE	LINE/Rex-Babar	16.799999237060547	0.681313184553153	0.13187446904822436	False	2.4594644349367965
14579	1	1	pantera:hAT_23-fGobNig	pantera	True	1	228	6	pantera:hAT_23-fGobNig	6	1489.0	len_inconsistent	1489-1489	repeat:TE:ClassII	DNA	11.0	0.6494150491890455	0.04980058495081095	True	2.427566299572689
26419	1	1	rm2:rnd-4_family-1000	rm2	True	1	144	6	rm2:rnd-4_family-1000	6	412.0	len_inconsistent+weak_3p	412-412	repeat:TE:ClassII:TIR:CACTA	Unknown	14.800000190734863	0.6308299745002879	0.00168627128403389	True	2.4089812248839317
26625	1	1	rm2:rnd-4_family-892	rm2	True	1	182	5	rm2:rnd-4_family-892	5	377.0	len_inconsistent+weak_3p	377-377	repeat:TE:ClassII:TIR:CACTA	Unknown	12.949999809265137	0.6926811899135726	0.006635807464474152	True	2.3916511942495915
27104	1	1	rm2:rnd-5_family-5762	rm2	True	1	147	5	rm2:rnd-5_family-5762	5	484.0	len_inconsistent+weak_3p	484-484	repeat:TE:ClassI:LINE:Jockey	LINE/L2	14.300000190734863	0.6319523581957872	0.0015071867073484543	False	2.330922362531806
